gs://bugoff-bucket1/hinton/Insecta/GenusSpecies/Cacoxenus/indagator/Cacoxenus-indagator-4765841.jpg,indagator
gs://bugoff-bucket1/hinton/Insecta/GenusSpecies/Chymomyza/amoena/Chymomyza-amoena-2244345.jpg,amoena
gs://bugoff-bucket1/hinton/Insecta/GenusSpecies/Chymomyza/amoena/Chymomyza-amoena-2486047.jpg,amoena
gs://bugoff-bucket1/hinton/Insecta/GenusSpecies/Chymomyza/amoena/Chymomyza-amoena-2590240.jpg,amoena
gs://bugoff-bucket1/hinton/Insecta/GenusSpecies/Chymomyza/amoena/Chymomyza-amoena-2691535.jpg,amoena
gs://bugoff-bucket1/hinton/Insecta/GenusSpecies/Chymomyza/amoena/Chymomyza-amoena-2749970.jpg,amoena
gs://bugoff-bucket1/hinton/Insecta/GenusSpecies/Chymomyza/amoena/Chymomyza-amoena-2814470.jpg,amoena
gs://bugoff-bucket1/hinton/Insecta/GenusSpecies/Chymomyza/amoena/Chymomyza-amoena-2862630.jpg,amoena
gs://bugoff-bucket1/hinton/Insecta/GenusSpecies/Chymomyza/amoena/Chymomyza-amoena-2957976.jpg,amoena
gs://bugoff-bucket1/hinton/Insecta/GenusSpecies/Chymomyza/amoena/Chymomyza-amoena-2968569.jpg,amoena
gs://bugoff-bucket1/hinton/Insecta/GenusSpecies/Chymomyza/amoena/Chymomyza-amoena-3008333.jpg,amoena
gs://bugoff-bucket1/hinton/Insecta/GenusSpecies/Chymomyza/amoena/Chymomyza-amoena-3611882.jpg,amoena
gs://bugoff-bucket1/hinton/Insecta/GenusSpecies/Chymomyza/amoena/Chymomyza-amoena-4344655.jpg,amoena
gs://bugoff-bucket1/hinton/Insecta/GenusSpecies/Chymomyza/amoena/Chymomyza-amoena-4384679.jpg,amoena
gs://bugoff-bucket1/hinton/Insecta/GenusSpecies/Chymomyza/amoena/Chymomyza-amoena-4646806.jpg,amoena
gs://bugoff-bucket1/hinton/Insecta/GenusSpecies/Chymomyza/amoena/Chymomyza-amoena-4708230.jpg,amoena
gs://bugoff-bucket1/hinton/Insecta/GenusSpecies/Chymomyza/amoena/Chymomyza-amoena-5448147.jpg,amoena
gs://bugoff-bucket1/hinton/Insecta/GenusSpecies/Chymomyza/amoena/Chymomyza-amoena-5856428.jpg,amoena
gs://bugoff-bucket1/hinton/Insecta/GenusSpecies/Chymomyza/amoena/Chymomyza-amoena-6430386.jpg,amoena
gs://bugoff-bucket1/hinton/Insecta/GenusSpecies/Chymomyza/amoena/Chymomyza-amoena-6828172.jpg,amoena
gs://bugoff-bucket1/hinton/Insecta/GenusSpecies/Chymomyza/amoena/Chymomyza-amoena-6834445.jpg,amoena
gs://bugoff-bucket1/hinton/Insecta/GenusSpecies/Chymomyza/amoena/Chymomyza-amoena-7274892.jpg,amoena
gs://bugoff-bucket1/hinton/Insecta/GenusSpecies/Chymomyza/amoena/Chymomyza-amoena-7610392.jpg,amoena
gs://bugoff-bucket1/hinton/Insecta/GenusSpecies/Chymomyza/amoena/Chymomyza-amoena-7717168.jpg,amoena
gs://bugoff-bucket1/hinton/Insecta/GenusSpecies/Chymomyza/amoena/Chymomyza-amoena-7962491.jpg,amoena
gs://bugoff-bucket1/hinton/Insecta/GenusSpecies/Chymomyza/procnemoides/Chymomyza-procnemoides-4259211.jpg,procnemoides
gs://bugoff-bucket1/hinton/Insecta/GenusSpecies/Drosophila/busckii/Drosophila-busckii-7558918.jpg,busckii
gs://bugoff-bucket1/hinton/Insecta/GenusSpecies/Drosophila/draco/Drosophila-draco-5189626.jpg,draco
gs://bugoff-bucket1/hinton/Insecta/GenusSpecies/Drosophila/hydei/Drosophila-hydei-339331.jpg,hydei
gs://bugoff-bucket1/hinton/Insecta/GenusSpecies/Drosophila/immigrans/Drosophila-immigrans-1151635.jpg,immigrans
gs://bugoff-bucket1/hinton/Insecta/GenusSpecies/Drosophila/immigrans/Drosophila-immigrans-2000196.jpg,immigrans
gs://bugoff-bucket1/hinton/Insecta/GenusSpecies/Drosophila/immigrans/Drosophila-immigrans-4097967.jpg,immigrans
gs://bugoff-bucket1/hinton/Insecta/GenusSpecies/Drosophila/melanogaster/Drosophila-melanogaster-1125125.jpg,melanogaster
gs://bugoff-bucket1/hinton/Insecta/GenusSpecies/Drosophila/melanogaster/Drosophila-melanogaster-1152434.jpg,melanogaster
gs://bugoff-bucket1/hinton/Insecta/GenusSpecies/Drosophila/melanogaster/Drosophila-melanogaster-1169954.jpg,melanogaster
gs://bugoff-bucket1/hinton/Insecta/GenusSpecies/Drosophila/melanogaster/Drosophila-melanogaster-1238161.jpg,melanogaster
gs://bugoff-bucket1/hinton/Insecta/GenusSpecies/Drosophila/melanogaster/Drosophila-melanogaster-1360558.jpg,melanogaster
gs://bugoff-bucket1/hinton/Insecta/GenusSpecies/Drosophila/melanogaster/Drosophila-melanogaster-1384274.jpg,melanogaster
gs://bugoff-bucket1/hinton/Insecta/GenusSpecies/Drosophila/melanogaster/Drosophila-melanogaster-1533775.jpg,melanogaster
gs://bugoff-bucket1/hinton/Insecta/GenusSpecies/Drosophila/melanogaster/Drosophila-melanogaster-1678939.jpg,melanogaster
gs://bugoff-bucket1/hinton/Insecta/GenusSpecies/Drosophila/melanogaster/Drosophila-melanogaster-1790783.jpg,melanogaster
gs://bugoff-bucket1/hinton/Insecta/GenusSpecies/Drosophila/melanogaster/Drosophila-melanogaster-2099309.jpg,melanogaster
gs://bugoff-bucket1/hinton/Insecta/GenusSpecies/Drosophila/melanogaster/Drosophila-melanogaster-2104562.jpg,melanogaster
gs://bugoff-bucket1/hinton/Insecta/GenusSpecies/Drosophila/melanogaster/Drosophila-melanogaster-2219527.jpg,melanogaster
gs://bugoff-bucket1/hinton/Insecta/GenusSpecies/Drosophila/melanogaster/Drosophila-melanogaster-2219922.jpg,melanogaster
gs://bugoff-bucket1/hinton/Insecta/GenusSpecies/Drosophila/melanogaster/Drosophila-melanogaster-2247151.jpg,melanogaster
gs://bugoff-bucket1/hinton/Insecta/GenusSpecies/Drosophila/melanogaster/Drosophila-melanogaster-2279250.jpg,melanogaster
gs://bugoff-bucket1/hinton/Insecta/GenusSpecies/Drosophila/melanogaster/Drosophila-melanogaster-2546507.jpg,melanogaster
gs://bugoff-bucket1/hinton/Insecta/GenusSpecies/Drosophila/melanogaster/Drosophila-melanogaster-2565137.jpg,melanogaster
gs://bugoff-bucket1/hinton/Insecta/GenusSpecies/Drosophila/melanogaster/Drosophila-melanogaster-2666451.jpg,melanogaster
gs://bugoff-bucket1/hinton/Insecta/GenusSpecies/Drosophila/melanogaster/Drosophila-melanogaster-2667674.jpg,melanogaster
gs://bugoff-bucket1/hinton/Insecta/GenusSpecies/Drosophila/melanogaster/Drosophila-melanogaster-2749517.jpg,melanogaster
gs://bugoff-bucket1/hinton/Insecta/GenusSpecies/Drosophila/melanogaster/Drosophila-melanogaster-2793995.jpg,melanogaster
gs://bugoff-bucket1/hinton/Insecta/GenusSpecies/Drosophila/melanogaster/Drosophila-melanogaster-2807220.jpg,melanogaster
gs://bugoff-bucket1/hinton/Insecta/GenusSpecies/Drosophila/melanogaster/Drosophila-melanogaster-283839.jpg,melanogaster
gs://bugoff-bucket1/hinton/Insecta/GenusSpecies/Drosophila/melanogaster/Drosophila-melanogaster-285811.jpg,melanogaster
gs://bugoff-bucket1/hinton/Insecta/GenusSpecies/Drosophila/melanogaster/Drosophila-melanogaster-3225419.jpg,melanogaster
gs://bugoff-bucket1/hinton/Insecta/GenusSpecies/Drosophila/melanogaster/Drosophila-melanogaster-3294287.jpg,melanogaster
gs://bugoff-bucket1/hinton/Insecta/GenusSpecies/Drosophila/melanogaster/Drosophila-melanogaster-3411724.jpg,melanogaster
gs://bugoff-bucket1/hinton/Insecta/GenusSpecies/Drosophila/melanogaster/Drosophila-melanogaster-3439917.jpg,melanogaster
gs://bugoff-bucket1/hinton/Insecta/GenusSpecies/Drosophila/melanogaster/Drosophila-melanogaster-3440961.jpg,melanogaster
gs://bugoff-bucket1/hinton/Insecta/GenusSpecies/Drosophila/melanogaster/Drosophila-melanogaster-3624724.jpg,melanogaster
gs://bugoff-bucket1/hinton/Insecta/GenusSpecies/Drosophila/melanogaster/Drosophila-melanogaster-3694678.jpg,melanogaster
gs://bugoff-bucket1/hinton/Insecta/GenusSpecies/Drosophila/melanogaster/Drosophila-melanogaster-4263504.jpg,melanogaster
gs://bugoff-bucket1/hinton/Insecta/GenusSpecies/Drosophila/melanogaster/Drosophila-melanogaster-4336023.jpg,melanogaster
gs://bugoff-bucket1/hinton/Insecta/GenusSpecies/Drosophila/melanogaster/Drosophila-melanogaster-4383566.jpg,melanogaster
gs://bugoff-bucket1/hinton/Insecta/GenusSpecies/Drosophila/melanogaster/Drosophila-melanogaster-4579167.jpg,melanogaster
gs://bugoff-bucket1/hinton/Insecta/GenusSpecies/Drosophila/melanogaster/Drosophila-melanogaster-4651927.jpg,melanogaster
gs://bugoff-bucket1/hinton/Insecta/GenusSpecies/Drosophila/melanogaster/Drosophila-melanogaster-4664177.jpg,melanogaster
gs://bugoff-bucket1/hinton/Insecta/GenusSpecies/Drosophila/melanogaster/Drosophila-melanogaster-4665474.jpg,melanogaster
gs://bugoff-bucket1/hinton/Insecta/GenusSpecies/Drosophila/melanogaster/Drosophila-melanogaster-4823475.jpg,melanogaster
gs://bugoff-bucket1/hinton/Insecta/GenusSpecies/Drosophila/melanogaster/Drosophila-melanogaster-4949369.jpg,melanogaster
gs://bugoff-bucket1/hinton/Insecta/GenusSpecies/Drosophila/melanogaster/Drosophila-melanogaster-5038179.jpg,melanogaster
gs://bugoff-bucket1/hinton/Insecta/GenusSpecies/Drosophila/melanogaster/Drosophila-melanogaster-5180569.jpg,melanogaster
gs://bugoff-bucket1/hinton/Insecta/GenusSpecies/Drosophila/melanogaster/Drosophila-melanogaster-5186965.jpg,melanogaster
gs://bugoff-bucket1/hinton/Insecta/GenusSpecies/Drosophila/melanogaster/Drosophila-melanogaster-5186979.jpg,melanogaster
gs://bugoff-bucket1/hinton/Insecta/GenusSpecies/Drosophila/melanogaster/Drosophila-melanogaster-5203077.jpg,melanogaster
gs://bugoff-bucket1/hinton/Insecta/GenusSpecies/Drosophila/melanogaster/Drosophila-melanogaster-5203109.jpg,melanogaster
gs://bugoff-bucket1/hinton/Insecta/GenusSpecies/Drosophila/melanogaster/Drosophila-melanogaster-5277900.jpg,melanogaster
gs://bugoff-bucket1/hinton/Insecta/GenusSpecies/Drosophila/melanogaster/Drosophila-melanogaster-5306423.jpg,melanogaster
gs://bugoff-bucket1/hinton/Insecta/GenusSpecies/Drosophila/melanogaster/Drosophila-melanogaster-5349241.jpg,melanogaster
gs://bugoff-bucket1/hinton/Insecta/GenusSpecies/Drosophila/melanogaster/Drosophila-melanogaster-5368406.jpg,melanogaster
gs://bugoff-bucket1/hinton/Insecta/GenusSpecies/Drosophila/melanogaster/Drosophila-melanogaster-5371202.jpg,melanogaster
gs://bugoff-bucket1/hinton/Insecta/GenusSpecies/Drosophila/melanogaster/Drosophila-melanogaster-5479200.jpg,melanogaster
gs://bugoff-bucket1/hinton/Insecta/GenusSpecies/Drosophila/melanogaster/Drosophila-melanogaster-5568050.jpg,melanogaster
gs://bugoff-bucket1/hinton/Insecta/GenusSpecies/Drosophila/melanogaster/Drosophila-melanogaster-562566.jpg,melanogaster
gs://bugoff-bucket1/hinton/Insecta/GenusSpecies/Drosophila/melanogaster/Drosophila-melanogaster-5871410.jpg,melanogaster
gs://bugoff-bucket1/hinton/Insecta/GenusSpecies/Drosophila/melanogaster/Drosophila-melanogaster-5923563.jpg,melanogaster
gs://bugoff-bucket1/hinton/Insecta/GenusSpecies/Drosophila/melanogaster/Drosophila-melanogaster-6017672.jpg,melanogaster
gs://bugoff-bucket1/hinton/Insecta/GenusSpecies/Drosophila/melanogaster/Drosophila-melanogaster-6326676.jpg,melanogaster
gs://bugoff-bucket1/hinton/Insecta/GenusSpecies/Drosophila/melanogaster/Drosophila-melanogaster-6529742.jpg,melanogaster
gs://bugoff-bucket1/hinton/Insecta/GenusSpecies/Drosophila/melanogaster/Drosophila-melanogaster-6552539.jpg,melanogaster
gs://bugoff-bucket1/hinton/Insecta/GenusSpecies/Drosophila/melanogaster/Drosophila-melanogaster-6616325.jpg,melanogaster
gs://bugoff-bucket1/hinton/Insecta/GenusSpecies/Drosophila/melanogaster/Drosophila-melanogaster-6879419.jpg,melanogaster
gs://bugoff-bucket1/hinton/Insecta/GenusSpecies/Drosophila/melanogaster/Drosophila-melanogaster-7040697.jpg,melanogaster
gs://bugoff-bucket1/hinton/Insecta/GenusSpecies/Drosophila/melanogaster/Drosophila-melanogaster-7098102.jpg,melanogaster
gs://bugoff-bucket1/hinton/Insecta/GenusSpecies/Drosophila/melanogaster/Drosophila-melanogaster-7201120.jpg,melanogaster
gs://bugoff-bucket1/hinton/Insecta/GenusSpecies/Drosophila/melanogaster/Drosophila-melanogaster-7308025.jpg,melanogaster
gs://bugoff-bucket1/hinton/Insecta/GenusSpecies/Drosophila/melanogaster/Drosophila-melanogaster-741298.jpg,melanogaster
gs://bugoff-bucket1/hinton/Insecta/GenusSpecies/Drosophila/melanogaster/Drosophila-melanogaster-7553970.jpg,melanogaster
gs://bugoff-bucket1/hinton/Insecta/GenusSpecies/Drosophila/melanogaster/Drosophila-melanogaster-7623964.jpg,melanogaster
gs://bugoff-bucket1/hinton/Insecta/GenusSpecies/Drosophila/melanogaster/Drosophila-melanogaster-7965733.jpg,melanogaster
gs://bugoff-bucket1/hinton/Insecta/GenusSpecies/Drosophila/melanogaster/Drosophila-melanogaster-7998347.jpg,melanogaster
gs://bugoff-bucket1/hinton/Insecta/GenusSpecies/Drosophila/neozelandica/Drosophila-neozelandica-6247467.jpg,neozelandica
gs://bugoff-bucket1/hinton/Insecta/GenusSpecies/Drosophila/repleta/Drosophila-repleta-5479223.jpg,repleta
gs://bugoff-bucket1/hinton/Insecta/GenusSpecies/Drosophila/repleta/Drosophila-repleta-7466046.jpg,repleta
gs://bugoff-bucket1/hinton/Insecta/GenusSpecies/Drosophila/suzukii/Drosophila-suzukii-2448345.jpg,suzukii
gs://bugoff-bucket1/hinton/Insecta/GenusSpecies/Drosophila/suzukii/Drosophila-suzukii-2715996.jpg,suzukii
gs://bugoff-bucket1/hinton/Insecta/GenusSpecies/Drosophila/suzukii/Drosophila-suzukii-2972580.jpg,suzukii
gs://bugoff-bucket1/hinton/Insecta/GenusSpecies/Drosophila/suzukii/Drosophila-suzukii-4700905.jpg,suzukii
gs://bugoff-bucket1/hinton/Insecta/GenusSpecies/Drosophila/suzukii/Drosophila-suzukii-4788789.jpg,suzukii
gs://bugoff-bucket1/hinton/Insecta/GenusSpecies/Drosophila/suzukii/Drosophila-suzukii-5049061.jpg,suzukii
gs://bugoff-bucket1/hinton/Insecta/GenusSpecies/Drosophila/suzukii/Drosophila-suzukii-527440.jpg,suzukii
gs://bugoff-bucket1/hinton/Insecta/GenusSpecies/Drosophila/suzukii/Drosophila-suzukii-5393340.jpg,suzukii
gs://bugoff-bucket1/hinton/Insecta/GenusSpecies/Drosophila/suzukii/Drosophila-suzukii-5429100.jpg,suzukii
gs://bugoff-bucket1/hinton/Insecta/GenusSpecies/Drosophila/suzukii/Drosophila-suzukii-6078249.jpg,suzukii
gs://bugoff-bucket1/hinton/Insecta/GenusSpecies/Drosophila/suzukii/Drosophila-suzukii-6702059.jpg,suzukii
gs://bugoff-bucket1/hinton/Insecta/GenusSpecies/Drosophila/suzukii/Drosophila-suzukii-7114784.jpg,suzukii
gs://bugoff-bucket1/hinton/Insecta/GenusSpecies/Drosophila/suzukii/Drosophila-suzukii-7120854.jpg,suzukii
gs://bugoff-bucket1/hinton/Insecta/GenusSpecies/Drosophila/suzukii/Drosophila-suzukii-7225865.jpg,suzukii
gs://bugoff-bucket1/hinton/Insecta/GenusSpecies/Leucophenga/varia/Leucophenga-varia-2677525.jpg,varia
gs://bugoff-bucket1/hinton/Insecta/GenusSpecies/Leucophenga/varia/Leucophenga-varia-4733516.jpg,varia
gs://bugoff-bucket1/hinton/Insecta/GenusSpecies/Leucophenga/varia/Leucophenga-varia-5199149.jpg,varia
gs://bugoff-bucket1/hinton/Insecta/GenusSpecies/Leucophenga/varia/Leucophenga-varia-7315693.jpg,varia
gs://bugoff-bucket1/hinton/Insecta/GenusSpecies/Mycodrosophila/claytonae/Mycodrosophila-claytonae-4637521.jpg,claytonae
gs://bugoff-bucket1/hinton/Insecta/GenusSpecies/Mycodrosophila/claytonae/Mycodrosophila-claytonae-4768929.jpg,claytonae
gs://bugoff-bucket1/hinton/Insecta/GenusSpecies/Mycodrosophila/claytonae/Mycodrosophila-claytonae-4768932.jpg,claytonae
gs://bugoff-bucket1/hinton/Insecta/GenusSpecies/Mycodrosophila/claytonae/Mycodrosophila-claytonae-4834153.jpg,claytonae
gs://bugoff-bucket1/hinton/Insecta/GenusSpecies/Mycodrosophila/claytonae/Mycodrosophila-claytonae-6058109.jpg,claytonae
gs://bugoff-bucket1/hinton/Insecta/GenusSpecies/Mycodrosophila/dimidiata/Mycodrosophila-dimidiata-2936712.jpg,dimidiata
gs://bugoff-bucket1/hinton/Insecta/GenusSpecies/Mycodrosophila/dimidiata/Mycodrosophila-dimidiata-4834152.jpg,dimidiata
gs://bugoff-bucket1/hinton/Insecta/GenusSpecies/Mycodrosophila/stalkeri/Mycodrosophila-stalkeri-5171489.jpg,stalkeri
gs://bugoff-bucket1/hinton/Insecta/GenusSpecies/Phortica/picta/Phortica-picta-4883780.jpg,picta
gs://bugoff-bucket1/hinton/Insecta/GenusSpecies/Scaptodrosophila/cf/Scaptodrosophila-cf-1514746.jpg,cf
gs://bugoff-bucket1/hinton/Insecta/GenusSpecies/Scaptodrosophila/cf/Scaptodrosophila-cf-1514938.jpg,cf
gs://bugoff-bucket1/hinton/Insecta/GenusSpecies/Scaptodrosophila/kirki/Scaptodrosophila-kirki-5991003.jpg,kirki
gs://bugoff-bucket1/hinton/Insecta/GenusSpecies/Scaptomyza/adusta/Scaptomyza-adusta-3672387.jpg,adusta
gs://bugoff-bucket1/hinton/Insecta/GenusSpecies/Scaptomyza/adusta/Scaptomyza-adusta-6857016.jpg,adusta
gs://bugoff-bucket1/hinton/Insecta/GenusSpecies/Scaptomyza/elmoi/Scaptomyza-elmoi-5548741.jpg,elmoi
gs://bugoff-bucket1/hinton/Insecta/GenusSpecies/Scaptomyza/elmoi/Scaptomyza-elmoi-5662446.jpg,elmoi
gs://bugoff-bucket1/hinton/Insecta/GenusSpecies/Scaptomyza/elmoi/Scaptomyza-elmoi-5791429.jpg,elmoi
gs://bugoff-bucket1/hinton/Insecta/GenusSpecies/Scaptomyza/flava/Scaptomyza-flava-1251111.jpg,flava
gs://bugoff-bucket1/hinton/Insecta/GenusSpecies/Scaptomyza/flava/Scaptomyza-flava-1464970.jpg,flava
gs://bugoff-bucket1/hinton/Insecta/GenusSpecies/Scaptomyza/flava/Scaptomyza-flava-2509662.jpg,flava
gs://bugoff-bucket1/hinton/Insecta/GenusSpecies/Scaptomyza/flava/Scaptomyza-flava-5698492.jpg,flava
gs://bugoff-bucket1/hinton/Insecta/GenusSpecies/Scaptomyza/flava/Scaptomyza-flava-6001538.jpg,flava
gs://bugoff-bucket1/hinton/Insecta/GenusSpecies/Scaptomyza/flava/Scaptomyza-flava-6135584.jpg,flava
gs://bugoff-bucket1/hinton/Insecta/GenusSpecies/Scaptomyza/flava/Scaptomyza-flava-7986246.jpg,flava
gs://bugoff-bucket1/hinton/Insecta/GenusSpecies/Scaptomyza/fuscitarsis/Scaptomyza-fuscitarsis-5682739.jpg,fuscitarsis
gs://bugoff-bucket1/hinton/Insecta/GenusSpecies/Scaptomyza/fuscitarsis/Scaptomyza-fuscitarsis-5830656.jpg,fuscitarsis
gs://bugoff-bucket1/hinton/Insecta/GenusSpecies/Scaptomyza/fuscitarsis/Scaptomyza-fuscitarsis-7736018.jpg,fuscitarsis
gs://bugoff-bucket1/hinton/Insecta/GenusSpecies/Scaptomyza/pallida/Scaptomyza-pallida-2000155.jpg,pallida
gs://bugoff-bucket1/hinton/Insecta/GenusSpecies/Scaptomyza/pallida/Scaptomyza-pallida-2053059.jpg,pallida
gs://bugoff-bucket1/hinton/Insecta/GenusSpecies/Scaptomyza/pallida/Scaptomyza-pallida-2714432.jpg,pallida
gs://bugoff-bucket1/hinton/Insecta/GenusSpecies/Scaptomyza/pallida/Scaptomyza-pallida-273882.jpg,pallida
gs://bugoff-bucket1/hinton/Insecta/GenusSpecies/Scaptomyza/pallida/Scaptomyza-pallida-5645305.jpg,pallida
gs://bugoff-bucket1/hinton/Insecta/GenusSpecies/Scaptomyza/pallida/Scaptomyza-pallida-6027748.jpg,pallida
gs://bugoff-bucket1/hinton/Insecta/GenusSpecies/Scaptomyza/pallida/Scaptomyza-pallida-6399592.jpg,pallida
gs://bugoff-bucket1/hinton/Insecta/GenusSpecies/Zaprionus/indianus/Zaprionus-indianus-4335662.jpg,indianus
gs://bugoff-bucket1/hinton/Insecta/GenusSpecies/Zaprionus/indianus/Zaprionus-indianus-4450750.jpg,indianus
gs://bugoff-bucket1/hinton/Insecta/GenusSpecies/Zaprionus/indianus/Zaprionus-indianus-527536.jpg,indianus
gs://bugoff-bucket1/hinton/Insecta/GenusSpecies/Zaprionus/indianus/Zaprionus-indianus-5827137.jpg,indianus
