gs://bugoff-bucket1/hinton/Insecta/GenusSpecies/Aleurocanthus/spiniferus/Aleurocanthus-spiniferus-5479968.jpg,spiniferus
gs://bugoff-bucket1/hinton/Insecta/GenusSpecies/Aleurodicus/alba/Aleurodicus-alba-5977868.jpg,alba
gs://bugoff-bucket1/hinton/Insecta/GenusSpecies/Aleurodicus/dispersus/Aleurodicus-dispersus-186583.jpg,dispersus
gs://bugoff-bucket1/hinton/Insecta/GenusSpecies/Aleurodicus/dugesii/Aleurodicus-dugesii-1102986.jpg,dugesii
gs://bugoff-bucket1/hinton/Insecta/GenusSpecies/Aleurodicus/dugesii/Aleurodicus-dugesii-2114848.jpg,dugesii
gs://bugoff-bucket1/hinton/Insecta/GenusSpecies/Aleurodicus/dugesii/Aleurodicus-dugesii-3541933.jpg,dugesii
gs://bugoff-bucket1/hinton/Insecta/GenusSpecies/Aleurodicus/dugesii/Aleurodicus-dugesii-4194086.jpg,dugesii
gs://bugoff-bucket1/hinton/Insecta/GenusSpecies/Aleurodicus/dugesii/Aleurodicus-dugesii-4307038.jpg,dugesii
gs://bugoff-bucket1/hinton/Insecta/GenusSpecies/Aleurodicus/dugesii/Aleurodicus-dugesii-4783243.jpg,dugesii
gs://bugoff-bucket1/hinton/Insecta/GenusSpecies/Aleurodicus/dugesii/Aleurodicus-dugesii-4836971.jpg,dugesii
gs://bugoff-bucket1/hinton/Insecta/GenusSpecies/Aleurodicus/dugesii/Aleurodicus-dugesii-5087166.jpg,dugesii
gs://bugoff-bucket1/hinton/Insecta/GenusSpecies/Aleurodicus/dugesii/Aleurodicus-dugesii-5087172.jpg,dugesii
gs://bugoff-bucket1/hinton/Insecta/GenusSpecies/Aleurodicus/dugesii/Aleurodicus-dugesii-5087178.jpg,dugesii
gs://bugoff-bucket1/hinton/Insecta/GenusSpecies/Aleurodicus/dugesii/Aleurodicus-dugesii-5382182.jpg,dugesii
gs://bugoff-bucket1/hinton/Insecta/GenusSpecies/Aleurodicus/dugesii/Aleurodicus-dugesii-5427441.jpg,dugesii
gs://bugoff-bucket1/hinton/Insecta/GenusSpecies/Aleurodicus/dugesii/Aleurodicus-dugesii-6773158.jpg,dugesii
gs://bugoff-bucket1/hinton/Insecta/GenusSpecies/Aleurodicus/dugesii/Aleurodicus-dugesii-7274819.jpg,dugesii
gs://bugoff-bucket1/hinton/Insecta/GenusSpecies/Aleurodicus/dugesii/Aleurodicus-dugesii-7303719.jpg,dugesii
gs://bugoff-bucket1/hinton/Insecta/GenusSpecies/Aleurodicus/dugesii/Aleurodicus-dugesii-7328716.jpg,dugesii
gs://bugoff-bucket1/hinton/Insecta/GenusSpecies/Aleurodicus/dugesii/Aleurodicus-dugesii-7545700.jpg,dugesii
gs://bugoff-bucket1/hinton/Insecta/GenusSpecies/Aleurodicus/dugesii/Aleurodicus-dugesii-7941268.jpg,dugesii
gs://bugoff-bucket1/hinton/Insecta/GenusSpecies/Aleurodicus/juleikae/Aleurodicus-juleikae-5013570.jpg,juleikae
gs://bugoff-bucket1/hinton/Insecta/GenusSpecies/Aleurodicus/rugioperculatus/Aleurodicus-rugioperculatus-245276.jpg,rugioperculatus
gs://bugoff-bucket1/hinton/Insecta/GenusSpecies/Aleurodicus/rugioperculatus/Aleurodicus-rugioperculatus-3559222.jpg,rugioperculatus
gs://bugoff-bucket1/hinton/Insecta/GenusSpecies/Aleuroplatus/agrifolia/Aleuroplatus-agrifolia-2204003.jpg,agrifolia
gs://bugoff-bucket1/hinton/Insecta/GenusSpecies/Aleuroplatus/agrifolia/Aleuroplatus-agrifolia-2250856.jpg,agrifolia
gs://bugoff-bucket1/hinton/Insecta/GenusSpecies/Aleuroplatus/agrifolia/Aleuroplatus-agrifolia-6036821.jpg,agrifolia
gs://bugoff-bucket1/hinton/Insecta/GenusSpecies/Aleuroplatus/agrifolia/Aleuroplatus-agrifolia-6941079.jpg,agrifolia
gs://bugoff-bucket1/hinton/Insecta/GenusSpecies/Aleuroplatus/coronata/Aleuroplatus-coronata-1307522.jpg,coronata
gs://bugoff-bucket1/hinton/Insecta/GenusSpecies/Aleuroplatus/coronata/Aleuroplatus-coronata-1319420.jpg,coronata
gs://bugoff-bucket1/hinton/Insecta/GenusSpecies/Aleuroplatus/coronata/Aleuroplatus-coronata-1326494.jpg,coronata
gs://bugoff-bucket1/hinton/Insecta/GenusSpecies/Aleuroplatus/coronata/Aleuroplatus-coronata-1700364.jpg,coronata
gs://bugoff-bucket1/hinton/Insecta/GenusSpecies/Aleuroplatus/coronata/Aleuroplatus-coronata-2717937.jpg,coronata
gs://bugoff-bucket1/hinton/Insecta/GenusSpecies/Aleuroplatus/coronata/Aleuroplatus-coronata-3033270.jpg,coronata
gs://bugoff-bucket1/hinton/Insecta/GenusSpecies/Aleuroplatus/coronata/Aleuroplatus-coronata-3242737.jpg,coronata
gs://bugoff-bucket1/hinton/Insecta/GenusSpecies/Aleuroplatus/coronata/Aleuroplatus-coronata-3425815.jpg,coronata
gs://bugoff-bucket1/hinton/Insecta/GenusSpecies/Aleuroplatus/coronata/Aleuroplatus-coronata-3965300.jpg,coronata
gs://bugoff-bucket1/hinton/Insecta/GenusSpecies/Aleuroplatus/coronata/Aleuroplatus-coronata-3965301.jpg,coronata
gs://bugoff-bucket1/hinton/Insecta/GenusSpecies/Aleuroplatus/coronata/Aleuroplatus-coronata-4840760.jpg,coronata
gs://bugoff-bucket1/hinton/Insecta/GenusSpecies/Aleuroplatus/coronata/Aleuroplatus-coronata-4890536.jpg,coronata
gs://bugoff-bucket1/hinton/Insecta/GenusSpecies/Aleuroplatus/coronata/Aleuroplatus-coronata-5024645.jpg,coronata
gs://bugoff-bucket1/hinton/Insecta/GenusSpecies/Aleuroplatus/coronata/Aleuroplatus-coronata-5026185.jpg,coronata
gs://bugoff-bucket1/hinton/Insecta/GenusSpecies/Aleuroplatus/coronata/Aleuroplatus-coronata-5087167.jpg,coronata
gs://bugoff-bucket1/hinton/Insecta/GenusSpecies/Aleuroplatus/coronata/Aleuroplatus-coronata-5087173.jpg,coronata
gs://bugoff-bucket1/hinton/Insecta/GenusSpecies/Aleuroplatus/coronata/Aleuroplatus-coronata-5241034.jpg,coronata
gs://bugoff-bucket1/hinton/Insecta/GenusSpecies/Aleuroplatus/coronata/Aleuroplatus-coronata-5268952.jpg,coronata
gs://bugoff-bucket1/hinton/Insecta/GenusSpecies/Aleuroplatus/coronata/Aleuroplatus-coronata-5270837.jpg,coronata
gs://bugoff-bucket1/hinton/Insecta/GenusSpecies/Aleuroplatus/coronata/Aleuroplatus-coronata-5622956.jpg,coronata
gs://bugoff-bucket1/hinton/Insecta/GenusSpecies/Aleuroplatus/coronata/Aleuroplatus-coronata-6693118.jpg,coronata
gs://bugoff-bucket1/hinton/Insecta/GenusSpecies/Aleuroplatus/gelatinosus/Aleuroplatus-gelatinosus-2327974.jpg,gelatinosus
gs://bugoff-bucket1/hinton/Insecta/GenusSpecies/Aleuroplatus/gelatinosus/Aleuroplatus-gelatinosus-5334792.jpg,gelatinosus
gs://bugoff-bucket1/hinton/Insecta/GenusSpecies/Aleuroplatus/gelatinosus/Aleuroplatus-gelatinosus-5622957.jpg,gelatinosus
gs://bugoff-bucket1/hinton/Insecta/GenusSpecies/Aleuroplatus/lobata/Aleuroplatus-lobata-2100530.jpg,lobata
gs://bugoff-bucket1/hinton/Insecta/GenusSpecies/Aleurothrixus/floccosus/Aleurothrixus-floccosus-3559194.jpg,floccosus
gs://bugoff-bucket1/hinton/Insecta/GenusSpecies/Aleurothrixus/floccosus/Aleurothrixus-floccosus-4842244.jpg,floccosus
gs://bugoff-bucket1/hinton/Insecta/GenusSpecies/Aleurothrixus/floccosus/Aleurothrixus-floccosus-573298.jpg,floccosus
gs://bugoff-bucket1/hinton/Insecta/GenusSpecies/Aleurothrixus/floccosus/Aleurothrixus-floccosus-5858313.jpg,floccosus
gs://bugoff-bucket1/hinton/Insecta/GenusSpecies/Aleurothrixus/floccosus/Aleurothrixus-floccosus-5860879.jpg,floccosus
gs://bugoff-bucket1/hinton/Insecta/GenusSpecies/Aleurotrachelus/atratus/Aleurotrachelus-atratus-6554204.jpg,atratus
gs://bugoff-bucket1/hinton/Insecta/GenusSpecies/Bemisia/argentifolii/Bemisia-argentifolii-5999517.jpg,argentifolii
gs://bugoff-bucket1/hinton/Insecta/GenusSpecies/Bemisia/argentifolii/Bemisia-argentifolii-6247022.jpg,argentifolii
gs://bugoff-bucket1/hinton/Insecta/GenusSpecies/Bemisia/tabaci/Bemisia-tabaci-2000743.jpg,tabaci
gs://bugoff-bucket1/hinton/Insecta/GenusSpecies/Bemisia/tabaci/Bemisia-tabaci-3000158.jpg,tabaci
gs://bugoff-bucket1/hinton/Insecta/GenusSpecies/Bemisia/tabaci/Bemisia-tabaci-3502039.jpg,tabaci
gs://bugoff-bucket1/hinton/Insecta/GenusSpecies/Bemisia/tabaci/Bemisia-tabaci-7298257.jpg,tabaci
gs://bugoff-bucket1/hinton/Insecta/GenusSpecies/Dialeurodes/citri/Dialeurodes-citri-1323214.jpg,citri
gs://bugoff-bucket1/hinton/Insecta/GenusSpecies/Dialeurodes/kirkaldyi/Dialeurodes-kirkaldyi-5013241.jpg,kirkaldyi
gs://bugoff-bucket1/hinton/Insecta/GenusSpecies/Singhiella/simplex/Singhiella-simplex-4549713.jpg,simplex
gs://bugoff-bucket1/hinton/Insecta/GenusSpecies/Singhiella/simplex/Singhiella-simplex-4752922.jpg,simplex
gs://bugoff-bucket1/hinton/Insecta/GenusSpecies/Singhiella/simplex/Singhiella-simplex-5087156.jpg,simplex
gs://bugoff-bucket1/hinton/Insecta/GenusSpecies/Singhiella/simplex/Singhiella-simplex-5087157.jpg,simplex
gs://bugoff-bucket1/hinton/Insecta/GenusSpecies/Singhiella/simplex/Singhiella-simplex-5087163.jpg,simplex
gs://bugoff-bucket1/hinton/Insecta/GenusSpecies/Singhiella/simplex/Singhiella-simplex-5150422.jpg,simplex
gs://bugoff-bucket1/hinton/Insecta/GenusSpecies/Singhiella/simplex/Singhiella-simplex-5651787.jpg,simplex
gs://bugoff-bucket1/hinton/Insecta/GenusSpecies/Singhiella/simplex/Singhiella-simplex-5926026.jpg,simplex
gs://bugoff-bucket1/hinton/Insecta/GenusSpecies/Singhiella/simplex/Singhiella-simplex-7745153.jpg,simplex
gs://bugoff-bucket1/hinton/Insecta/GenusSpecies/Siphoninus/phillyreae/Siphoninus-phillyreae-1244090.jpg,phillyreae
gs://bugoff-bucket1/hinton/Insecta/GenusSpecies/Siphoninus/phillyreae/Siphoninus-phillyreae-1245242.jpg,phillyreae
gs://bugoff-bucket1/hinton/Insecta/GenusSpecies/Siphoninus/phillyreae/Siphoninus-phillyreae-2516798.jpg,phillyreae
gs://bugoff-bucket1/hinton/Insecta/GenusSpecies/Siphoninus/phillyreae/Siphoninus-phillyreae-3424361.jpg,phillyreae
gs://bugoff-bucket1/hinton/Insecta/GenusSpecies/Siphoninus/phillyreae/Siphoninus-phillyreae-4653175.jpg,phillyreae
gs://bugoff-bucket1/hinton/Insecta/GenusSpecies/Siphoninus/phillyreae/Siphoninus-phillyreae-7595006.jpg,phillyreae
gs://bugoff-bucket1/hinton/Insecta/GenusSpecies/Tetraleurodes/acaciae/Tetraleurodes-acaciae-5530979.jpg,acaciae
gs://bugoff-bucket1/hinton/Insecta/GenusSpecies/Tetraleurodes/acaciae/Tetraleurodes-acaciae-5556011.jpg,acaciae
gs://bugoff-bucket1/hinton/Insecta/GenusSpecies/Tetraleurodes/mori/Tetraleurodes-mori-3541865.jpg,mori
gs://bugoff-bucket1/hinton/Insecta/GenusSpecies/Tetraleurodes/mori/Tetraleurodes-mori-4996072.jpg,mori
gs://bugoff-bucket1/hinton/Insecta/GenusSpecies/Tetraleurodes/mori/Tetraleurodes-mori-5024375.jpg,mori
gs://bugoff-bucket1/hinton/Insecta/GenusSpecies/Tetraleurodes/mori/Tetraleurodes-mori-5087176.jpg,mori
gs://bugoff-bucket1/hinton/Insecta/GenusSpecies/Tetraleurodes/mori/Tetraleurodes-mori-5259777.jpg,mori
gs://bugoff-bucket1/hinton/Insecta/GenusSpecies/Tetraleurodes/perileuca/Tetraleurodes-perileuca-5463790.jpg,perileuca
