gs://bugoff-bucket1/hinton/Insecta/GenusSpecies/Aguna/asander/Aguna-asander-2197211.jpg,asander
gs://bugoff-bucket1/hinton/Insecta/GenusSpecies/Aguna/asander/Aguna-asander-248621.jpg,asander
gs://bugoff-bucket1/hinton/Insecta/GenusSpecies/Aguna/asander/Aguna-asander-3037730.jpg,asander
gs://bugoff-bucket1/hinton/Insecta/GenusSpecies/Aguna/asander/Aguna-asander-3716086.jpg,asander
gs://bugoff-bucket1/hinton/Insecta/GenusSpecies/Aguna/asander/Aguna-asander-3848561.jpg,asander
gs://bugoff-bucket1/hinton/Insecta/GenusSpecies/Aguna/asander/Aguna-asander-4428843.jpg,asander
gs://bugoff-bucket1/hinton/Insecta/GenusSpecies/Aguna/asander/Aguna-asander-5287350.jpg,asander
gs://bugoff-bucket1/hinton/Insecta/GenusSpecies/Aguna/asander/Aguna-asander-5287351.jpg,asander
gs://bugoff-bucket1/hinton/Insecta/GenusSpecies/Aguna/asander/Aguna-asander-5342370.jpg,asander
gs://bugoff-bucket1/hinton/Insecta/GenusSpecies/Aguna/asander/Aguna-asander-5538995.jpg,asander
gs://bugoff-bucket1/hinton/Insecta/GenusSpecies/Aguna/asander/Aguna-asander-5626983.jpg,asander
gs://bugoff-bucket1/hinton/Insecta/GenusSpecies/Aguna/asander/Aguna-asander-5691177.jpg,asander
gs://bugoff-bucket1/hinton/Insecta/GenusSpecies/Aguna/asander/Aguna-asander-5935318.jpg,asander
gs://bugoff-bucket1/hinton/Insecta/GenusSpecies/Aguna/asander/Aguna-asander-731643.jpg,asander
gs://bugoff-bucket1/hinton/Insecta/GenusSpecies/Aguna/asander/Aguna-asander-7579681.jpg,asander
gs://bugoff-bucket1/hinton/Insecta/GenusSpecies/Aguna/asander/Aguna-asander-7579697.jpg,asander
gs://bugoff-bucket1/hinton/Insecta/GenusSpecies/Aguna/camara/Aguna-camara-348637.jpg,camara
gs://bugoff-bucket1/hinton/Insecta/GenusSpecies/Aguna/claxon/Aguna-claxon-3039022.jpg,claxon
gs://bugoff-bucket1/hinton/Insecta/GenusSpecies/Aguna/claxon/Aguna-claxon-3135891.jpg,claxon
gs://bugoff-bucket1/hinton/Insecta/GenusSpecies/Aguna/claxon/Aguna-claxon-3262673.jpg,claxon
gs://bugoff-bucket1/hinton/Insecta/GenusSpecies/Aguna/claxon/Aguna-claxon-5484920.jpg,claxon
gs://bugoff-bucket1/hinton/Insecta/GenusSpecies/Aguna/coelestinum/Aguna-coelestinum-592575.jpg,coelestinum
gs://bugoff-bucket1/hinton/Insecta/GenusSpecies/Aguna/coelestinum/Aguna-coelestinum-605236.jpg,coelestinum
gs://bugoff-bucket1/hinton/Insecta/GenusSpecies/Aguna/glaphyrus/Aguna-glaphyrus-5892386.jpg,glaphyrus
gs://bugoff-bucket1/hinton/Insecta/GenusSpecies/Aguna/malvifolia/Aguna-malvifolia-5537196.jpg,malvifolia
gs://bugoff-bucket1/hinton/Insecta/GenusSpecies/Aguna/metophis/Aguna-metophis-3037738.jpg,metophis
gs://bugoff-bucket1/hinton/Insecta/GenusSpecies/Aguna/metophis/Aguna-metophis-4363333.jpg,metophis
gs://bugoff-bucket1/hinton/Insecta/GenusSpecies/Aguna/metophis/Aguna-metophis-5331964.jpg,metophis
gs://bugoff-bucket1/hinton/Insecta/GenusSpecies/Aguna/metophis/Aguna-metophis-574766.jpg,metophis
gs://bugoff-bucket1/hinton/Insecta/GenusSpecies/Aguna/metophis/Aguna-metophis-5959037.jpg,metophis
gs://bugoff-bucket1/hinton/Insecta/GenusSpecies/Aguna/metophis/Aguna-metophis-6297078.jpg,metophis
gs://bugoff-bucket1/hinton/Insecta/GenusSpecies/Aguna/asander/Aguna-asander-2197211.jpg,asander
gs://bugoff-bucket1/hinton/Insecta/GenusSpecies/Aguna/asander/Aguna-asander-248621.jpg,asander
gs://bugoff-bucket1/hinton/Insecta/GenusSpecies/Aguna/asander/Aguna-asander-3037730.jpg,asander
gs://bugoff-bucket1/hinton/Insecta/GenusSpecies/Aguna/asander/Aguna-asander-3716086.jpg,asander
gs://bugoff-bucket1/hinton/Insecta/GenusSpecies/Aguna/asander/Aguna-asander-3848561.jpg,asander
gs://bugoff-bucket1/hinton/Insecta/GenusSpecies/Aguna/asander/Aguna-asander-4428843.jpg,asander
gs://bugoff-bucket1/hinton/Insecta/GenusSpecies/Aguna/asander/Aguna-asander-5287350.jpg,asander
gs://bugoff-bucket1/hinton/Insecta/GenusSpecies/Aguna/asander/Aguna-asander-5287351.jpg,asander
gs://bugoff-bucket1/hinton/Insecta/GenusSpecies/Aguna/asander/Aguna-asander-5342370.jpg,asander
gs://bugoff-bucket1/hinton/Insecta/GenusSpecies/Aguna/asander/Aguna-asander-5538995.jpg,asander
gs://bugoff-bucket1/hinton/Insecta/GenusSpecies/Aguna/asander/Aguna-asander-5626983.jpg,asander
gs://bugoff-bucket1/hinton/Insecta/GenusSpecies/Aguna/asander/Aguna-asander-5691177.jpg,asander
gs://bugoff-bucket1/hinton/Insecta/GenusSpecies/Aguna/asander/Aguna-asander-5935318.jpg,asander
gs://bugoff-bucket1/hinton/Insecta/GenusSpecies/Aguna/asander/Aguna-asander-731643.jpg,asander
gs://bugoff-bucket1/hinton/Insecta/GenusSpecies/Aguna/asander/Aguna-asander-7579681.jpg,asander
gs://bugoff-bucket1/hinton/Insecta/GenusSpecies/Aguna/asander/Aguna-asander-7579697.jpg,asander
gs://bugoff-bucket1/hinton/Insecta/GenusSpecies/Aguna/camara/Aguna-camara-348637.jpg,camara
gs://bugoff-bucket1/hinton/Insecta/GenusSpecies/Aguna/claxon/Aguna-claxon-3039022.jpg,claxon
gs://bugoff-bucket1/hinton/Insecta/GenusSpecies/Aguna/claxon/Aguna-claxon-3135891.jpg,claxon
gs://bugoff-bucket1/hinton/Insecta/GenusSpecies/Aguna/claxon/Aguna-claxon-3262673.jpg,claxon
gs://bugoff-bucket1/hinton/Insecta/GenusSpecies/Aguna/claxon/Aguna-claxon-5484920.jpg,claxon
gs://bugoff-bucket1/hinton/Insecta/GenusSpecies/Aguna/coelestinum/Aguna-coelestinum-592575.jpg,coelestinum
gs://bugoff-bucket1/hinton/Insecta/GenusSpecies/Aguna/coelestinum/Aguna-coelestinum-605236.jpg,coelestinum
gs://bugoff-bucket1/hinton/Insecta/GenusSpecies/Aguna/glaphyrus/Aguna-glaphyrus-5892386.jpg,glaphyrus
gs://bugoff-bucket1/hinton/Insecta/GenusSpecies/Aguna/malvifolia/Aguna-malvifolia-5537196.jpg,malvifolia
gs://bugoff-bucket1/hinton/Insecta/GenusSpecies/Aguna/metophis/Aguna-metophis-3037738.jpg,metophis
gs://bugoff-bucket1/hinton/Insecta/GenusSpecies/Aguna/metophis/Aguna-metophis-4363333.jpg,metophis
gs://bugoff-bucket1/hinton/Insecta/GenusSpecies/Aguna/metophis/Aguna-metophis-5331964.jpg,metophis
gs://bugoff-bucket1/hinton/Insecta/GenusSpecies/Aguna/metophis/Aguna-metophis-574766.jpg,metophis
gs://bugoff-bucket1/hinton/Insecta/GenusSpecies/Aguna/metophis/Aguna-metophis-5959037.jpg,metophis
gs://bugoff-bucket1/hinton/Insecta/GenusSpecies/Aguna/metophis/Aguna-metophis-6297078.jpg,metophis
gs://bugoff-bucket1/hinton/Insecta/GenusSpecies/Aguna/asander/Aguna-asander-2197211.jpg,asander
gs://bugoff-bucket1/hinton/Insecta/GenusSpecies/Aguna/asander/Aguna-asander-248621.jpg,asander
gs://bugoff-bucket1/hinton/Insecta/GenusSpecies/Aguna/asander/Aguna-asander-3037730.jpg,asander
gs://bugoff-bucket1/hinton/Insecta/GenusSpecies/Aguna/asander/Aguna-asander-3716086.jpg,asander
gs://bugoff-bucket1/hinton/Insecta/GenusSpecies/Aguna/asander/Aguna-asander-3848561.jpg,asander
gs://bugoff-bucket1/hinton/Insecta/GenusSpecies/Aguna/asander/Aguna-asander-4428843.jpg,asander
gs://bugoff-bucket1/hinton/Insecta/GenusSpecies/Aguna/asander/Aguna-asander-5287350.jpg,asander
gs://bugoff-bucket1/hinton/Insecta/GenusSpecies/Aguna/asander/Aguna-asander-5287351.jpg,asander
gs://bugoff-bucket1/hinton/Insecta/GenusSpecies/Aguna/asander/Aguna-asander-5342370.jpg,asander
gs://bugoff-bucket1/hinton/Insecta/GenusSpecies/Aguna/asander/Aguna-asander-5538995.jpg,asander
gs://bugoff-bucket1/hinton/Insecta/GenusSpecies/Aguna/asander/Aguna-asander-5626983.jpg,asander
gs://bugoff-bucket1/hinton/Insecta/GenusSpecies/Aguna/asander/Aguna-asander-5691177.jpg,asander
gs://bugoff-bucket1/hinton/Insecta/GenusSpecies/Aguna/asander/Aguna-asander-5935318.jpg,asander
gs://bugoff-bucket1/hinton/Insecta/GenusSpecies/Aguna/asander/Aguna-asander-731643.jpg,asander
gs://bugoff-bucket1/hinton/Insecta/GenusSpecies/Aguna/asander/Aguna-asander-7579681.jpg,asander
gs://bugoff-bucket1/hinton/Insecta/GenusSpecies/Aguna/asander/Aguna-asander-7579697.jpg,asander
gs://bugoff-bucket1/hinton/Insecta/GenusSpecies/Aguna/camara/Aguna-camara-348637.jpg,camara
gs://bugoff-bucket1/hinton/Insecta/GenusSpecies/Aguna/claxon/Aguna-claxon-3039022.jpg,claxon
gs://bugoff-bucket1/hinton/Insecta/GenusSpecies/Aguna/claxon/Aguna-claxon-3135891.jpg,claxon
gs://bugoff-bucket1/hinton/Insecta/GenusSpecies/Aguna/claxon/Aguna-claxon-3262673.jpg,claxon
gs://bugoff-bucket1/hinton/Insecta/GenusSpecies/Aguna/claxon/Aguna-claxon-5484920.jpg,claxon
gs://bugoff-bucket1/hinton/Insecta/GenusSpecies/Aguna/coelestinum/Aguna-coelestinum-592575.jpg,coelestinum
gs://bugoff-bucket1/hinton/Insecta/GenusSpecies/Aguna/coelestinum/Aguna-coelestinum-605236.jpg,coelestinum
gs://bugoff-bucket1/hinton/Insecta/GenusSpecies/Aguna/glaphyrus/Aguna-glaphyrus-5892386.jpg,glaphyrus
gs://bugoff-bucket1/hinton/Insecta/GenusSpecies/Aguna/malvifolia/Aguna-malvifolia-5537196.jpg,malvifolia
gs://bugoff-bucket1/hinton/Insecta/GenusSpecies/Aguna/metophis/Aguna-metophis-3037738.jpg,metophis
gs://bugoff-bucket1/hinton/Insecta/GenusSpecies/Aguna/metophis/Aguna-metophis-4363333.jpg,metophis
gs://bugoff-bucket1/hinton/Insecta/GenusSpecies/Aguna/metophis/Aguna-metophis-5331964.jpg,metophis
gs://bugoff-bucket1/hinton/Insecta/GenusSpecies/Aguna/metophis/Aguna-metophis-574766.jpg,metophis
gs://bugoff-bucket1/hinton/Insecta/GenusSpecies/Aguna/metophis/Aguna-metophis-5959037.jpg,metophis
gs://bugoff-bucket1/hinton/Insecta/GenusSpecies/Aguna/metophis/Aguna-metophis-6297078.jpg,metophis
