gs://bugoff-bucket1/hinton/Insecta/GenusSpecies/Dryocosmus/agrifolia/Dryocosmus-agrifolia-2184400.jpg,agrifolia
gs://bugoff-bucket1/hinton/Insecta/GenusSpecies/Dryocosmus/agrifolia/Dryocosmus-agrifolia-2203999.jpg,agrifolia
gs://bugoff-bucket1/hinton/Insecta/GenusSpecies/Dryocosmus/agrifolia/Dryocosmus-agrifolia-2204000.jpg,agrifolia
gs://bugoff-bucket1/hinton/Insecta/GenusSpecies/Dryocosmus/agrifolia/Dryocosmus-agrifolia-2250851.jpg,agrifolia
gs://bugoff-bucket1/hinton/Insecta/GenusSpecies/Dryocosmus/agrifolia/Dryocosmus-agrifolia-5442591.jpg,agrifolia
gs://bugoff-bucket1/hinton/Insecta/GenusSpecies/Dryocosmus/agrifolia/Dryocosmus-agrifolia-713969.jpg,agrifolia
gs://bugoff-bucket1/hinton/Insecta/GenusSpecies/Dryocosmus/asymmetricus/Dryocosmus-asymmetricus-2381371.jpg,asymmetricus
gs://bugoff-bucket1/hinton/Insecta/GenusSpecies/Dryocosmus/asymmetricus/Dryocosmus-asymmetricus-2394128.jpg,asymmetricus
gs://bugoff-bucket1/hinton/Insecta/GenusSpecies/Dryocosmus/asymmetricus/Dryocosmus-asymmetricus-2406290.jpg,asymmetricus
gs://bugoff-bucket1/hinton/Insecta/GenusSpecies/Dryocosmus/asymmetricus/Dryocosmus-asymmetricus-2820257.jpg,asymmetricus
gs://bugoff-bucket1/hinton/Insecta/GenusSpecies/Dryocosmus/asymmetricus/Dryocosmus-asymmetricus-3039511.jpg,asymmetricus
gs://bugoff-bucket1/hinton/Insecta/GenusSpecies/Dryocosmus/asymmetricus/Dryocosmus-asymmetricus-3389417.jpg,asymmetricus
gs://bugoff-bucket1/hinton/Insecta/GenusSpecies/Dryocosmus/asymmetricus/Dryocosmus-asymmetricus-6030550.jpg,asymmetricus
gs://bugoff-bucket1/hinton/Insecta/GenusSpecies/Dryocosmus/castanopsidis/Dryocosmus-castanopsidis-4462547.jpg,castanopsidis
gs://bugoff-bucket1/hinton/Insecta/GenusSpecies/Dryocosmus/castanopsidis/Dryocosmus-castanopsidis-4705873.jpg,castanopsidis
gs://bugoff-bucket1/hinton/Insecta/GenusSpecies/Dryocosmus/castanopsidis/Dryocosmus-castanopsidis-47797.jpg,castanopsidis
gs://bugoff-bucket1/hinton/Insecta/GenusSpecies/Dryocosmus/castanopsidis/Dryocosmus-castanopsidis-52085.jpg,castanopsidis
gs://bugoff-bucket1/hinton/Insecta/GenusSpecies/Dryocosmus/chrysolepis/Dryocosmus-chrysolepis-1297829.jpg,chrysolepis
gs://bugoff-bucket1/hinton/Insecta/GenusSpecies/Dryocosmus/chrysolepis/Dryocosmus-chrysolepis-7805852.jpg,chrysolepis
gs://bugoff-bucket1/hinton/Insecta/GenusSpecies/Dryocosmus/chrysophylla/Dryocosmus-chrysophylla-185044.jpg,chrysophylla
gs://bugoff-bucket1/hinton/Insecta/GenusSpecies/Dryocosmus/chrysophylla/Dryocosmus-chrysophylla-2436346.jpg,chrysophylla
gs://bugoff-bucket1/hinton/Insecta/GenusSpecies/Dryocosmus/chrysophylla/Dryocosmus-chrysophylla-5322938.jpg,chrysophylla
gs://bugoff-bucket1/hinton/Insecta/GenusSpecies/Dryocosmus/deciduus/Dryocosmus-deciduus-2982087.jpg,deciduus
gs://bugoff-bucket1/hinton/Insecta/GenusSpecies/Dryocosmus/dubiosus/Dryocosmus-dubiosus-5738914.jpg,dubiosus
gs://bugoff-bucket1/hinton/Insecta/GenusSpecies/Dryocosmus/dubiosus/Dryocosmus-dubiosus-782157.jpg,dubiosus
gs://bugoff-bucket1/hinton/Insecta/GenusSpecies/Dryocosmus/imbricariae/Dryocosmus-imbricariae-1659056.jpg,imbricariae
gs://bugoff-bucket1/hinton/Insecta/GenusSpecies/Dryocosmus/imbricariae/Dryocosmus-imbricariae-175996.jpg,imbricariae
gs://bugoff-bucket1/hinton/Insecta/GenusSpecies/Dryocosmus/imbricariae/Dryocosmus-imbricariae-2923373.jpg,imbricariae
gs://bugoff-bucket1/hinton/Insecta/GenusSpecies/Dryocosmus/imbricariae/Dryocosmus-imbricariae-4595213.jpg,imbricariae
gs://bugoff-bucket1/hinton/Insecta/GenusSpecies/Dryocosmus/imbricariae/Dryocosmus-imbricariae-4713229.jpg,imbricariae
gs://bugoff-bucket1/hinton/Insecta/GenusSpecies/Dryocosmus/kuriphilus/Dryocosmus-kuriphilus-4950574.jpg,kuriphilus
gs://bugoff-bucket1/hinton/Insecta/GenusSpecies/Dryocosmus/kuriphilus/Dryocosmus-kuriphilus-7666968.jpg,kuriphilus
gs://bugoff-bucket1/hinton/Insecta/GenusSpecies/Dryocosmus/kuriphilus/Dryocosmus-kuriphilus-7812533.jpg,kuriphilus
gs://bugoff-bucket1/hinton/Insecta/GenusSpecies/Dryocosmus/kuriphilus/Dryocosmus-kuriphilus-7938758.jpg,kuriphilus
gs://bugoff-bucket1/hinton/Insecta/GenusSpecies/Dryocosmus/lobata/Dryocosmus-lobata-2380317.jpg,lobata
gs://bugoff-bucket1/hinton/Insecta/GenusSpecies/Dryocosmus/minusculus/Dryocosmus-minusculus-2365554.jpg,minusculus
gs://bugoff-bucket1/hinton/Insecta/GenusSpecies/Dryocosmus/minusculus/Dryocosmus-minusculus-2375307.jpg,minusculus
gs://bugoff-bucket1/hinton/Insecta/GenusSpecies/Dryocosmus/minusculus/Dryocosmus-minusculus-2375335.jpg,minusculus
gs://bugoff-bucket1/hinton/Insecta/GenusSpecies/Dryocosmus/minusculus/Dryocosmus-minusculus-2410003.jpg,minusculus
gs://bugoff-bucket1/hinton/Insecta/GenusSpecies/Dryocosmus/minusculus/Dryocosmus-minusculus-266960.jpg,minusculus
gs://bugoff-bucket1/hinton/Insecta/GenusSpecies/Dryocosmus/minusculus/Dryocosmus-minusculus-333683.jpg,minusculus
gs://bugoff-bucket1/hinton/Insecta/GenusSpecies/Dryocosmus/minusculus/Dryocosmus-minusculus-4279118.jpg,minusculus
gs://bugoff-bucket1/hinton/Insecta/GenusSpecies/Dryocosmus/minusculus/Dryocosmus-minusculus-4930376.jpg,minusculus
gs://bugoff-bucket1/hinton/Insecta/GenusSpecies/Dryocosmus/minusculus/Dryocosmus-minusculus-5016811.jpg,minusculus
gs://bugoff-bucket1/hinton/Insecta/GenusSpecies/Dryocosmus/minusculus/Dryocosmus-minusculus-5024721.jpg,minusculus
gs://bugoff-bucket1/hinton/Insecta/GenusSpecies/Dryocosmus/minusculus/Dryocosmus-minusculus-5026126.jpg,minusculus
gs://bugoff-bucket1/hinton/Insecta/GenusSpecies/Dryocosmus/minusculus/Dryocosmus-minusculus-5268947.jpg,minusculus
gs://bugoff-bucket1/hinton/Insecta/GenusSpecies/Dryocosmus/minusculus/Dryocosmus-minusculus-544383.jpg,minusculus
gs://bugoff-bucket1/hinton/Insecta/GenusSpecies/Dryocosmus/minusculus/Dryocosmus-minusculus-5739199.jpg,minusculus
gs://bugoff-bucket1/hinton/Insecta/GenusSpecies/Dryocosmus/minusculus/Dryocosmus-minusculus-6825474.jpg,minusculus
gs://bugoff-bucket1/hinton/Insecta/GenusSpecies/Dryocosmus/minusculus/Dryocosmus-minusculus-6985471.jpg,minusculus
gs://bugoff-bucket1/hinton/Insecta/GenusSpecies/Dryocosmus/minusculus/Dryocosmus-minusculus-6998661.jpg,minusculus
gs://bugoff-bucket1/hinton/Insecta/GenusSpecies/Dryocosmus/minusculus/Dryocosmus-minusculus-7076901.jpg,minusculus
gs://bugoff-bucket1/hinton/Insecta/GenusSpecies/Dryocosmus/minusculus/Dryocosmus-minusculus-7610736.jpg,minusculus
gs://bugoff-bucket1/hinton/Insecta/GenusSpecies/Dryocosmus/quercuspalustris/Dryocosmus-quercuspalustris-3718389.jpg,quercuspalustris
gs://bugoff-bucket1/hinton/Insecta/GenusSpecies/Dryocosmus/quercuspalustris/Dryocosmus-quercuspalustris-3813224.jpg,quercuspalustris
gs://bugoff-bucket1/hinton/Insecta/GenusSpecies/Dryocosmus/quercuspalustris/Dryocosmus-quercuspalustris-7158419.jpg,quercuspalustris
gs://bugoff-bucket1/hinton/Insecta/GenusSpecies/Dryocosmus/rubra/Dryocosmus-rubra-3275318.jpg,rubra
gs://bugoff-bucket1/hinton/Insecta/GenusSpecies/Dryocosmus/sempervirens/Dryocosmus-sempervirens-5042254.jpg,sempervirens
gs://bugoff-bucket1/hinton/Insecta/GenusSpecies/Dryocosmus/agrifolia/Dryocosmus-agrifolia-2184400.jpg,agrifolia
gs://bugoff-bucket1/hinton/Insecta/GenusSpecies/Dryocosmus/agrifolia/Dryocosmus-agrifolia-2203999.jpg,agrifolia
gs://bugoff-bucket1/hinton/Insecta/GenusSpecies/Dryocosmus/agrifolia/Dryocosmus-agrifolia-2204000.jpg,agrifolia
gs://bugoff-bucket1/hinton/Insecta/GenusSpecies/Dryocosmus/agrifolia/Dryocosmus-agrifolia-2250851.jpg,agrifolia
gs://bugoff-bucket1/hinton/Insecta/GenusSpecies/Dryocosmus/agrifolia/Dryocosmus-agrifolia-5442591.jpg,agrifolia
gs://bugoff-bucket1/hinton/Insecta/GenusSpecies/Dryocosmus/agrifolia/Dryocosmus-agrifolia-713969.jpg,agrifolia
gs://bugoff-bucket1/hinton/Insecta/GenusSpecies/Dryocosmus/asymmetricus/Dryocosmus-asymmetricus-2381371.jpg,asymmetricus
gs://bugoff-bucket1/hinton/Insecta/GenusSpecies/Dryocosmus/asymmetricus/Dryocosmus-asymmetricus-2394128.jpg,asymmetricus
gs://bugoff-bucket1/hinton/Insecta/GenusSpecies/Dryocosmus/asymmetricus/Dryocosmus-asymmetricus-2406290.jpg,asymmetricus
gs://bugoff-bucket1/hinton/Insecta/GenusSpecies/Dryocosmus/asymmetricus/Dryocosmus-asymmetricus-2820257.jpg,asymmetricus
gs://bugoff-bucket1/hinton/Insecta/GenusSpecies/Dryocosmus/asymmetricus/Dryocosmus-asymmetricus-3039511.jpg,asymmetricus
gs://bugoff-bucket1/hinton/Insecta/GenusSpecies/Dryocosmus/asymmetricus/Dryocosmus-asymmetricus-3389417.jpg,asymmetricus
gs://bugoff-bucket1/hinton/Insecta/GenusSpecies/Dryocosmus/asymmetricus/Dryocosmus-asymmetricus-6030550.jpg,asymmetricus
gs://bugoff-bucket1/hinton/Insecta/GenusSpecies/Dryocosmus/castanopsidis/Dryocosmus-castanopsidis-4462547.jpg,castanopsidis
gs://bugoff-bucket1/hinton/Insecta/GenusSpecies/Dryocosmus/castanopsidis/Dryocosmus-castanopsidis-4705873.jpg,castanopsidis
gs://bugoff-bucket1/hinton/Insecta/GenusSpecies/Dryocosmus/castanopsidis/Dryocosmus-castanopsidis-47797.jpg,castanopsidis
gs://bugoff-bucket1/hinton/Insecta/GenusSpecies/Dryocosmus/castanopsidis/Dryocosmus-castanopsidis-52085.jpg,castanopsidis
gs://bugoff-bucket1/hinton/Insecta/GenusSpecies/Dryocosmus/chrysolepis/Dryocosmus-chrysolepis-1297829.jpg,chrysolepis
gs://bugoff-bucket1/hinton/Insecta/GenusSpecies/Dryocosmus/chrysolepis/Dryocosmus-chrysolepis-7805852.jpg,chrysolepis
gs://bugoff-bucket1/hinton/Insecta/GenusSpecies/Dryocosmus/chrysophylla/Dryocosmus-chrysophylla-185044.jpg,chrysophylla
gs://bugoff-bucket1/hinton/Insecta/GenusSpecies/Dryocosmus/chrysophylla/Dryocosmus-chrysophylla-2436346.jpg,chrysophylla
gs://bugoff-bucket1/hinton/Insecta/GenusSpecies/Dryocosmus/chrysophylla/Dryocosmus-chrysophylla-5322938.jpg,chrysophylla
gs://bugoff-bucket1/hinton/Insecta/GenusSpecies/Dryocosmus/deciduus/Dryocosmus-deciduus-2982087.jpg,deciduus
gs://bugoff-bucket1/hinton/Insecta/GenusSpecies/Dryocosmus/dubiosus/Dryocosmus-dubiosus-5738914.jpg,dubiosus
gs://bugoff-bucket1/hinton/Insecta/GenusSpecies/Dryocosmus/dubiosus/Dryocosmus-dubiosus-782157.jpg,dubiosus
gs://bugoff-bucket1/hinton/Insecta/GenusSpecies/Dryocosmus/imbricariae/Dryocosmus-imbricariae-1659056.jpg,imbricariae
gs://bugoff-bucket1/hinton/Insecta/GenusSpecies/Dryocosmus/imbricariae/Dryocosmus-imbricariae-175996.jpg,imbricariae
gs://bugoff-bucket1/hinton/Insecta/GenusSpecies/Dryocosmus/imbricariae/Dryocosmus-imbricariae-2923373.jpg,imbricariae
gs://bugoff-bucket1/hinton/Insecta/GenusSpecies/Dryocosmus/imbricariae/Dryocosmus-imbricariae-4595213.jpg,imbricariae
gs://bugoff-bucket1/hinton/Insecta/GenusSpecies/Dryocosmus/imbricariae/Dryocosmus-imbricariae-4713229.jpg,imbricariae
gs://bugoff-bucket1/hinton/Insecta/GenusSpecies/Dryocosmus/kuriphilus/Dryocosmus-kuriphilus-4950574.jpg,kuriphilus
gs://bugoff-bucket1/hinton/Insecta/GenusSpecies/Dryocosmus/kuriphilus/Dryocosmus-kuriphilus-7666968.jpg,kuriphilus
gs://bugoff-bucket1/hinton/Insecta/GenusSpecies/Dryocosmus/kuriphilus/Dryocosmus-kuriphilus-7812533.jpg,kuriphilus
gs://bugoff-bucket1/hinton/Insecta/GenusSpecies/Dryocosmus/kuriphilus/Dryocosmus-kuriphilus-7938758.jpg,kuriphilus
gs://bugoff-bucket1/hinton/Insecta/GenusSpecies/Dryocosmus/lobata/Dryocosmus-lobata-2380317.jpg,lobata
gs://bugoff-bucket1/hinton/Insecta/GenusSpecies/Dryocosmus/minusculus/Dryocosmus-minusculus-2365554.jpg,minusculus
gs://bugoff-bucket1/hinton/Insecta/GenusSpecies/Dryocosmus/minusculus/Dryocosmus-minusculus-2375307.jpg,minusculus
gs://bugoff-bucket1/hinton/Insecta/GenusSpecies/Dryocosmus/minusculus/Dryocosmus-minusculus-2375335.jpg,minusculus
gs://bugoff-bucket1/hinton/Insecta/GenusSpecies/Dryocosmus/minusculus/Dryocosmus-minusculus-2410003.jpg,minusculus
gs://bugoff-bucket1/hinton/Insecta/GenusSpecies/Dryocosmus/minusculus/Dryocosmus-minusculus-266960.jpg,minusculus
gs://bugoff-bucket1/hinton/Insecta/GenusSpecies/Dryocosmus/minusculus/Dryocosmus-minusculus-333683.jpg,minusculus
gs://bugoff-bucket1/hinton/Insecta/GenusSpecies/Dryocosmus/minusculus/Dryocosmus-minusculus-4279118.jpg,minusculus
gs://bugoff-bucket1/hinton/Insecta/GenusSpecies/Dryocosmus/minusculus/Dryocosmus-minusculus-4930376.jpg,minusculus
gs://bugoff-bucket1/hinton/Insecta/GenusSpecies/Dryocosmus/minusculus/Dryocosmus-minusculus-5016811.jpg,minusculus
gs://bugoff-bucket1/hinton/Insecta/GenusSpecies/Dryocosmus/minusculus/Dryocosmus-minusculus-5024721.jpg,minusculus
gs://bugoff-bucket1/hinton/Insecta/GenusSpecies/Dryocosmus/minusculus/Dryocosmus-minusculus-5026126.jpg,minusculus
gs://bugoff-bucket1/hinton/Insecta/GenusSpecies/Dryocosmus/minusculus/Dryocosmus-minusculus-5268947.jpg,minusculus
gs://bugoff-bucket1/hinton/Insecta/GenusSpecies/Dryocosmus/minusculus/Dryocosmus-minusculus-544383.jpg,minusculus
gs://bugoff-bucket1/hinton/Insecta/GenusSpecies/Dryocosmus/minusculus/Dryocosmus-minusculus-5739199.jpg,minusculus
gs://bugoff-bucket1/hinton/Insecta/GenusSpecies/Dryocosmus/minusculus/Dryocosmus-minusculus-6825474.jpg,minusculus
gs://bugoff-bucket1/hinton/Insecta/GenusSpecies/Dryocosmus/minusculus/Dryocosmus-minusculus-6985471.jpg,minusculus
gs://bugoff-bucket1/hinton/Insecta/GenusSpecies/Dryocosmus/minusculus/Dryocosmus-minusculus-6998661.jpg,minusculus
gs://bugoff-bucket1/hinton/Insecta/GenusSpecies/Dryocosmus/minusculus/Dryocosmus-minusculus-7076901.jpg,minusculus
gs://bugoff-bucket1/hinton/Insecta/GenusSpecies/Dryocosmus/minusculus/Dryocosmus-minusculus-7610736.jpg,minusculus
gs://bugoff-bucket1/hinton/Insecta/GenusSpecies/Dryocosmus/quercuspalustris/Dryocosmus-quercuspalustris-3718389.jpg,quercuspalustris
gs://bugoff-bucket1/hinton/Insecta/GenusSpecies/Dryocosmus/quercuspalustris/Dryocosmus-quercuspalustris-3813224.jpg,quercuspalustris
gs://bugoff-bucket1/hinton/Insecta/GenusSpecies/Dryocosmus/quercuspalustris/Dryocosmus-quercuspalustris-7158419.jpg,quercuspalustris
gs://bugoff-bucket1/hinton/Insecta/GenusSpecies/Dryocosmus/rubra/Dryocosmus-rubra-3275318.jpg,rubra
gs://bugoff-bucket1/hinton/Insecta/GenusSpecies/Dryocosmus/sempervirens/Dryocosmus-sempervirens-5042254.jpg,sempervirens
