gs://bugoff-bucket1/hinton/Insecta/GenusSpecies/Agraylea/multipunctata/Agraylea-multipunctata-9086460.jpg,Agraylea
gs://bugoff-bucket1/hinton/Insecta/GenusSpecies/Agraylea/multipunctata/Agraylea-multipunctata-921827.jpg,Agraylea
gs://bugoff-bucket1/hinton/Insecta/GenusSpecies/Banksiola/crotchi/Banksiola-crotchi-8829722.jpg,Banksiola
gs://bugoff-bucket1/hinton/Insecta/GenusSpecies/Banksiola/dossuaria/Banksiola-dossuaria-9381798.jpg,Banksiola
gs://bugoff-bucket1/hinton/Insecta/GenusSpecies/Brachycentrus/subnubilus/Brachycentrus-subnubilus-8830920.jpg,Brachycentrus
gs://bugoff-bucket1/hinton/Insecta/GenusSpecies/Chimarra/texana/Chimarra-texana-8669923.jpg,Chimarra
gs://bugoff-bucket1/hinton/Insecta/GenusSpecies/Hydatophylax/argus/Hydatophylax-argus-8269289.jpg,Hydatophylax
gs://bugoff-bucket1/hinton/Insecta/GenusSpecies/Hydroptila/icona/Hydroptila-icona-8642124.jpg,Hydroptila
gs://bugoff-bucket1/hinton/Insecta/GenusSpecies/Lepidostoma/japonicum/Lepidostoma-japonicum-907205.jpg,Lepidostoma
gs://bugoff-bucket1/hinton/Insecta/GenusSpecies/Limnephilus/binotatus/Limnephilus-binotatus-820439.jpg,Limnephilus
gs://bugoff-bucket1/hinton/Insecta/GenusSpecies/Limnephilus/lunatus/Limnephilus-lunatus-8317023.jpg,Limnephilus
gs://bugoff-bucket1/hinton/Insecta/GenusSpecies/Macrostemum/zebratum/Macrostemum-zebratum-8155942.jpg,Macrostemum
gs://bugoff-bucket1/hinton/Insecta/GenusSpecies/Macrostemum/zebratum/Macrostemum-zebratum-8478229.jpg,Macrostemum
gs://bugoff-bucket1/hinton/Insecta/GenusSpecies/Macrostemum/zebratum/Macrostemum-zebratum-8640029.jpg,Macrostemum
gs://bugoff-bucket1/hinton/Insecta/GenusSpecies/Macrostemum/zebratum/Macrostemum-zebratum-8896932.jpg,Macrostemum
gs://bugoff-bucket1/hinton/Insecta/GenusSpecies/Macrostemum/zebratum/Macrostemum-zebratum-9049610.jpg,Macrostemum
gs://bugoff-bucket1/hinton/Insecta/GenusSpecies/Macrostemum/zebratum/Macrostemum-zebratum-9207943.jpg,Macrostemum
gs://bugoff-bucket1/hinton/Insecta/GenusSpecies/Macrostemum/zebratum/Macrostemum-zebratum-9297329.jpg,Macrostemum
gs://bugoff-bucket1/hinton/Insecta/GenusSpecies/Macrostemum/zebratum/Macrostemum-zebratum-9297916.jpg,Macrostemum
gs://bugoff-bucket1/hinton/Insecta/GenusSpecies/Macrostemum/zebratum/Macrostemum-zebratum-9309883.jpg,Macrostemum
gs://bugoff-bucket1/hinton/Insecta/GenusSpecies/Macrostemum/zebratum/Macrostemum-zebratum-9341101.jpg,Macrostemum
gs://bugoff-bucket1/hinton/Insecta/GenusSpecies/Macrostemum/zebratum/Macrostemum-zebratum-939272.jpg,Macrostemum
gs://bugoff-bucket1/hinton/Insecta/GenusSpecies/Macrostemum/zebratum/Macrostemum-zebratum-9448533.jpg,Macrostemum
gs://bugoff-bucket1/hinton/Insecta/GenusSpecies/Macrostemum/zebratum/Macrostemum-zebratum-9478147.jpg,Macrostemum
gs://bugoff-bucket1/hinton/Insecta/GenusSpecies/Mystacides/azureus/Mystacides-azureus-8745617.jpg,Mystacides
gs://bugoff-bucket1/hinton/Insecta/GenusSpecies/Mystacides/longicornis/Mystacides-longicornis-8050894.jpg,Mystacides
gs://bugoff-bucket1/hinton/Insecta/GenusSpecies/Mystacides/longicornis/Mystacides-longicornis-8094652.jpg,Mystacides
gs://bugoff-bucket1/hinton/Insecta/GenusSpecies/Mystacides/longicornis/Mystacides-longicornis-8581561.jpg,Mystacides
gs://bugoff-bucket1/hinton/Insecta/GenusSpecies/Mystacides/longicornis/Mystacides-longicornis-900346.jpg,Mystacides
gs://bugoff-bucket1/hinton/Insecta/GenusSpecies/Mystacides/longicornis/Mystacides-longicornis-9193603.jpg,Mystacides
gs://bugoff-bucket1/hinton/Insecta/GenusSpecies/Mystacides/longicornis/Mystacides-longicornis-9222859.jpg,Mystacides
gs://bugoff-bucket1/hinton/Insecta/GenusSpecies/Mystacides/longicornis/Mystacides-longicornis-9269912.jpg,Mystacides
gs://bugoff-bucket1/hinton/Insecta/GenusSpecies/Mystacides/longicornis/Mystacides-longicornis-9567356.jpg,Mystacides
gs://bugoff-bucket1/hinton/Insecta/GenusSpecies/Mystacides/sepulchralis/Mystacides-sepulchralis-8140952.jpg,Mystacides
gs://bugoff-bucket1/hinton/Insecta/GenusSpecies/Mystacides/sepulchralis/Mystacides-sepulchralis-8301919.jpg,Mystacides
gs://bugoff-bucket1/hinton/Insecta/GenusSpecies/Mystacides/sepulchralis/Mystacides-sepulchralis-8550206.jpg,Mystacides
gs://bugoff-bucket1/hinton/Insecta/GenusSpecies/Mystacides/sepulchralis/Mystacides-sepulchralis-8932138.jpg,Mystacides
gs://bugoff-bucket1/hinton/Insecta/GenusSpecies/Mystacides/sepulchralis/Mystacides-sepulchralis-9264496.jpg,Mystacides
gs://bugoff-bucket1/hinton/Insecta/GenusSpecies/Mystacides/sepulchralis/Mystacides-sepulchralis-945154.jpg,Mystacides
gs://bugoff-bucket1/hinton/Insecta/GenusSpecies/Mystacides/sepulchralis/Mystacides-sepulchralis-986178.jpg,Mystacides
gs://bugoff-bucket1/hinton/Insecta/GenusSpecies/Nectopsyche/exquisita/Nectopsyche-exquisita-8813384.jpg,Nectopsyche
gs://bugoff-bucket1/hinton/Insecta/GenusSpecies/Nectopsyche/exquisita/Nectopsyche-exquisita-9049914.jpg,Nectopsyche
gs://bugoff-bucket1/hinton/Insecta/GenusSpecies/Nectopsyche/exquisita/Nectopsyche-exquisita-9123787.jpg,Nectopsyche
gs://bugoff-bucket1/hinton/Insecta/GenusSpecies/Nectopsyche/exquisita/Nectopsyche-exquisita-9226270.jpg,Nectopsyche
gs://bugoff-bucket1/hinton/Insecta/GenusSpecies/Nectopsyche/exquisita/Nectopsyche-exquisita-923389.jpg,Nectopsyche
gs://bugoff-bucket1/hinton/Insecta/GenusSpecies/Nectopsyche/exquisita/Nectopsyche-exquisita-9372603.jpg,Nectopsyche
gs://bugoff-bucket1/hinton/Insecta/GenusSpecies/Nerophilus/californicus/Nerophilus-californicus-8381100.jpg,Nerophilus
gs://bugoff-bucket1/hinton/Insecta/GenusSpecies/Nerophilus/californicus/Nerophilus-californicus-8381164.jpg,Nerophilus
gs://bugoff-bucket1/hinton/Insecta/GenusSpecies/Oecetis/inconspicua/Oecetis-inconspicua-8674792.jpg,Oecetis
gs://bugoff-bucket1/hinton/Insecta/GenusSpecies/Oligostomis/pardalis/Oligostomis-pardalis-8486217.jpg,Oligostomis
gs://bugoff-bucket1/hinton/Insecta/GenusSpecies/Phryganea/grandis/Phryganea-grandis-9151200.jpg,Phryganea
gs://bugoff-bucket1/hinton/Insecta/GenusSpecies/Phryganea/grandis/Phryganea-grandis-9193938.jpg,Phryganea
gs://bugoff-bucket1/hinton/Insecta/GenusSpecies/Phylloicus/aeneus/Phylloicus-aeneus-8133607.jpg,Phylloicus
gs://bugoff-bucket1/hinton/Insecta/GenusSpecies/Phylloicus/aeneus/Phylloicus-aeneus-8995710.jpg,Phylloicus
gs://bugoff-bucket1/hinton/Insecta/GenusSpecies/Phylloicus/aeneus/Phylloicus-aeneus-9168777.jpg,Phylloicus
gs://bugoff-bucket1/hinton/Insecta/GenusSpecies/Phylloicus/aeneus/Phylloicus-aeneus-9341304.jpg,Phylloicus
gs://bugoff-bucket1/hinton/Insecta/GenusSpecies/Phylloicus/mexicanus/Phylloicus-mexicanus-847545.jpg,Phylloicus
gs://bugoff-bucket1/hinton/Insecta/GenusSpecies/Platycentropus/radiatus/Platycentropus-radiatus-9390257.jpg,Platycentropus
gs://bugoff-bucket1/hinton/Insecta/GenusSpecies/Ptilostomis/ocellifera/Ptilostomis-ocellifera-8942416.jpg,Ptilostomis
gs://bugoff-bucket1/hinton/Insecta/GenusSpecies/Smicridea/dispar/Smicridea-dispar-8215610.jpg,Smicridea
gs://bugoff-bucket1/hinton/Insecta/GenusSpecies/Smicridea/dispar/Smicridea-dispar-9512465.jpg,Smicridea
gs://bugoff-bucket1/hinton/Insecta/GenusSpecies/Smicridea/dispar/Smicridea-dispar-9512467.jpg,Smicridea
gs://bugoff-bucket1/hinton/Insecta/GenusSpecies/Smicridea/dispar/Smicridea-dispar-9653668.jpg,Smicridea
gs://bugoff-bucket1/hinton/Insecta/Genus1/Agrypnia/Agrypnia-9242842.jpg,Agrypnia
gs://bugoff-bucket1/hinton/Insecta/Genus1/Banksiola/Banksiola-9476268.jpg,Banksiola
gs://bugoff-bucket1/hinton/Insecta/Genus1/Brachycentrus/Brachycentrus-8343905.jpg,Brachycentrus
gs://bugoff-bucket1/hinton/Insecta/Genus1/Brachycentrus/Brachycentrus-858257.jpg,Brachycentrus
gs://bugoff-bucket1/hinton/Insecta/Genus1/Ceraclea/Ceraclea-8278643.jpg,Ceraclea
gs://bugoff-bucket1/hinton/Insecta/Genus1/Ceraclea/Ceraclea-8283254.jpg,Ceraclea
gs://bugoff-bucket1/hinton/Insecta/Genus1/Chimarra/Chimarra-8280020.jpg,Chimarra
gs://bugoff-bucket1/hinton/Insecta/Genus1/Chimarra/Chimarra-8286208.jpg,Chimarra
gs://bugoff-bucket1/hinton/Insecta/Genus1/Chimarra/Chimarra-8360085.jpg,Chimarra
gs://bugoff-bucket1/hinton/Insecta/Genus1/Chimarra/Chimarra-8380026.jpg,Chimarra
gs://bugoff-bucket1/hinton/Insecta/Genus1/Hesperophylax/Hesperophylax-8226834.jpg,Hesperophylax
gs://bugoff-bucket1/hinton/Insecta/Genus1/Hesperophylax/Hesperophylax-8512024.jpg,Hesperophylax
gs://bugoff-bucket1/hinton/Insecta/Genus1/Hydropsyche/Hydropsyche-8342537.jpg,Hydropsyche
gs://bugoff-bucket1/hinton/Insecta/Genus1/Hydropsyche/Hydropsyche-8423984.jpg,Hydropsyche
gs://bugoff-bucket1/hinton/Insecta/Genus1/Hydropsyche/Hydropsyche-8568988.jpg,Hydropsyche
gs://bugoff-bucket1/hinton/Insecta/Genus1/Hydropsyche/Hydropsyche-8649213.jpg,Hydropsyche
gs://bugoff-bucket1/hinton/Insecta/Genus1/Hydropsyche/Hydropsyche-9260926.jpg,Hydropsyche
gs://bugoff-bucket1/hinton/Insecta/Genus1/Hydropsyche/Hydropsyche-9260927.jpg,Hydropsyche
gs://bugoff-bucket1/hinton/Insecta/Genus1/Lepidostoma/Lepidostoma-8343768.jpg,Lepidostoma
gs://bugoff-bucket1/hinton/Insecta/Genus1/Lepidostoma/Lepidostoma-8884855.jpg,Lepidostoma
gs://bugoff-bucket1/hinton/Insecta/Genus1/Limnephilus/Limnephilus-8615439.jpg,Limnephilus
gs://bugoff-bucket1/hinton/Insecta/Genus1/Limnephilus/Limnephilus-8618429.jpg,Limnephilus
gs://bugoff-bucket1/hinton/Insecta/Genus1/Limnephilus/Limnephilus-8789918.jpg,Limnephilus
gs://bugoff-bucket1/hinton/Insecta/Genus1/Limnephilus/Limnephilus-9099067.jpg,Limnephilus
gs://bugoff-bucket1/hinton/Insecta/Genus1/Macrostemum/Macrostemum-8060406.jpg,Macrostemum
gs://bugoff-bucket1/hinton/Insecta/Genus1/Macrostemum/Macrostemum-8283582.jpg,Macrostemum
gs://bugoff-bucket1/hinton/Insecta/Genus1/Macrostemum/Macrostemum-8405822.jpg,Macrostemum
gs://bugoff-bucket1/hinton/Insecta/Genus1/Macrostemum/Macrostemum-8763925.jpg,Macrostemum
gs://bugoff-bucket1/hinton/Insecta/Genus1/Macrostemum/Macrostemum-923388.jpg,Macrostemum
gs://bugoff-bucket1/hinton/Insecta/Genus1/Macrostemum/Macrostemum-9540733.jpg,Macrostemum
gs://bugoff-bucket1/hinton/Insecta/Genus1/Mystacides/Mystacides-9236769.jpg,Mystacides
gs://bugoff-bucket1/hinton/Insecta/Genus1/Mystacides/Mystacides-9427541.jpg,Mystacides
gs://bugoff-bucket1/hinton/Insecta/Genus1/Nectopsyche/Nectopsyche-8948033.jpg,Nectopsyche
gs://bugoff-bucket1/hinton/Insecta/Genus1/Nectopsyche/Nectopsyche-8993869.jpg,Nectopsyche
gs://bugoff-bucket1/hinton/Insecta/Genus1/Nectopsyche/Nectopsyche-9247302.jpg,Nectopsyche
gs://bugoff-bucket1/hinton/Insecta/Genus1/Nectopsyche/Nectopsyche-9332273.jpg,Nectopsyche
gs://bugoff-bucket1/hinton/Insecta/Genus1/Nectopsyche/Nectopsyche-9337192.jpg,Nectopsyche
gs://bugoff-bucket1/hinton/Insecta/Genus1/Nectopsyche/Nectopsyche-9512463.jpg,Nectopsyche
gs://bugoff-bucket1/hinton/Insecta/Genus1/Neureclipsis/Neureclipsis-8714237.jpg,Neureclipsis
gs://bugoff-bucket1/hinton/Insecta/Genus1/Oecetis/Oecetis-8159757.jpg,Oecetis
gs://bugoff-bucket1/hinton/Insecta/Genus1/Oecetis/Oecetis-8778126.jpg,Oecetis
gs://bugoff-bucket1/hinton/Insecta/Genus1/Oecetis/Oecetis-8797162.jpg,Oecetis
gs://bugoff-bucket1/hinton/Insecta/Genus1/Orthotrichia/Orthotrichia-921824.jpg,Orthotrichia
gs://bugoff-bucket1/hinton/Insecta/Genus1/Pedomoecus/Pedomoecus-8342453.jpg,Pedomoecus
gs://bugoff-bucket1/hinton/Insecta/Genus1/Phryganea/Phryganea-8013790.jpg,Phryganea
gs://bugoff-bucket1/hinton/Insecta/Genus1/Phryganea/Phryganea-9524362.jpg,Phryganea
gs://bugoff-bucket1/hinton/Insecta/Genus1/Phryganea/Phryganea-970238.jpg,Phryganea
gs://bugoff-bucket1/hinton/Insecta/Genus1/Psychoglypha/Psychoglypha-8789942.jpg,Psychoglypha
gs://bugoff-bucket1/hinton/Insecta/Genus1/Ptilostomis/Ptilostomis-8643421.jpg,Ptilostomis
gs://bugoff-bucket1/hinton/Insecta/Genus1/Ptilostomis/Ptilostomis-969460.jpg,Ptilostomis
gs://bugoff-bucket1/hinton/Insecta/Genus1/Rhyacophila/Rhyacophila-8343664.jpg,Rhyacophila
gs://bugoff-bucket1/hinton/Insecta/Genus1/Rhyacophila/Rhyacophila-8569257.jpg,Rhyacophila
gs://bugoff-bucket1/hinton/Insecta/Genus1/Triaenodes/Triaenodes-8107077.jpg,Triaenodes
gs://bugoff-bucket1/hinton/Insecta/Genus1/Triaenodes/Triaenodes-8269679.jpg,Triaenodes
gs://bugoff-bucket1/hinton/Insecta/Genus1/Triaenodes/Triaenodes-8643111.jpg,Triaenodes
gs://bugoff-bucket1/hinton/Insecta/Genus1/Triaenodes/Triaenodes-8643125.jpg,Triaenodes
gs://bugoff-bucket1/hinton/Insecta/Genus1/Triaenodes/Triaenodes-8643622.jpg,Triaenodes
gs://bugoff-bucket1/hinton/Insecta/Genus1/Triaenodes/Triaenodes-8666134.jpg,Triaenodes
gs://bugoff-bucket1/hinton/Insecta/Genus1/Triaenodes/Triaenodes-8673835.jpg,Triaenodes
gs://bugoff-bucket1/hinton/Insecta/Genus1/Triaenodes/Triaenodes-8916723.jpg,Triaenodes
gs://bugoff-bucket1/hinton/Insecta/Genus1/Triaenodes/Triaenodes-8948848.jpg,Triaenodes
gs://bugoff-bucket1/hinton/Insecta/Genus1/Triaenodes/Triaenodes-9072272.jpg,Triaenodes
gs://bugoff-bucket1/hinton/Insecta/Genus1/Triaenodes/Triaenodes-9459879.jpg,Triaenodes
