gs://bugoff-bucket1/hinton/Insecta/GenusSpecies/Agraylea/multipunctata/Agraylea-multipunctata-2031216.jpg,multipunctata
gs://bugoff-bucket1/hinton/Insecta/GenusSpecies/Agraylea/multipunctata/Agraylea-multipunctata-2645906.jpg,multipunctata
gs://bugoff-bucket1/hinton/Insecta/GenusSpecies/Agraylea/multipunctata/Agraylea-multipunctata-4540385.jpg,multipunctata
gs://bugoff-bucket1/hinton/Insecta/GenusSpecies/Agraylea/multipunctata/Agraylea-multipunctata-4703571.jpg,multipunctata
gs://bugoff-bucket1/hinton/Insecta/GenusSpecies/Agraylea/multipunctata/Agraylea-multipunctata-4783380.jpg,multipunctata
gs://bugoff-bucket1/hinton/Insecta/GenusSpecies/Agraylea/multipunctata/Agraylea-multipunctata-6943067.jpg,multipunctata
gs://bugoff-bucket1/hinton/Insecta/GenusSpecies/Agraylea/multipunctata/Agraylea-multipunctata-7593954.jpg,multipunctata
gs://bugoff-bucket1/hinton/Insecta/GenusSpecies/Agraylea/multipunctata/Agraylea-multipunctata-7658207.jpg,multipunctata
gs://bugoff-bucket1/hinton/Insecta/GenusSpecies/Agrypnia/varia/Agrypnia-varia-4601527.jpg,varia
gs://bugoff-bucket1/hinton/Insecta/GenusSpecies/Agrypnia/vestita/Agrypnia-vestita-2178543.jpg,vestita
gs://bugoff-bucket1/hinton/Insecta/GenusSpecies/Agrypnia/vestita/Agrypnia-vestita-2601734.jpg,vestita
gs://bugoff-bucket1/hinton/Insecta/GenusSpecies/Agrypnia/vestita/Agrypnia-vestita-2633800.jpg,vestita
gs://bugoff-bucket1/hinton/Insecta/GenusSpecies/Agrypnia/vestita/Agrypnia-vestita-4774398.jpg,vestita
gs://bugoff-bucket1/hinton/Insecta/GenusSpecies/Agrypnia/vestita/Agrypnia-vestita-5174118.jpg,vestita
gs://bugoff-bucket1/hinton/Insecta/GenusSpecies/Agrypnia/vestita/Agrypnia-vestita-5806192.jpg,vestita
gs://bugoff-bucket1/hinton/Insecta/GenusSpecies/Agrypnia/vestita/Agrypnia-vestita-5806276.jpg,vestita
gs://bugoff-bucket1/hinton/Insecta/GenusSpecies/Amiocentrus/aspilus/Amiocentrus-aspilus-1556336.jpg,aspilus
gs://bugoff-bucket1/hinton/Insecta/GenusSpecies/Banksiola/concatenata/Banksiola-concatenata-6794262.jpg,concatenata
gs://bugoff-bucket1/hinton/Insecta/GenusSpecies/Banksiola/crotchi/Banksiola-crotchi-5786243.jpg,crotchi
gs://bugoff-bucket1/hinton/Insecta/GenusSpecies/Banksiola/crotchi/Banksiola-crotchi-6322525.jpg,crotchi
gs://bugoff-bucket1/hinton/Insecta/GenusSpecies/Banksiola/dossuaria/Banksiola-dossuaria-4763790.jpg,dossuaria
gs://bugoff-bucket1/hinton/Insecta/GenusSpecies/Banksiola/dossuaria/Banksiola-dossuaria-5786241.jpg,dossuaria
gs://bugoff-bucket1/hinton/Insecta/GenusSpecies/Banksiola/dossuaria/Banksiola-dossuaria-5786247.jpg,dossuaria
gs://bugoff-bucket1/hinton/Insecta/GenusSpecies/Banksiola/dossuaria/Banksiola-dossuaria-5786256.jpg,dossuaria
gs://bugoff-bucket1/hinton/Insecta/GenusSpecies/Banksiola/dossuaria/Banksiola-dossuaria-6704609.jpg,dossuaria
gs://bugoff-bucket1/hinton/Insecta/GenusSpecies/Banksiola/dossuaria/Banksiola-dossuaria-6844573.jpg,dossuaria
gs://bugoff-bucket1/hinton/Insecta/GenusSpecies/Ceraclea/maculata/Ceraclea-maculata-6321889.jpg,maculata
gs://bugoff-bucket1/hinton/Insecta/GenusSpecies/Ceraclea/resurgens/Ceraclea-resurgens-2086951.jpg,resurgens
gs://bugoff-bucket1/hinton/Insecta/GenusSpecies/Ceraclea/resurgens/Ceraclea-resurgens-2496283.jpg,resurgens
gs://bugoff-bucket1/hinton/Insecta/GenusSpecies/Ceraclea/slossonae/Ceraclea-slossonae-5786265.jpg,slossonae
gs://bugoff-bucket1/hinton/Insecta/GenusSpecies/Ceraclea/slossonae/Ceraclea-slossonae-5786441.jpg,slossonae
gs://bugoff-bucket1/hinton/Insecta/GenusSpecies/Ceraclea/tarsipunctata/Ceraclea-tarsipunctata-6321872.jpg,tarsipunctata
gs://bugoff-bucket1/hinton/Insecta/GenusSpecies/Ceraclea/transversa/Ceraclea-transversa-4763794.jpg,transversa
gs://bugoff-bucket1/hinton/Insecta/GenusSpecies/Cernotina/spicata/Cernotina-spicata-6322267.jpg,spicata
gs://bugoff-bucket1/hinton/Insecta/GenusSpecies/Chimarra/marginata/Chimarra-marginata-2027902.jpg,marginata
gs://bugoff-bucket1/hinton/Insecta/GenusSpecies/Chimarra/nervosa/Chimarra-nervosa-2024173.jpg,nervosa
gs://bugoff-bucket1/hinton/Insecta/GenusSpecies/Chimarra/obscura/Chimarra-obscura-6322471.jpg,obscura
gs://bugoff-bucket1/hinton/Insecta/GenusSpecies/Chimarra/texana/Chimarra-texana-6738280.jpg,texana
gs://bugoff-bucket1/hinton/Insecta/GenusSpecies/Chimarra/texana/Chimarra-texana-7465143.jpg,texana
gs://bugoff-bucket1/hinton/Insecta/GenusSpecies/Clostoeca/disjuncta/Clostoeca-disjuncta-1263024.jpg,disjuncta
gs://bugoff-bucket1/hinton/Insecta/GenusSpecies/Dicosmoecus/gilvipes/Dicosmoecus-gilvipes-281073.jpg,gilvipes
gs://bugoff-bucket1/hinton/Insecta/GenusSpecies/Diplectrona/felix/Diplectrona-felix-1954932.jpg,felix
gs://bugoff-bucket1/hinton/Insecta/GenusSpecies/Diplectrona/modesta/Diplectrona-modesta-2025862.jpg,modesta
gs://bugoff-bucket1/hinton/Insecta/GenusSpecies/Dolophilodes/distinctus/Dolophilodes-distinctus-6322194.jpg,distinctus
gs://bugoff-bucket1/hinton/Insecta/GenusSpecies/Frenesia/difficilis/Frenesia-difficilis-1380077.jpg,difficilis
gs://bugoff-bucket1/hinton/Insecta/GenusSpecies/Frenesia/difficilis/Frenesia-difficilis-5256415.jpg,difficilis
gs://bugoff-bucket1/hinton/Insecta/GenusSpecies/Frenesia/missa/Frenesia-missa-1412665.jpg,missa
gs://bugoff-bucket1/hinton/Insecta/GenusSpecies/Frenesia/missa/Frenesia-missa-1417314.jpg,missa
gs://bugoff-bucket1/hinton/Insecta/GenusSpecies/Glyphopsyche/irrorata/Glyphopsyche-irrorata-3687649.jpg,irrorata
gs://bugoff-bucket1/hinton/Insecta/GenusSpecies/Gumaga/griseola/Gumaga-griseola-3943323.jpg,griseola
gs://bugoff-bucket1/hinton/Insecta/GenusSpecies/Gumaga/griseola/Gumaga-griseola-3943324.jpg,griseola
gs://bugoff-bucket1/hinton/Insecta/GenusSpecies/Halesochila/taylori/Halesochila-taylori-3291919.jpg,taylori
gs://bugoff-bucket1/hinton/Insecta/GenusSpecies/Halesochila/taylori/Halesochila-taylori-4315115.jpg,taylori
gs://bugoff-bucket1/hinton/Insecta/GenusSpecies/Helicopsyche/albescens/Helicopsyche-albescens-6056718.jpg,albescens
gs://bugoff-bucket1/hinton/Insecta/GenusSpecies/Helicopsyche/borealis/Helicopsyche-borealis-5432259.jpg,borealis
gs://bugoff-bucket1/hinton/Insecta/GenusSpecies/Helicopsyche/mexicana/Helicopsyche-mexicana-6482123.jpg,mexicana
gs://bugoff-bucket1/hinton/Insecta/GenusSpecies/Hydatophylax/argus/Hydatophylax-argus-1646639.jpg,argus
gs://bugoff-bucket1/hinton/Insecta/GenusSpecies/Hydatophylax/argus/Hydatophylax-argus-1981330.jpg,argus
gs://bugoff-bucket1/hinton/Insecta/GenusSpecies/Hydatophylax/argus/Hydatophylax-argus-3945435.jpg,argus
gs://bugoff-bucket1/hinton/Insecta/GenusSpecies/Hydatophylax/argus/Hydatophylax-argus-4015929.jpg,argus
gs://bugoff-bucket1/hinton/Insecta/GenusSpecies/Hydatophylax/argus/Hydatophylax-argus-4025679.jpg,argus
gs://bugoff-bucket1/hinton/Insecta/GenusSpecies/Hydatophylax/argus/Hydatophylax-argus-4060089.jpg,argus
gs://bugoff-bucket1/hinton/Insecta/GenusSpecies/Hydatophylax/argus/Hydatophylax-argus-4164024.jpg,argus
gs://bugoff-bucket1/hinton/Insecta/GenusSpecies/Hydatophylax/argus/Hydatophylax-argus-4207755.jpg,argus
gs://bugoff-bucket1/hinton/Insecta/GenusSpecies/Hydatophylax/argus/Hydatophylax-argus-4278536.jpg,argus
gs://bugoff-bucket1/hinton/Insecta/GenusSpecies/Hydatophylax/argus/Hydatophylax-argus-7985363.jpg,argus
gs://bugoff-bucket1/hinton/Insecta/GenusSpecies/Hydatophylax/formosus/Hydatophylax-formosus-5002639.jpg,formosus
gs://bugoff-bucket1/hinton/Insecta/GenusSpecies/Hydatophylax/formosus/Hydatophylax-formosus-5004867.jpg,formosus
gs://bugoff-bucket1/hinton/Insecta/GenusSpecies/Hydropsyche/aenigma/Hydropsyche-aenigma-6072334.jpg,aenigma
gs://bugoff-bucket1/hinton/Insecta/GenusSpecies/Hydropsyche/aenigma/Hydropsyche-aenigma-6072337.jpg,aenigma
gs://bugoff-bucket1/hinton/Insecta/GenusSpecies/Hydropsyche/contubernalis/Hydropsyche-contubernalis-2027942.jpg,contubernalis
gs://bugoff-bucket1/hinton/Insecta/GenusSpecies/Hydropsyche/orientalis/Hydropsyche-orientalis-1073013.jpg,orientalis
gs://bugoff-bucket1/hinton/Insecta/GenusSpecies/Lepidostoma/hirtum/Lepidostoma-hirtum-1124525.jpg,hirtum
gs://bugoff-bucket1/hinton/Insecta/GenusSpecies/Lepidostoma/hirtum/Lepidostoma-hirtum-261921.jpg,hirtum
gs://bugoff-bucket1/hinton/Insecta/GenusSpecies/Leptocerus/americanus/Leptocerus-americanus-663638.jpg,americanus
gs://bugoff-bucket1/hinton/Insecta/GenusSpecies/Limnephilus/binotatus/Limnephilus-binotatus-1835174.jpg,binotatus
gs://bugoff-bucket1/hinton/Insecta/GenusSpecies/Limnephilus/binotatus/Limnephilus-binotatus-1835181.jpg,binotatus
gs://bugoff-bucket1/hinton/Insecta/GenusSpecies/Limnephilus/binotatus/Limnephilus-binotatus-1835185.jpg,binotatus
gs://bugoff-bucket1/hinton/Insecta/GenusSpecies/Limnephilus/binotatus/Limnephilus-binotatus-1835196.jpg,binotatus
gs://bugoff-bucket1/hinton/Insecta/GenusSpecies/Limnephilus/binotatus/Limnephilus-binotatus-1835201.jpg,binotatus
gs://bugoff-bucket1/hinton/Insecta/GenusSpecies/Limnephilus/binotatus/Limnephilus-binotatus-1846699.jpg,binotatus
gs://bugoff-bucket1/hinton/Insecta/GenusSpecies/Limnephilus/binotatus/Limnephilus-binotatus-1909329.jpg,binotatus
gs://bugoff-bucket1/hinton/Insecta/GenusSpecies/Limnephilus/binotatus/Limnephilus-binotatus-1957412.jpg,binotatus
gs://bugoff-bucket1/hinton/Insecta/GenusSpecies/Limnephilus/binotatus/Limnephilus-binotatus-1989224.jpg,binotatus
gs://bugoff-bucket1/hinton/Insecta/GenusSpecies/Limnephilus/binotatus/Limnephilus-binotatus-2016945.jpg,binotatus
gs://bugoff-bucket1/hinton/Insecta/GenusSpecies/Limnephilus/binotatus/Limnephilus-binotatus-2162076.jpg,binotatus
gs://bugoff-bucket1/hinton/Insecta/GenusSpecies/Limnephilus/borealis/Limnephilus-borealis-6358967.jpg,borealis
gs://bugoff-bucket1/hinton/Insecta/GenusSpecies/Limnephilus/flavicornis/Limnephilus-flavicornis-4870832.jpg,flavicornis
gs://bugoff-bucket1/hinton/Insecta/GenusSpecies/Limnephilus/griseus/Limnephilus-griseus-1835173.jpg,griseus
gs://bugoff-bucket1/hinton/Insecta/GenusSpecies/Limnephilus/indivisus/Limnephilus-indivisus-5806274.jpg,indivisus
gs://bugoff-bucket1/hinton/Insecta/GenusSpecies/Limnephilus/lunatus/Limnephilus-lunatus-1315779.jpg,lunatus
gs://bugoff-bucket1/hinton/Insecta/GenusSpecies/Limnephilus/lunatus/Limnephilus-lunatus-1318477.jpg,lunatus
gs://bugoff-bucket1/hinton/Insecta/GenusSpecies/Limnephilus/lunatus/Limnephilus-lunatus-2027951.jpg,lunatus
gs://bugoff-bucket1/hinton/Insecta/GenusSpecies/Limnephilus/lunatus/Limnephilus-lunatus-2471092.jpg,lunatus
gs://bugoff-bucket1/hinton/Insecta/GenusSpecies/Limnephilus/lunatus/Limnephilus-lunatus-4601965.jpg,lunatus
gs://bugoff-bucket1/hinton/Insecta/GenusSpecies/Limnephilus/lunatus/Limnephilus-lunatus-4777761.jpg,lunatus
gs://bugoff-bucket1/hinton/Insecta/GenusSpecies/Limnephilus/lunatus/Limnephilus-lunatus-5422817.jpg,lunatus
gs://bugoff-bucket1/hinton/Insecta/GenusSpecies/Limnephilus/marmoratus/Limnephilus-marmoratus-4642829.jpg,marmoratus
gs://bugoff-bucket1/hinton/Insecta/GenusSpecies/Limnephilus/marmoratus/Limnephilus-marmoratus-5873667.jpg,marmoratus
gs://bugoff-bucket1/hinton/Insecta/GenusSpecies/Limnephilus/ornatus/Limnephilus-ornatus-5786239.jpg,ornatus
gs://bugoff-bucket1/hinton/Insecta/GenusSpecies/Limnephilus/ornatus/Limnephilus-ornatus-5786257.jpg,ornatus
gs://bugoff-bucket1/hinton/Insecta/GenusSpecies/Limnephilus/ornatus/Limnephilus-ornatus-5786280.jpg,ornatus
gs://bugoff-bucket1/hinton/Insecta/GenusSpecies/Limnephilus/rhombicus/Limnephilus-rhombicus-2496282.jpg,rhombicus
gs://bugoff-bucket1/hinton/Insecta/GenusSpecies/Limnephilus/sericeus/Limnephilus-sericeus-5806209.jpg,sericeus
gs://bugoff-bucket1/hinton/Insecta/GenusSpecies/Limnephilus/vittatus/Limnephilus-vittatus-1139132.jpg,vittatus
gs://bugoff-bucket1/hinton/Insecta/GenusSpecies/Limnephilus/vittatus/Limnephilus-vittatus-1966088.jpg,vittatus
gs://bugoff-bucket1/hinton/Insecta/GenusSpecies/Macrostemum/carolina/Macrostemum-carolina-5256224.jpg,carolina
gs://bugoff-bucket1/hinton/Insecta/GenusSpecies/Macrostemum/carolina/Macrostemum-carolina-5258308.jpg,carolina
gs://bugoff-bucket1/hinton/Insecta/GenusSpecies/Macrostemum/carolina/Macrostemum-carolina-5261161.jpg,carolina
gs://bugoff-bucket1/hinton/Insecta/GenusSpecies/Macrostemum/carolina/Macrostemum-carolina-5265970.jpg,carolina
gs://bugoff-bucket1/hinton/Insecta/GenusSpecies/Macrostemum/carolina/Macrostemum-carolina-5276590.jpg,carolina
gs://bugoff-bucket1/hinton/Insecta/GenusSpecies/Macrostemum/carolina/Macrostemum-carolina-5284732.jpg,carolina
gs://bugoff-bucket1/hinton/Insecta/GenusSpecies/Macrostemum/carolina/Macrostemum-carolina-5322017.jpg,carolina
gs://bugoff-bucket1/hinton/Insecta/GenusSpecies/Macrostemum/carolina/Macrostemum-carolina-5461295.jpg,carolina
gs://bugoff-bucket1/hinton/Insecta/GenusSpecies/Macrostemum/zebratum/Macrostemum-zebratum-1004905.jpg,zebratum
gs://bugoff-bucket1/hinton/Insecta/GenusSpecies/Macrostemum/zebratum/Macrostemum-zebratum-1011062.jpg,zebratum
gs://bugoff-bucket1/hinton/Insecta/GenusSpecies/Macrostemum/zebratum/Macrostemum-zebratum-1559176.jpg,zebratum
gs://bugoff-bucket1/hinton/Insecta/GenusSpecies/Macrostemum/zebratum/Macrostemum-zebratum-1975433.jpg,zebratum
gs://bugoff-bucket1/hinton/Insecta/GenusSpecies/Macrostemum/zebratum/Macrostemum-zebratum-2005391.jpg,zebratum
gs://bugoff-bucket1/hinton/Insecta/GenusSpecies/Macrostemum/zebratum/Macrostemum-zebratum-2214961.jpg,zebratum
gs://bugoff-bucket1/hinton/Insecta/GenusSpecies/Macrostemum/zebratum/Macrostemum-zebratum-2252693.jpg,zebratum
gs://bugoff-bucket1/hinton/Insecta/GenusSpecies/Macrostemum/zebratum/Macrostemum-zebratum-3810218.jpg,zebratum
gs://bugoff-bucket1/hinton/Insecta/GenusSpecies/Macrostemum/zebratum/Macrostemum-zebratum-3974682.jpg,zebratum
gs://bugoff-bucket1/hinton/Insecta/GenusSpecies/Macrostemum/zebratum/Macrostemum-zebratum-4204402.jpg,zebratum
gs://bugoff-bucket1/hinton/Insecta/GenusSpecies/Macrostemum/zebratum/Macrostemum-zebratum-4211356.jpg,zebratum
gs://bugoff-bucket1/hinton/Insecta/GenusSpecies/Macrostemum/zebratum/Macrostemum-zebratum-4453181.jpg,zebratum
gs://bugoff-bucket1/hinton/Insecta/GenusSpecies/Macrostemum/zebratum/Macrostemum-zebratum-4454657.jpg,zebratum
gs://bugoff-bucket1/hinton/Insecta/GenusSpecies/Macrostemum/zebratum/Macrostemum-zebratum-446973.jpg,zebratum
gs://bugoff-bucket1/hinton/Insecta/GenusSpecies/Macrostemum/zebratum/Macrostemum-zebratum-4481305.jpg,zebratum
gs://bugoff-bucket1/hinton/Insecta/GenusSpecies/Macrostemum/zebratum/Macrostemum-zebratum-4602643.jpg,zebratum
gs://bugoff-bucket1/hinton/Insecta/GenusSpecies/Macrostemum/zebratum/Macrostemum-zebratum-5973264.jpg,zebratum
gs://bugoff-bucket1/hinton/Insecta/GenusSpecies/Macrostemum/zebratum/Macrostemum-zebratum-5986725.jpg,zebratum
gs://bugoff-bucket1/hinton/Insecta/GenusSpecies/Macrostemum/zebratum/Macrostemum-zebratum-6821311.jpg,zebratum
gs://bugoff-bucket1/hinton/Insecta/GenusSpecies/Molanna/angustata/Molanna-angustata-5873618.jpg,angustata
gs://bugoff-bucket1/hinton/Insecta/GenusSpecies/Molanna/ulmerina/Molanna-ulmerina-6322422.jpg,ulmerina
gs://bugoff-bucket1/hinton/Insecta/GenusSpecies/Mystacides/azurea/Mystacides-azurea-2027770.jpg,azurea
gs://bugoff-bucket1/hinton/Insecta/GenusSpecies/Mystacides/azureus/Mystacides-azureus-1503709.jpg,azureus
gs://bugoff-bucket1/hinton/Insecta/GenusSpecies/Mystacides/azureus/Mystacides-azureus-4960985.jpg,azureus
gs://bugoff-bucket1/hinton/Insecta/GenusSpecies/Mystacides/interjectus/Mystacides-interjectus-2719550.jpg,interjectus
gs://bugoff-bucket1/hinton/Insecta/GenusSpecies/Mystacides/interjectus/Mystacides-interjectus-5636925.jpg,interjectus
gs://bugoff-bucket1/hinton/Insecta/GenusSpecies/Mystacides/longicornis/Mystacides-longicornis-1076564.jpg,longicornis
gs://bugoff-bucket1/hinton/Insecta/GenusSpecies/Mystacides/longicornis/Mystacides-longicornis-2136271.jpg,longicornis
gs://bugoff-bucket1/hinton/Insecta/GenusSpecies/Mystacides/longicornis/Mystacides-longicornis-2790951.jpg,longicornis
gs://bugoff-bucket1/hinton/Insecta/GenusSpecies/Mystacides/longicornis/Mystacides-longicornis-2909750.jpg,longicornis
gs://bugoff-bucket1/hinton/Insecta/GenusSpecies/Mystacides/longicornis/Mystacides-longicornis-3837128.jpg,longicornis
gs://bugoff-bucket1/hinton/Insecta/GenusSpecies/Mystacides/longicornis/Mystacides-longicornis-4607974.jpg,longicornis
gs://bugoff-bucket1/hinton/Insecta/GenusSpecies/Mystacides/longicornis/Mystacides-longicornis-4642811.jpg,longicornis
gs://bugoff-bucket1/hinton/Insecta/GenusSpecies/Mystacides/longicornis/Mystacides-longicornis-482850.jpg,longicornis
gs://bugoff-bucket1/hinton/Insecta/GenusSpecies/Mystacides/longicornis/Mystacides-longicornis-6036031.jpg,longicornis
gs://bugoff-bucket1/hinton/Insecta/GenusSpecies/Mystacides/sepulchralis/Mystacides-sepulchralis-1005439.jpg,sepulchralis
gs://bugoff-bucket1/hinton/Insecta/GenusSpecies/Mystacides/sepulchralis/Mystacides-sepulchralis-1022015.jpg,sepulchralis
gs://bugoff-bucket1/hinton/Insecta/GenusSpecies/Mystacides/sepulchralis/Mystacides-sepulchralis-1026402.jpg,sepulchralis
gs://bugoff-bucket1/hinton/Insecta/GenusSpecies/Mystacides/sepulchralis/Mystacides-sepulchralis-1041742.jpg,sepulchralis
gs://bugoff-bucket1/hinton/Insecta/GenusSpecies/Mystacides/sepulchralis/Mystacides-sepulchralis-1072917.jpg,sepulchralis
gs://bugoff-bucket1/hinton/Insecta/GenusSpecies/Mystacides/sepulchralis/Mystacides-sepulchralis-1131570.jpg,sepulchralis
gs://bugoff-bucket1/hinton/Insecta/GenusSpecies/Mystacides/sepulchralis/Mystacides-sepulchralis-1980612.jpg,sepulchralis
gs://bugoff-bucket1/hinton/Insecta/GenusSpecies/Mystacides/sepulchralis/Mystacides-sepulchralis-1985967.jpg,sepulchralis
gs://bugoff-bucket1/hinton/Insecta/GenusSpecies/Mystacides/sepulchralis/Mystacides-sepulchralis-2005352.jpg,sepulchralis
gs://bugoff-bucket1/hinton/Insecta/GenusSpecies/Mystacides/sepulchralis/Mystacides-sepulchralis-2086915.jpg,sepulchralis
gs://bugoff-bucket1/hinton/Insecta/GenusSpecies/Mystacides/sepulchralis/Mystacides-sepulchralis-2400003.jpg,sepulchralis
gs://bugoff-bucket1/hinton/Insecta/GenusSpecies/Mystacides/sepulchralis/Mystacides-sepulchralis-2450305.jpg,sepulchralis
gs://bugoff-bucket1/hinton/Insecta/GenusSpecies/Mystacides/sepulchralis/Mystacides-sepulchralis-271414.jpg,sepulchralis
gs://bugoff-bucket1/hinton/Insecta/GenusSpecies/Mystacides/sepulchralis/Mystacides-sepulchralis-3682955.jpg,sepulchralis
gs://bugoff-bucket1/hinton/Insecta/GenusSpecies/Mystacides/sepulchralis/Mystacides-sepulchralis-3684201.jpg,sepulchralis
gs://bugoff-bucket1/hinton/Insecta/GenusSpecies/Mystacides/sepulchralis/Mystacides-sepulchralis-3900404.jpg,sepulchralis
gs://bugoff-bucket1/hinton/Insecta/GenusSpecies/Mystacides/sepulchralis/Mystacides-sepulchralis-3919062.jpg,sepulchralis
gs://bugoff-bucket1/hinton/Insecta/GenusSpecies/Mystacides/sepulchralis/Mystacides-sepulchralis-3931677.jpg,sepulchralis
gs://bugoff-bucket1/hinton/Insecta/GenusSpecies/Mystacides/sepulchralis/Mystacides-sepulchralis-4075397.jpg,sepulchralis
gs://bugoff-bucket1/hinton/Insecta/GenusSpecies/Mystacides/sepulchralis/Mystacides-sepulchralis-4437411.jpg,sepulchralis
gs://bugoff-bucket1/hinton/Insecta/GenusSpecies/Mystacides/sepulchralis/Mystacides-sepulchralis-4515865.jpg,sepulchralis
gs://bugoff-bucket1/hinton/Insecta/GenusSpecies/Mystacides/sepulchralis/Mystacides-sepulchralis-5452443.jpg,sepulchralis
gs://bugoff-bucket1/hinton/Insecta/GenusSpecies/Mystacides/sepulchralis/Mystacides-sepulchralis-5660462.jpg,sepulchralis
gs://bugoff-bucket1/hinton/Insecta/GenusSpecies/Mystacides/sepulchralis/Mystacides-sepulchralis-5998307.jpg,sepulchralis
gs://bugoff-bucket1/hinton/Insecta/GenusSpecies/Mystacides/sepulchralis/Mystacides-sepulchralis-7942708.jpg,sepulchralis
gs://bugoff-bucket1/hinton/Insecta/GenusSpecies/Mystacides/sepulchralis/Mystacides-sepulchralis-7992058.jpg,sepulchralis
gs://bugoff-bucket1/hinton/Insecta/GenusSpecies/Nectopsyche/albida/Nectopsyche-albida-1813388.jpg,albida
gs://bugoff-bucket1/hinton/Insecta/GenusSpecies/Nectopsyche/albida/Nectopsyche-albida-1931092.jpg,albida
gs://bugoff-bucket1/hinton/Insecta/GenusSpecies/Nectopsyche/albida/Nectopsyche-albida-350462.jpg,albida
gs://bugoff-bucket1/hinton/Insecta/GenusSpecies/Nectopsyche/exquisita/Nectopsyche-exquisita-4513726.jpg,exquisita
gs://bugoff-bucket1/hinton/Insecta/GenusSpecies/Nectopsyche/exquisita/Nectopsyche-exquisita-5110750.jpg,exquisita
gs://bugoff-bucket1/hinton/Insecta/GenusSpecies/Nectopsyche/exquisita/Nectopsyche-exquisita-7775492.jpg,exquisita
gs://bugoff-bucket1/hinton/Insecta/GenusSpecies/Nemotaulius/hostilis/Nemotaulius-hostilis-3742972.jpg,hostilis
gs://bugoff-bucket1/hinton/Insecta/GenusSpecies/Nemotaulius/hostilis/Nemotaulius-hostilis-5528911.jpg,hostilis
gs://bugoff-bucket1/hinton/Insecta/GenusSpecies/Nemotaulius/hostilis/Nemotaulius-hostilis-5786451.jpg,hostilis
gs://bugoff-bucket1/hinton/Insecta/GenusSpecies/Nemotaulius/hostilis/Nemotaulius-hostilis-5786456.jpg,hostilis
gs://bugoff-bucket1/hinton/Insecta/GenusSpecies/Nemotaulius/hostilis/Nemotaulius-hostilis-5806596.jpg,hostilis
gs://bugoff-bucket1/hinton/Insecta/GenusSpecies/Nemotaulius/hostilis/Nemotaulius-hostilis-6985834.jpg,hostilis
gs://bugoff-bucket1/hinton/Insecta/GenusSpecies/Neophylax/fuscus/Neophylax-fuscus-5617016.jpg,fuscus
gs://bugoff-bucket1/hinton/Insecta/GenusSpecies/Neophylax/oligius/Neophylax-oligius-2525286.jpg,oligius
gs://bugoff-bucket1/hinton/Insecta/GenusSpecies/Neophylax/oligius/Neophylax-oligius-2593443.jpg,oligius
gs://bugoff-bucket1/hinton/Insecta/GenusSpecies/Neophylax/oligius/Neophylax-oligius-485722.jpg,oligius
gs://bugoff-bucket1/hinton/Insecta/GenusSpecies/Neophylax/oligius/Neophylax-oligius-485782.jpg,oligius
gs://bugoff-bucket1/hinton/Insecta/GenusSpecies/Neophylax/oligius/Neophylax-oligius-6321936.jpg,oligius
gs://bugoff-bucket1/hinton/Insecta/GenusSpecies/Neophylax/splendens/Neophylax-splendens-34556.jpg,splendens
gs://bugoff-bucket1/hinton/Insecta/GenusSpecies/Nerophilus/californicus/Nerophilus-californicus-4997087.jpg,californicus
gs://bugoff-bucket1/hinton/Insecta/GenusSpecies/Nerophilus/californicus/Nerophilus-californicus-7166637.jpg,californicus
gs://bugoff-bucket1/hinton/Insecta/GenusSpecies/Nyctiophylax/affinis/Nyctiophylax-affinis-6322395.jpg,affinis
gs://bugoff-bucket1/hinton/Insecta/GenusSpecies/Oecetis/avara/Oecetis-avara-6072345.jpg,avara
gs://bugoff-bucket1/hinton/Insecta/GenusSpecies/Oecetis/cinerascens/Oecetis-cinerascens-6322034.jpg,cinerascens
gs://bugoff-bucket1/hinton/Insecta/GenusSpecies/Oecetis/cinerascens/Oecetis-cinerascens-6322124.jpg,cinerascens
gs://bugoff-bucket1/hinton/Insecta/GenusSpecies/Oecetis/inconspicua/Oecetis-inconspicua-5806221.jpg,inconspicua
gs://bugoff-bucket1/hinton/Insecta/GenusSpecies/Oecetis/persimilis/Oecetis-persimilis-6322359.jpg,persimilis
gs://bugoff-bucket1/hinton/Insecta/GenusSpecies/Oecetis/unicolor/Oecetis-unicolor-1276495.jpg,unicolor
gs://bugoff-bucket1/hinton/Insecta/GenusSpecies/Oecetis/unicolor/Oecetis-unicolor-3071659.jpg,unicolor
gs://bugoff-bucket1/hinton/Insecta/GenusSpecies/Oecetis/unicolor/Oecetis-unicolor-6539331.jpg,unicolor
gs://bugoff-bucket1/hinton/Insecta/GenusSpecies/Onocosmoecus/unicolor/Onocosmoecus-unicolor-5786238.jpg,unicolor
gs://bugoff-bucket1/hinton/Insecta/GenusSpecies/Onocosmoecus/unicolor/Onocosmoecus-unicolor-5786266.jpg,unicolor
gs://bugoff-bucket1/hinton/Insecta/GenusSpecies/Onocosmoecus/unicolor/Onocosmoecus-unicolor-5786267.jpg,unicolor
gs://bugoff-bucket1/hinton/Insecta/GenusSpecies/Onocosmoecus/unicolor/Onocosmoecus-unicolor-5786284.jpg,unicolor
gs://bugoff-bucket1/hinton/Insecta/GenusSpecies/Oxyethira/albiceps/Oxyethira-albiceps-1278969.jpg,albiceps
gs://bugoff-bucket1/hinton/Insecta/GenusSpecies/Oxyethira/albiceps/Oxyethira-albiceps-2946123.jpg,albiceps
gs://bugoff-bucket1/hinton/Insecta/GenusSpecies/Oxyethira/flavicornis/Oxyethira-flavicornis-2027857.jpg,flavicornis
gs://bugoff-bucket1/hinton/Insecta/GenusSpecies/Phanocelia/canadensis/Phanocelia-canadensis-5914730.jpg,canadensis
gs://bugoff-bucket1/hinton/Insecta/GenusSpecies/Phryganea/cinerea/Phryganea-cinerea-2719558.jpg,cinerea
gs://bugoff-bucket1/hinton/Insecta/GenusSpecies/Phryganea/cinerea/Phryganea-cinerea-6322599.jpg,cinerea
gs://bugoff-bucket1/hinton/Insecta/GenusSpecies/Phryganea/grandis/Phryganea-grandis-2006924.jpg,grandis
gs://bugoff-bucket1/hinton/Insecta/GenusSpecies/Phryganea/grandis/Phryganea-grandis-2006926.jpg,grandis
gs://bugoff-bucket1/hinton/Insecta/GenusSpecies/Phryganea/grandis/Phryganea-grandis-2006927.jpg,grandis
gs://bugoff-bucket1/hinton/Insecta/GenusSpecies/Phryganea/grandis/Phryganea-grandis-2016942.jpg,grandis
gs://bugoff-bucket1/hinton/Insecta/GenusSpecies/Phryganea/grandis/Phryganea-grandis-2162074.jpg,grandis
gs://bugoff-bucket1/hinton/Insecta/GenusSpecies/Phryganea/grandis/Phryganea-grandis-423655.jpg,grandis
gs://bugoff-bucket1/hinton/Insecta/GenusSpecies/Phryganea/grandis/Phryganea-grandis-562490.jpg,grandis
gs://bugoff-bucket1/hinton/Insecta/GenusSpecies/Phryganea/sayi/Phryganea-sayi-2496286.jpg,sayi
gs://bugoff-bucket1/hinton/Insecta/GenusSpecies/Phylloicus/aeneus/Phylloicus-aeneus-2527853.jpg,aeneus
gs://bugoff-bucket1/hinton/Insecta/GenusSpecies/Phylloicus/aeneus/Phylloicus-aeneus-4048261.jpg,aeneus
gs://bugoff-bucket1/hinton/Insecta/GenusSpecies/Phylloicus/aeneus/Phylloicus-aeneus-4201543.jpg,aeneus
gs://bugoff-bucket1/hinton/Insecta/GenusSpecies/Phylloicus/aeneus/Phylloicus-aeneus-5595580.jpg,aeneus
gs://bugoff-bucket1/hinton/Insecta/GenusSpecies/Phylloicus/aeneus/Phylloicus-aeneus-613247.jpg,aeneus
gs://bugoff-bucket1/hinton/Insecta/GenusSpecies/Phylloicus/mexicanus/Phylloicus-mexicanus-5878649.jpg,mexicanus
gs://bugoff-bucket1/hinton/Insecta/GenusSpecies/Phylocentropus/placidus/Phylocentropus-placidus-5786224.jpg,placidus
gs://bugoff-bucket1/hinton/Insecta/GenusSpecies/Phylocentropus/placidus/Phylocentropus-placidus-5786259.jpg,placidus
gs://bugoff-bucket1/hinton/Insecta/GenusSpecies/Phylocentropus/placidus/Phylocentropus-placidus-5786264.jpg,placidus
gs://bugoff-bucket1/hinton/Insecta/GenusSpecies/Phylocentropus/placidus/Phylocentropus-placidus-5786272.jpg,placidus
gs://bugoff-bucket1/hinton/Insecta/GenusSpecies/Phylocentropus/placidus/Phylocentropus-placidus-5786275.jpg,placidus
gs://bugoff-bucket1/hinton/Insecta/GenusSpecies/Phylocentropus/placidus/Phylocentropus-placidus-5786285.jpg,placidus
gs://bugoff-bucket1/hinton/Insecta/GenusSpecies/Phylocentropus/placidus/Phylocentropus-placidus-5786446.jpg,placidus
gs://bugoff-bucket1/hinton/Insecta/GenusSpecies/Phylocentropus/placidus/Phylocentropus-placidus-5786448.jpg,placidus
gs://bugoff-bucket1/hinton/Insecta/GenusSpecies/Platycentropus/radiatus/Platycentropus-radiatus-2031129.jpg,radiatus
gs://bugoff-bucket1/hinton/Insecta/GenusSpecies/Platycentropus/radiatus/Platycentropus-radiatus-2276919.jpg,radiatus
gs://bugoff-bucket1/hinton/Insecta/GenusSpecies/Platycentropus/radiatus/Platycentropus-radiatus-3995835.jpg,radiatus
gs://bugoff-bucket1/hinton/Insecta/GenusSpecies/Platycentropus/radiatus/Platycentropus-radiatus-481987.jpg,radiatus
gs://bugoff-bucket1/hinton/Insecta/GenusSpecies/Polycentropus/flavomaculatus/Polycentropus-flavomaculatus-5873612.jpg,flavomaculatus
gs://bugoff-bucket1/hinton/Insecta/GenusSpecies/Psilotreta/labida/Psilotreta-labida-4070806.jpg,labida
gs://bugoff-bucket1/hinton/Insecta/GenusSpecies/Psychoglypha/alascensis/Psychoglypha-alascensis-3218404.jpg,alascensis
gs://bugoff-bucket1/hinton/Insecta/GenusSpecies/Psychoglypha/subborealis/Psychoglypha-subborealis-2988680.jpg,subborealis
gs://bugoff-bucket1/hinton/Insecta/GenusSpecies/Psychoglypha/subborealis/Psychoglypha-subborealis-5806222.jpg,subborealis
gs://bugoff-bucket1/hinton/Insecta/GenusSpecies/Psychoglypha/subborealis/Psychoglypha-subborealis-6862987.jpg,subborealis
gs://bugoff-bucket1/hinton/Insecta/GenusSpecies/Pycnopsyche/gentilis/Pycnopsyche-gentilis-1482529.jpg,gentilis
gs://bugoff-bucket1/hinton/Insecta/GenusSpecies/Pycnopsyche/limbata/Pycnopsyche-limbata-2593808.jpg,limbata
gs://bugoff-bucket1/hinton/Insecta/GenusSpecies/Pycnopsyche/limbata/Pycnopsyche-limbata-482287.jpg,limbata
gs://bugoff-bucket1/hinton/Insecta/GenusSpecies/Pycnopsyche/limbata/Pycnopsyche-limbata-484250.jpg,limbata
gs://bugoff-bucket1/hinton/Insecta/GenusSpecies/Pycnopsyche/limbata/Pycnopsyche-limbata-487128.jpg,limbata
gs://bugoff-bucket1/hinton/Insecta/GenusSpecies/Pycnopsyche/limbata/Pycnopsyche-limbata-5786253.jpg,limbata
gs://bugoff-bucket1/hinton/Insecta/GenusSpecies/Pycnopsyche/scabripennis/Pycnopsyche-scabripennis-4782279.jpg,scabripennis
gs://bugoff-bucket1/hinton/Insecta/GenusSpecies/Rhyacophila/brunnea/Rhyacophila-brunnea-7143967.jpg,brunnea
gs://bugoff-bucket1/hinton/Insecta/GenusSpecies/Rhyacophila/dorsalis/Rhyacophila-dorsalis-3695364.jpg,dorsalis
gs://bugoff-bucket1/hinton/Insecta/GenusSpecies/Rhyacophila/dorsalis/Rhyacophila-dorsalis-4003382.jpg,dorsalis
gs://bugoff-bucket1/hinton/Insecta/GenusSpecies/Rhyacophila/dorsalis/Rhyacophila-dorsalis-5585543.jpg,dorsalis
gs://bugoff-bucket1/hinton/Insecta/GenusSpecies/Rhyacophila/fuscula/Rhyacophila-fuscula-6322556.jpg,fuscula
gs://bugoff-bucket1/hinton/Insecta/GenusSpecies/Rhyacophila/nubila/Rhyacophila-nubila-2217865.jpg,nubila
gs://bugoff-bucket1/hinton/Insecta/GenusSpecies/Rhyacophila/nubila/Rhyacophila-nubila-2240548.jpg,nubila
gs://bugoff-bucket1/hinton/Insecta/GenusSpecies/Setodes/argentiferus/Setodes-argentiferus-1558036.jpg,argentiferus
gs://bugoff-bucket1/hinton/Insecta/GenusSpecies/Setodes/oligius/Setodes-oligius-1919957.jpg,oligius
gs://bugoff-bucket1/hinton/Insecta/GenusSpecies/Smicridea/dispar/Smicridea-dispar-1309327.jpg,dispar
gs://bugoff-bucket1/hinton/Insecta/GenusSpecies/Smicridea/dispar/Smicridea-dispar-2110182.jpg,dispar
gs://bugoff-bucket1/hinton/Insecta/GenusSpecies/Smicridea/dispar/Smicridea-dispar-2160399.jpg,dispar
gs://bugoff-bucket1/hinton/Insecta/GenusSpecies/Smicridea/dispar/Smicridea-dispar-2251588.jpg,dispar
gs://bugoff-bucket1/hinton/Insecta/GenusSpecies/Smicridea/dispar/Smicridea-dispar-2395737.jpg,dispar
gs://bugoff-bucket1/hinton/Insecta/GenusSpecies/Smicridea/dispar/Smicridea-dispar-2573207.jpg,dispar
gs://bugoff-bucket1/hinton/Insecta/GenusSpecies/Smicridea/dispar/Smicridea-dispar-2736139.jpg,dispar
gs://bugoff-bucket1/hinton/Insecta/GenusSpecies/Smicridea/dispar/Smicridea-dispar-2778211.jpg,dispar
gs://bugoff-bucket1/hinton/Insecta/GenusSpecies/Smicridea/dispar/Smicridea-dispar-2878729.jpg,dispar
gs://bugoff-bucket1/hinton/Insecta/GenusSpecies/Smicridea/dispar/Smicridea-dispar-3863107.jpg,dispar
gs://bugoff-bucket1/hinton/Insecta/GenusSpecies/Smicridea/dispar/Smicridea-dispar-3926588.jpg,dispar
gs://bugoff-bucket1/hinton/Insecta/GenusSpecies/Smicridea/dispar/Smicridea-dispar-4510241.jpg,dispar
gs://bugoff-bucket1/hinton/Insecta/GenusSpecies/Smicridea/dispar/Smicridea-dispar-4511457.jpg,dispar
gs://bugoff-bucket1/hinton/Insecta/GenusSpecies/Smicridea/dispar/Smicridea-dispar-5932169.jpg,dispar
gs://bugoff-bucket1/hinton/Insecta/GenusSpecies/Smicridea/dispar/Smicridea-dispar-5977233.jpg,dispar
gs://bugoff-bucket1/hinton/Insecta/GenusSpecies/Smicridea/dispar/Smicridea-dispar-7741250.jpg,dispar
gs://bugoff-bucket1/hinton/Insecta/GenusSpecies/Smicridea/signata/Smicridea-signata-2215980.jpg,signata
gs://bugoff-bucket1/hinton/Insecta/GenusSpecies/Smicridea/signata/Smicridea-signata-2359148.jpg,signata
gs://bugoff-bucket1/hinton/Insecta/GenusSpecies/Triaenodes/dipsius/Triaenodes-dipsius-365980.jpg,dipsius
gs://bugoff-bucket1/hinton/Insecta/GenusSpecies/Triaenodes/dipsius/Triaenodes-dipsius-5806517.jpg,dipsius
gs://bugoff-bucket1/hinton/Insecta/GenusSpecies/Triaenodes/marginatus/Triaenodes-marginatus-5806228.jpg,marginatus
gs://bugoff-bucket1/hinton/Insecta/GenusSpecies/Triaenodes/marginatus/Triaenodes-marginatus-5806518.jpg,marginatus
gs://bugoff-bucket1/hinton/Insecta/GenusSpecies/Triaenodes/marginatus/Triaenodes-marginatus-7211849.jpg,marginatus
