gs://bugoff-bucket1/hinton/Insecta/GenusSpecies/Selatosomus/aeneus/Selatosomus-aeneus-3710328.jpg,aeneus
gs://bugoff-bucket1/hinton/Insecta/GenusSpecies/Selatosomus/aeneus/Selatosomus-aeneus-4501884.jpg,aeneus
gs://bugoff-bucket1/hinton/Insecta/GenusSpecies/Selatosomus/aeneus/Selatosomus-aeneus-7596870.jpg,aeneus
gs://bugoff-bucket1/hinton/Insecta/GenusSpecies/Selatosomus/aeneus/Selatosomus-aeneus-7958675.jpg,aeneus
gs://bugoff-bucket1/hinton/Insecta/GenusSpecies/Selatosomus/confluens/Selatosomus-confluens-2293309.jpg,confluens
gs://bugoff-bucket1/hinton/Insecta/GenusSpecies/Selatosomus/cruciatus/Selatosomus-cruciatus-3936351.jpg,cruciatus
gs://bugoff-bucket1/hinton/Insecta/GenusSpecies/Selatosomus/edwardsi/Selatosomus-edwardsi-4129699.jpg,edwardsi
gs://bugoff-bucket1/hinton/Insecta/GenusSpecies/Selatosomus/edwardsi/Selatosomus-edwardsi-4773095.jpg,edwardsi
gs://bugoff-bucket1/hinton/Insecta/GenusSpecies/Selatosomus/edwardsi/Selatosomus-edwardsi-5972000.jpg,edwardsi
gs://bugoff-bucket1/hinton/Insecta/GenusSpecies/Selatosomus/festivus/Selatosomus-festivus-2203693.jpg,festivus
gs://bugoff-bucket1/hinton/Insecta/GenusSpecies/Selatosomus/festivus/Selatosomus-festivus-2250799.jpg,festivus
gs://bugoff-bucket1/hinton/Insecta/GenusSpecies/Selatosomus/festivus/Selatosomus-festivus-3601427.jpg,festivus
gs://bugoff-bucket1/hinton/Insecta/GenusSpecies/Selatosomus/festivus/Selatosomus-festivus-423299.jpg,festivus
gs://bugoff-bucket1/hinton/Insecta/GenusSpecies/Selatosomus/gravidus/Selatosomus-gravidus-4049631.jpg,gravidus
gs://bugoff-bucket1/hinton/Insecta/GenusSpecies/Selatosomus/gravidus/Selatosomus-gravidus-7876238.jpg,gravidus
gs://bugoff-bucket1/hinton/Insecta/GenusSpecies/Selatosomus/gravidus/Selatosomus-gravidus-7977392.jpg,gravidus
gs://bugoff-bucket1/hinton/Insecta/GenusSpecies/Selatosomus/pulcher/Selatosomus-pulcher-1893557.jpg,pulcher
gs://bugoff-bucket1/hinton/Insecta/GenusSpecies/Selatosomus/pulcher/Selatosomus-pulcher-2097583.jpg,pulcher
gs://bugoff-bucket1/hinton/Insecta/GenusSpecies/Selatosomus/pulcher/Selatosomus-pulcher-2199873.jpg,pulcher
gs://bugoff-bucket1/hinton/Insecta/GenusSpecies/Selatosomus/pulcher/Selatosomus-pulcher-3867861.jpg,pulcher
gs://bugoff-bucket1/hinton/Insecta/GenusSpecies/Selatosomus/pulcher/Selatosomus-pulcher-3883709.jpg,pulcher
gs://bugoff-bucket1/hinton/Insecta/GenusSpecies/Selatosomus/pulcher/Selatosomus-pulcher-4006096.jpg,pulcher
gs://bugoff-bucket1/hinton/Insecta/GenusSpecies/Selatosomus/pulcher/Selatosomus-pulcher-5817291.jpg,pulcher
gs://bugoff-bucket1/hinton/Insecta/GenusSpecies/Selatosomus/suckleyi/Selatosomus-suckleyi-124675.jpg,suckleyi
gs://bugoff-bucket1/hinton/Insecta/GenusSpecies/Selatosomus/suckleyi/Selatosomus-suckleyi-186288.jpg,suckleyi
gs://bugoff-bucket1/hinton/Insecta/GenusSpecies/Selatosomus/suckleyi/Selatosomus-suckleyi-2868045.jpg,suckleyi
gs://bugoff-bucket1/hinton/Insecta/GenusSpecies/Selatosomus/suckleyi/Selatosomus-suckleyi-2943539.jpg,suckleyi
gs://bugoff-bucket1/hinton/Insecta/GenusSpecies/Selatosomus/suckleyi/Selatosomus-suckleyi-7703953.jpg,suckleyi
gs://bugoff-bucket1/hinton/Insecta/GenusSpecies/Selatosomus/suckleyi/Selatosomus-suckleyi-7795632.jpg,suckleyi
gs://bugoff-bucket1/hinton/Insecta/GenusSpecies/Selatosomus/suckleyi/Selatosomus-suckleyi-7945845.jpg,suckleyi
gs://bugoff-bucket1/hinton/Insecta/GenusSpecies/Selatosomus/trivittatus/Selatosomus-trivittatus-2078912.jpg,trivittatus
gs://bugoff-bucket1/hinton/Insecta/GenusSpecies/Selatosomus/aeneus/Selatosomus-aeneus-3710328.jpg,aeneus
gs://bugoff-bucket1/hinton/Insecta/GenusSpecies/Selatosomus/aeneus/Selatosomus-aeneus-4501884.jpg,aeneus
gs://bugoff-bucket1/hinton/Insecta/GenusSpecies/Selatosomus/aeneus/Selatosomus-aeneus-7596870.jpg,aeneus
gs://bugoff-bucket1/hinton/Insecta/GenusSpecies/Selatosomus/aeneus/Selatosomus-aeneus-7958675.jpg,aeneus
gs://bugoff-bucket1/hinton/Insecta/GenusSpecies/Selatosomus/confluens/Selatosomus-confluens-2293309.jpg,confluens
gs://bugoff-bucket1/hinton/Insecta/GenusSpecies/Selatosomus/cruciatus/Selatosomus-cruciatus-3936351.jpg,cruciatus
gs://bugoff-bucket1/hinton/Insecta/GenusSpecies/Selatosomus/edwardsi/Selatosomus-edwardsi-4129699.jpg,edwardsi
gs://bugoff-bucket1/hinton/Insecta/GenusSpecies/Selatosomus/edwardsi/Selatosomus-edwardsi-4773095.jpg,edwardsi
gs://bugoff-bucket1/hinton/Insecta/GenusSpecies/Selatosomus/edwardsi/Selatosomus-edwardsi-5972000.jpg,edwardsi
gs://bugoff-bucket1/hinton/Insecta/GenusSpecies/Selatosomus/festivus/Selatosomus-festivus-2203693.jpg,festivus
gs://bugoff-bucket1/hinton/Insecta/GenusSpecies/Selatosomus/festivus/Selatosomus-festivus-2250799.jpg,festivus
gs://bugoff-bucket1/hinton/Insecta/GenusSpecies/Selatosomus/festivus/Selatosomus-festivus-3601427.jpg,festivus
gs://bugoff-bucket1/hinton/Insecta/GenusSpecies/Selatosomus/festivus/Selatosomus-festivus-423299.jpg,festivus
gs://bugoff-bucket1/hinton/Insecta/GenusSpecies/Selatosomus/gravidus/Selatosomus-gravidus-4049631.jpg,gravidus
gs://bugoff-bucket1/hinton/Insecta/GenusSpecies/Selatosomus/gravidus/Selatosomus-gravidus-7876238.jpg,gravidus
gs://bugoff-bucket1/hinton/Insecta/GenusSpecies/Selatosomus/gravidus/Selatosomus-gravidus-7977392.jpg,gravidus
gs://bugoff-bucket1/hinton/Insecta/GenusSpecies/Selatosomus/pulcher/Selatosomus-pulcher-1893557.jpg,pulcher
gs://bugoff-bucket1/hinton/Insecta/GenusSpecies/Selatosomus/pulcher/Selatosomus-pulcher-2097583.jpg,pulcher
gs://bugoff-bucket1/hinton/Insecta/GenusSpecies/Selatosomus/pulcher/Selatosomus-pulcher-2199873.jpg,pulcher
gs://bugoff-bucket1/hinton/Insecta/GenusSpecies/Selatosomus/pulcher/Selatosomus-pulcher-3867861.jpg,pulcher
gs://bugoff-bucket1/hinton/Insecta/GenusSpecies/Selatosomus/pulcher/Selatosomus-pulcher-3883709.jpg,pulcher
gs://bugoff-bucket1/hinton/Insecta/GenusSpecies/Selatosomus/pulcher/Selatosomus-pulcher-4006096.jpg,pulcher
gs://bugoff-bucket1/hinton/Insecta/GenusSpecies/Selatosomus/pulcher/Selatosomus-pulcher-5817291.jpg,pulcher
gs://bugoff-bucket1/hinton/Insecta/GenusSpecies/Selatosomus/suckleyi/Selatosomus-suckleyi-124675.jpg,suckleyi
gs://bugoff-bucket1/hinton/Insecta/GenusSpecies/Selatosomus/suckleyi/Selatosomus-suckleyi-186288.jpg,suckleyi
gs://bugoff-bucket1/hinton/Insecta/GenusSpecies/Selatosomus/suckleyi/Selatosomus-suckleyi-2868045.jpg,suckleyi
gs://bugoff-bucket1/hinton/Insecta/GenusSpecies/Selatosomus/suckleyi/Selatosomus-suckleyi-2943539.jpg,suckleyi
gs://bugoff-bucket1/hinton/Insecta/GenusSpecies/Selatosomus/suckleyi/Selatosomus-suckleyi-7703953.jpg,suckleyi
gs://bugoff-bucket1/hinton/Insecta/GenusSpecies/Selatosomus/suckleyi/Selatosomus-suckleyi-7795632.jpg,suckleyi
gs://bugoff-bucket1/hinton/Insecta/GenusSpecies/Selatosomus/suckleyi/Selatosomus-suckleyi-7945845.jpg,suckleyi
gs://bugoff-bucket1/hinton/Insecta/GenusSpecies/Selatosomus/trivittatus/Selatosomus-trivittatus-2078912.jpg,trivittatus
