gs://bugoff-bucket1/hinton/Insecta/GenusSpecies/Chersodromia/zelandica/Chersodromia-zelandica-5188863.jpg,zelandica
gs://bugoff-bucket1/hinton/Insecta/GenusSpecies/Hybos/culiciformis/Hybos-culiciformis-2594798.jpg,culiciformis
gs://bugoff-bucket1/hinton/Insecta/GenusSpecies/Hybos/culiciformis/Hybos-culiciformis-2652412.jpg,culiciformis
gs://bugoff-bucket1/hinton/Insecta/GenusSpecies/Hybos/culiciformis/Hybos-culiciformis-5770935.jpg,culiciformis
gs://bugoff-bucket1/hinton/Insecta/GenusSpecies/Platypalpus/baldensis/Platypalpus-baldensis-5055775.jpg,baldensis
gs://bugoff-bucket1/hinton/Insecta/GenusSpecies/Platypalpus/bilobatus/Platypalpus-bilobatus-578540.jpg,bilobatus
gs://bugoff-bucket1/hinton/Insecta/GenusSpecies/Platypalpus/discifer/Platypalpus-discifer-2480451.jpg,discifer
gs://bugoff-bucket1/hinton/Insecta/GenusSpecies/Platypalpus/discifer/Platypalpus-discifer-4108809.jpg,discifer
gs://bugoff-bucket1/hinton/Insecta/GenusSpecies/Platypalpus/discifer/Platypalpus-discifer-5844548.jpg,discifer
gs://bugoff-bucket1/hinton/Insecta/GenusSpecies/Platypalpus/discifer/Platypalpus-discifer-5844550.jpg,discifer
gs://bugoff-bucket1/hinton/Insecta/GenusSpecies/Platypalpus/discifer/Platypalpus-discifer-5852333.jpg,discifer
gs://bugoff-bucket1/hinton/Insecta/GenusSpecies/Platypalpus/discifer/Platypalpus-discifer-5852371.jpg,discifer
gs://bugoff-bucket1/hinton/Insecta/GenusSpecies/Platypalpus/discifer/Platypalpus-discifer-7866426.jpg,discifer
gs://bugoff-bucket1/hinton/Insecta/GenusSpecies/Platypalpus/discifer/Platypalpus-discifer-7991752.jpg,discifer
gs://bugoff-bucket1/hinton/Insecta/GenusSpecies/Platypalpus/impexus/Platypalpus-impexus-3672952.jpg,impexus
gs://bugoff-bucket1/hinton/Insecta/GenusSpecies/Platypalpus/leucothrix/Platypalpus-leucothrix-1371672.jpg,leucothrix
gs://bugoff-bucket1/hinton/Insecta/GenusSpecies/Platypalpus/longiseta/Platypalpus-longiseta-4904733.jpg,longiseta
gs://bugoff-bucket1/hinton/Insecta/GenusSpecies/Platypalpus/morgei/Platypalpus-morgei-1840404.jpg,morgei
gs://bugoff-bucket1/hinton/Insecta/GenusSpecies/Platypalpus/vividus/Platypalpus-vividus-4744372.jpg,vividus
gs://bugoff-bucket1/hinton/Insecta/GenusSpecies/Syneches/simplex/Syneches-simplex-2510461.jpg,simplex
gs://bugoff-bucket1/hinton/Insecta/GenusSpecies/Syneches/simplex/Syneches-simplex-7370738.jpg,simplex
gs://bugoff-bucket1/hinton/Insecta/GenusSpecies/Syneches/thoracicus/Syneches-thoracicus-3859852.jpg,thoracicus
gs://bugoff-bucket1/hinton/Insecta/GenusSpecies/Syneches/thoracicus/Syneches-thoracicus-7735912.jpg,thoracicus
gs://bugoff-bucket1/hinton/Insecta/GenusSpecies/Tachydromia/arrogans/Tachydromia-arrogans-2000380.jpg,arrogans
gs://bugoff-bucket1/hinton/Insecta/GenusSpecies/Tachydromia/arrogans/Tachydromia-arrogans-2000397.jpg,arrogans
gs://bugoff-bucket1/hinton/Insecta/GenusSpecies/Tachydromia/umbrarum/Tachydromia-umbrarum-2028103.jpg,umbrarum
