gs://bugoff-bucket1/hinton/Insecta/GenusSpecies/Agnetina/flavescens/Agnetina-flavescens-5942390.jpg,flavescens
gs://bugoff-bucket1/hinton/Insecta/GenusSpecies/Allocapnia/maria/Allocapnia-maria-228986.jpg,maria
gs://bugoff-bucket1/hinton/Insecta/GenusSpecies/Allocapnia/maria/Allocapnia-maria-6672909.jpg,maria
gs://bugoff-bucket1/hinton/Insecta/GenusSpecies/Allocapnia/minima/Allocapnia-minima-6646191.jpg,minima
gs://bugoff-bucket1/hinton/Insecta/GenusSpecies/Allocapnia/minima/Allocapnia-minima-6728727.jpg,minima
gs://bugoff-bucket1/hinton/Insecta/GenusSpecies/Allocapnia/pygmaea/Allocapnia-pygmaea-3027303.jpg,pygmaea
gs://bugoff-bucket1/hinton/Insecta/GenusSpecies/Allocapnia/pygmaea/Allocapnia-pygmaea-3261855.jpg,pygmaea
gs://bugoff-bucket1/hinton/Insecta/GenusSpecies/Allocapnia/pygmaea/Allocapnia-pygmaea-6647231.jpg,pygmaea
gs://bugoff-bucket1/hinton/Insecta/GenusSpecies/Allocapnia/pygmaea/Allocapnia-pygmaea-6648252.jpg,pygmaea
gs://bugoff-bucket1/hinton/Insecta/GenusSpecies/Allocapnia/pygmaea/Allocapnia-pygmaea-6672696.jpg,pygmaea
gs://bugoff-bucket1/hinton/Insecta/GenusSpecies/Allocapnia/pygmaea/Allocapnia-pygmaea-6672699.jpg,pygmaea
gs://bugoff-bucket1/hinton/Insecta/GenusSpecies/Alloperla/roberti/Alloperla-roberti-4260723.jpg,roberti
gs://bugoff-bucket1/hinton/Insecta/GenusSpecies/Calineuria/californica/Calineuria-californica-748899.jpg,californica
gs://bugoff-bucket1/hinton/Insecta/GenusSpecies/Calineuria/californica/Calineuria-californica-7990608.jpg,californica
gs://bugoff-bucket1/hinton/Insecta/GenusSpecies/Capnia/nelsoni/Capnia-nelsoni-416569.jpg,nelsoni
gs://bugoff-bucket1/hinton/Insecta/GenusSpecies/Capnia/vidua/Capnia-vidua-6584093.jpg,vidua
gs://bugoff-bucket1/hinton/Insecta/GenusSpecies/Claassenia/sabulosa/Claassenia-sabulosa-2422443.jpg,sabulosa
gs://bugoff-bucket1/hinton/Insecta/GenusSpecies/Claassenia/sabulosa/Claassenia-sabulosa-433280.jpg,sabulosa
gs://bugoff-bucket1/hinton/Insecta/GenusSpecies/Claassenia/sabulosa/Claassenia-sabulosa-433284.jpg,sabulosa
gs://bugoff-bucket1/hinton/Insecta/GenusSpecies/Claassenia/sabulosa/Claassenia-sabulosa-5350288.jpg,sabulosa
gs://bugoff-bucket1/hinton/Insecta/GenusSpecies/Claassenia/sabulosa/Claassenia-sabulosa-5363039.jpg,sabulosa
gs://bugoff-bucket1/hinton/Insecta/GenusSpecies/Clioperla/clio/Clioperla-clio-6439713.jpg,clio
gs://bugoff-bucket1/hinton/Insecta/GenusSpecies/Clioperla/clio/Clioperla-clio-6439714.jpg,clio
gs://bugoff-bucket1/hinton/Insecta/GenusSpecies/Cultus/tostonus/Cultus-tostonus-3980823.jpg,tostonus
gs://bugoff-bucket1/hinton/Insecta/GenusSpecies/Eccoptura/xanthenes/Eccoptura-xanthenes-3958293.jpg,xanthenes
gs://bugoff-bucket1/hinton/Insecta/GenusSpecies/Eccoptura/xanthenes/Eccoptura-xanthenes-4125576.jpg,xanthenes
gs://bugoff-bucket1/hinton/Insecta/GenusSpecies/Eccoptura/xanthenes/Eccoptura-xanthenes-7431428.jpg,xanthenes
gs://bugoff-bucket1/hinton/Insecta/GenusSpecies/Haploperla/brevis/Haploperla-brevis-1417313.jpg,brevis
gs://bugoff-bucket1/hinton/Insecta/GenusSpecies/Haploperla/brevis/Haploperla-brevis-351591.jpg,brevis
gs://bugoff-bucket1/hinton/Insecta/GenusSpecies/Hesperoperla/hoguei/Hesperoperla-hoguei-475851.jpg,hoguei
gs://bugoff-bucket1/hinton/Insecta/GenusSpecies/Hesperoperla/pacifica/Hesperoperla-pacifica-5018568.jpg,pacifica
gs://bugoff-bucket1/hinton/Insecta/GenusSpecies/Hesperoperla/pacifica/Hesperoperla-pacifica-7617122.jpg,pacifica
gs://bugoff-bucket1/hinton/Insecta/GenusSpecies/Isoperla/bilineata/Isoperla-bilineata-1096027.jpg,bilineata
gs://bugoff-bucket1/hinton/Insecta/GenusSpecies/Isoperla/bilineata/Isoperla-bilineata-1994273.jpg,bilineata
gs://bugoff-bucket1/hinton/Insecta/GenusSpecies/Isoperla/bilineata/Isoperla-bilineata-7640083.jpg,bilineata
gs://bugoff-bucket1/hinton/Insecta/GenusSpecies/Isoperla/davisi/Isoperla-davisi-6638766.jpg,davisi
gs://bugoff-bucket1/hinton/Insecta/GenusSpecies/Isoperla/fulva/Isoperla-fulva-1909193.jpg,fulva
gs://bugoff-bucket1/hinton/Insecta/GenusSpecies/Isoperla/grammatica/Isoperla-grammatica-6672449.jpg,grammatica
gs://bugoff-bucket1/hinton/Insecta/GenusSpecies/Kathroperla/perdita/Kathroperla-perdita-3471550.jpg,perdita
gs://bugoff-bucket1/hinton/Insecta/GenusSpecies/Leuctra/berthelemyi/Leuctra-berthelemyi-6251668.jpg,berthelemyi
gs://bugoff-bucket1/hinton/Insecta/GenusSpecies/Neoperla/clymene/Neoperla-clymene-3977520.jpg,clymene
gs://bugoff-bucket1/hinton/Insecta/GenusSpecies/Oemopteryx/glacialis/Oemopteryx-glacialis-6744614.jpg,glacialis
gs://bugoff-bucket1/hinton/Insecta/GenusSpecies/Paragnetina/immarginata/Paragnetina-immarginata-4022209.jpg,immarginata
gs://bugoff-bucket1/hinton/Insecta/GenusSpecies/Paragnetina/immarginata/Paragnetina-immarginata-7801037.jpg,immarginata
gs://bugoff-bucket1/hinton/Insecta/GenusSpecies/Perlesta/decipiens/Perlesta-decipiens-7194738.jpg,decipiens
gs://bugoff-bucket1/hinton/Insecta/GenusSpecies/Pteronarcys/biloba/Pteronarcys-biloba-3196624.jpg,biloba
gs://bugoff-bucket1/hinton/Insecta/GenusSpecies/Pteronarcys/californica/Pteronarcys-californica-14023.jpg,californica
gs://bugoff-bucket1/hinton/Insecta/GenusSpecies/Pteronarcys/californica/Pteronarcys-californica-178863.jpg,californica
gs://bugoff-bucket1/hinton/Insecta/GenusSpecies/Pteronarcys/californica/Pteronarcys-californica-1924930.jpg,californica
gs://bugoff-bucket1/hinton/Insecta/GenusSpecies/Pteronarcys/californica/Pteronarcys-californica-1974860.jpg,californica
gs://bugoff-bucket1/hinton/Insecta/GenusSpecies/Pteronarcys/californica/Pteronarcys-californica-23846.jpg,californica
gs://bugoff-bucket1/hinton/Insecta/GenusSpecies/Pteronarcys/californica/Pteronarcys-californica-2896064.jpg,californica
gs://bugoff-bucket1/hinton/Insecta/GenusSpecies/Pteronarcys/californica/Pteronarcys-californica-302050.jpg,californica
gs://bugoff-bucket1/hinton/Insecta/GenusSpecies/Pteronarcys/californica/Pteronarcys-californica-303662.jpg,californica
gs://bugoff-bucket1/hinton/Insecta/GenusSpecies/Pteronarcys/californica/Pteronarcys-californica-3505198.jpg,californica
gs://bugoff-bucket1/hinton/Insecta/GenusSpecies/Pteronarcys/californica/Pteronarcys-californica-351268.jpg,californica
gs://bugoff-bucket1/hinton/Insecta/GenusSpecies/Pteronarcys/californica/Pteronarcys-californica-3680769.jpg,californica
gs://bugoff-bucket1/hinton/Insecta/GenusSpecies/Pteronarcys/californica/Pteronarcys-californica-3706834.jpg,californica
gs://bugoff-bucket1/hinton/Insecta/GenusSpecies/Pteronarcys/californica/Pteronarcys-californica-3841051.jpg,californica
gs://bugoff-bucket1/hinton/Insecta/GenusSpecies/Pteronarcys/californica/Pteronarcys-californica-403192.jpg,californica
gs://bugoff-bucket1/hinton/Insecta/GenusSpecies/Pteronarcys/californica/Pteronarcys-californica-54772.jpg,californica
gs://bugoff-bucket1/hinton/Insecta/GenusSpecies/Pteronarcys/californica/Pteronarcys-californica-55701.jpg,californica
gs://bugoff-bucket1/hinton/Insecta/GenusSpecies/Pteronarcys/californica/Pteronarcys-californica-6456926.jpg,californica
gs://bugoff-bucket1/hinton/Insecta/GenusSpecies/Pteronarcys/californica/Pteronarcys-californica-6769414.jpg,californica
gs://bugoff-bucket1/hinton/Insecta/GenusSpecies/Pteronarcys/californica/Pteronarcys-californica-6870909.jpg,californica
gs://bugoff-bucket1/hinton/Insecta/GenusSpecies/Pteronarcys/californica/Pteronarcys-californica-6892471.jpg,californica
gs://bugoff-bucket1/hinton/Insecta/GenusSpecies/Pteronarcys/californica/Pteronarcys-californica-7417329.jpg,californica
gs://bugoff-bucket1/hinton/Insecta/GenusSpecies/Pteronarcys/californica/Pteronarcys-californica-7703772.jpg,californica
gs://bugoff-bucket1/hinton/Insecta/GenusSpecies/Pteronarcys/californica/Pteronarcys-californica-7888476.jpg,californica
gs://bugoff-bucket1/hinton/Insecta/GenusSpecies/Pteronarcys/californica/Pteronarcys-californica-7973984.jpg,californica
gs://bugoff-bucket1/hinton/Insecta/GenusSpecies/Pteronarcys/comstocki/Pteronarcys-comstocki-5144695.jpg,comstocki
gs://bugoff-bucket1/hinton/Insecta/GenusSpecies/Pteronarcys/comstocki/Pteronarcys-comstocki-5284484.jpg,comstocki
gs://bugoff-bucket1/hinton/Insecta/GenusSpecies/Pteronarcys/comstocki/Pteronarcys-comstocki-6087192.jpg,comstocki
gs://bugoff-bucket1/hinton/Insecta/GenusSpecies/Pteronarcys/dorsata/Pteronarcys-dorsata-1002961.jpg,dorsata
gs://bugoff-bucket1/hinton/Insecta/GenusSpecies/Pteronarcys/dorsata/Pteronarcys-dorsata-1107751.jpg,dorsata
gs://bugoff-bucket1/hinton/Insecta/GenusSpecies/Pteronarcys/dorsata/Pteronarcys-dorsata-1612381.jpg,dorsata
gs://bugoff-bucket1/hinton/Insecta/GenusSpecies/Pteronarcys/dorsata/Pteronarcys-dorsata-17849.jpg,dorsata
gs://bugoff-bucket1/hinton/Insecta/GenusSpecies/Pteronarcys/dorsata/Pteronarcys-dorsata-1816180.jpg,dorsata
gs://bugoff-bucket1/hinton/Insecta/GenusSpecies/Pteronarcys/dorsata/Pteronarcys-dorsata-2188916.jpg,dorsata
gs://bugoff-bucket1/hinton/Insecta/GenusSpecies/Pteronarcys/dorsata/Pteronarcys-dorsata-229023.jpg,dorsata
gs://bugoff-bucket1/hinton/Insecta/GenusSpecies/Pteronarcys/dorsata/Pteronarcys-dorsata-3317764.jpg,dorsata
gs://bugoff-bucket1/hinton/Insecta/GenusSpecies/Pteronarcys/dorsata/Pteronarcys-dorsata-3355587.jpg,dorsata
gs://bugoff-bucket1/hinton/Insecta/GenusSpecies/Pteronarcys/dorsata/Pteronarcys-dorsata-340481.jpg,dorsata
gs://bugoff-bucket1/hinton/Insecta/GenusSpecies/Pteronarcys/dorsata/Pteronarcys-dorsata-368136.jpg,dorsata
gs://bugoff-bucket1/hinton/Insecta/GenusSpecies/Pteronarcys/dorsata/Pteronarcys-dorsata-3752994.jpg,dorsata
gs://bugoff-bucket1/hinton/Insecta/GenusSpecies/Pteronarcys/dorsata/Pteronarcys-dorsata-3956927.jpg,dorsata
gs://bugoff-bucket1/hinton/Insecta/GenusSpecies/Pteronarcys/dorsata/Pteronarcys-dorsata-4043641.jpg,dorsata
gs://bugoff-bucket1/hinton/Insecta/GenusSpecies/Pteronarcys/dorsata/Pteronarcys-dorsata-418900.jpg,dorsata
gs://bugoff-bucket1/hinton/Insecta/GenusSpecies/Pteronarcys/dorsata/Pteronarcys-dorsata-4196598.jpg,dorsata
gs://bugoff-bucket1/hinton/Insecta/GenusSpecies/Pteronarcys/dorsata/Pteronarcys-dorsata-4896792.jpg,dorsata
gs://bugoff-bucket1/hinton/Insecta/GenusSpecies/Pteronarcys/dorsata/Pteronarcys-dorsata-4897599.jpg,dorsata
gs://bugoff-bucket1/hinton/Insecta/GenusSpecies/Pteronarcys/dorsata/Pteronarcys-dorsata-4968051.jpg,dorsata
gs://bugoff-bucket1/hinton/Insecta/GenusSpecies/Pteronarcys/dorsata/Pteronarcys-dorsata-5265629.jpg,dorsata
gs://bugoff-bucket1/hinton/Insecta/GenusSpecies/Pteronarcys/dorsata/Pteronarcys-dorsata-6798296.jpg,dorsata
gs://bugoff-bucket1/hinton/Insecta/GenusSpecies/Pteronarcys/pictetii/Pteronarcys-pictetii-5185780.jpg,pictetii
gs://bugoff-bucket1/hinton/Insecta/GenusSpecies/Pteronarcys/pictetii/Pteronarcys-pictetii-5942391.jpg,pictetii
gs://bugoff-bucket1/hinton/Insecta/GenusSpecies/Pteronarcys/princeps/Pteronarcys-princeps-3781918.jpg,princeps
gs://bugoff-bucket1/hinton/Insecta/GenusSpecies/Strophopteryx/fasciata/Strophopteryx-fasciata-6480562.jpg,fasciata
gs://bugoff-bucket1/hinton/Insecta/GenusSpecies/Strophopteryx/fasciata/Strophopteryx-fasciata-676748.jpg,fasciata
gs://bugoff-bucket1/hinton/Insecta/GenusSpecies/Sweltsa/lateralis/Sweltsa-lateralis-3093925.jpg,lateralis
gs://bugoff-bucket1/hinton/Insecta/GenusSpecies/Taeniopteryx/burksi/Taeniopteryx-burksi-1710505.jpg,burksi
