gs://bugoff-bucket1/hinton/Insecta/GenusSpecies/Hemerobius/californica/Hemerobius-californica-767887.jpg,californica
gs://bugoff-bucket1/hinton/Insecta/GenusSpecies/Hemerobius/humilinus/Hemerobius-humilinus-710211.jpg,humilinus
gs://bugoff-bucket1/hinton/Insecta/GenusSpecies/Hemerobius/humulinus/Hemerobius-humulinus-3796716.jpg,humulinus
gs://bugoff-bucket1/hinton/Insecta/GenusSpecies/Hemerobius/humulinus/Hemerobius-humulinus-3890681.jpg,humulinus
gs://bugoff-bucket1/hinton/Insecta/GenusSpecies/Hemerobius/humulinus/Hemerobius-humulinus-4763808.jpg,humulinus
gs://bugoff-bucket1/hinton/Insecta/GenusSpecies/Hemerobius/humulinus/Hemerobius-humulinus-4954428.jpg,humulinus
gs://bugoff-bucket1/hinton/Insecta/GenusSpecies/Hemerobius/humulinus/Hemerobius-humulinus-5790485.jpg,humulinus
gs://bugoff-bucket1/hinton/Insecta/GenusSpecies/Hemerobius/humulinus/Hemerobius-humulinus-6599603.jpg,humulinus
gs://bugoff-bucket1/hinton/Insecta/GenusSpecies/Hemerobius/humulinus/Hemerobius-humulinus-7106368.jpg,humulinus
gs://bugoff-bucket1/hinton/Insecta/GenusSpecies/Hemerobius/japonicus/Hemerobius-japonicus-3253290.jpg,japonicus
gs://bugoff-bucket1/hinton/Insecta/GenusSpecies/Hemerobius/lutescens/Hemerobius-lutescens-1050874.jpg,lutescens
gs://bugoff-bucket1/hinton/Insecta/GenusSpecies/Hemerobius/mexicana/Hemerobius-mexicana-717711.jpg,mexicana
gs://bugoff-bucket1/hinton/Insecta/GenusSpecies/Hemerobius/stigma/Hemerobius-stigma-1886028.jpg,stigma
gs://bugoff-bucket1/hinton/Insecta/GenusSpecies/Hemerobius/stigma/Hemerobius-stigma-4501256.jpg,stigma
gs://bugoff-bucket1/hinton/Insecta/GenusSpecies/Hemerobius/stigma/Hemerobius-stigma-5790486.jpg,stigma
gs://bugoff-bucket1/hinton/Insecta/GenusSpecies/Hemerobius/stigma/Hemerobius-stigma-6439717.jpg,stigma
gs://bugoff-bucket1/hinton/Insecta/GenusSpecies/Hemerobius/stigma/Hemerobius-stigma-6439718.jpg,stigma
gs://bugoff-bucket1/hinton/Insecta/GenusSpecies/Hemerobius/stigma/Hemerobius-stigma-7593946.jpg,stigma
gs://bugoff-bucket1/hinton/Insecta/GenusSpecies/Megalomus/fidelis/Megalomus-fidelis-4125596.jpg,fidelis
gs://bugoff-bucket1/hinton/Insecta/GenusSpecies/Megalomus/fidelis/Megalomus-fidelis-4150303.jpg,fidelis
gs://bugoff-bucket1/hinton/Insecta/GenusSpecies/Megalomus/fidelis/Megalomus-fidelis-4476662.jpg,fidelis
gs://bugoff-bucket1/hinton/Insecta/GenusSpecies/Megalomus/fidelis/Megalomus-fidelis-5225540.jpg,fidelis
gs://bugoff-bucket1/hinton/Insecta/GenusSpecies/Megalomus/moestus/Megalomus-moestus-4704915.jpg,moestus
gs://bugoff-bucket1/hinton/Insecta/GenusSpecies/Micromus/angulatus/Micromus-angulatus-1535108.jpg,angulatus
gs://bugoff-bucket1/hinton/Insecta/GenusSpecies/Micromus/angulatus/Micromus-angulatus-1536833.jpg,angulatus
gs://bugoff-bucket1/hinton/Insecta/GenusSpecies/Micromus/angulatus/Micromus-angulatus-7634438.jpg,angulatus
gs://bugoff-bucket1/hinton/Insecta/GenusSpecies/Micromus/bifasciatus/Micromus-bifasciatus-1952010.jpg,bifasciatus
gs://bugoff-bucket1/hinton/Insecta/GenusSpecies/Micromus/paganus/Micromus-paganus-2033866.jpg,paganus
gs://bugoff-bucket1/hinton/Insecta/GenusSpecies/Micromus/posticus/Micromus-posticus-1568309.jpg,posticus
gs://bugoff-bucket1/hinton/Insecta/GenusSpecies/Micromus/posticus/Micromus-posticus-1929317.jpg,posticus
gs://bugoff-bucket1/hinton/Insecta/GenusSpecies/Micromus/posticus/Micromus-posticus-2077822.jpg,posticus
gs://bugoff-bucket1/hinton/Insecta/GenusSpecies/Micromus/posticus/Micromus-posticus-2256770.jpg,posticus
gs://bugoff-bucket1/hinton/Insecta/GenusSpecies/Micromus/posticus/Micromus-posticus-2576422.jpg,posticus
gs://bugoff-bucket1/hinton/Insecta/GenusSpecies/Micromus/posticus/Micromus-posticus-2624208.jpg,posticus
gs://bugoff-bucket1/hinton/Insecta/GenusSpecies/Micromus/posticus/Micromus-posticus-2634177.jpg,posticus
gs://bugoff-bucket1/hinton/Insecta/GenusSpecies/Micromus/posticus/Micromus-posticus-2646072.jpg,posticus
gs://bugoff-bucket1/hinton/Insecta/GenusSpecies/Micromus/posticus/Micromus-posticus-335284.jpg,posticus
gs://bugoff-bucket1/hinton/Insecta/GenusSpecies/Micromus/posticus/Micromus-posticus-3420858.jpg,posticus
gs://bugoff-bucket1/hinton/Insecta/GenusSpecies/Micromus/posticus/Micromus-posticus-353483.jpg,posticus
gs://bugoff-bucket1/hinton/Insecta/GenusSpecies/Micromus/posticus/Micromus-posticus-5217502.jpg,posticus
gs://bugoff-bucket1/hinton/Insecta/GenusSpecies/Micromus/posticus/Micromus-posticus-5428789.jpg,posticus
gs://bugoff-bucket1/hinton/Insecta/GenusSpecies/Micromus/posticus/Micromus-posticus-5596478.jpg,posticus
gs://bugoff-bucket1/hinton/Insecta/GenusSpecies/Micromus/posticus/Micromus-posticus-5790488.jpg,posticus
gs://bugoff-bucket1/hinton/Insecta/GenusSpecies/Micromus/posticus/Micromus-posticus-5976996.jpg,posticus
gs://bugoff-bucket1/hinton/Insecta/GenusSpecies/Micromus/posticus/Micromus-posticus-6119984.jpg,posticus
gs://bugoff-bucket1/hinton/Insecta/GenusSpecies/Micromus/posticus/Micromus-posticus-6382959.jpg,posticus
gs://bugoff-bucket1/hinton/Insecta/GenusSpecies/Micromus/posticus/Micromus-posticus-7275970.jpg,posticus
gs://bugoff-bucket1/hinton/Insecta/GenusSpecies/Micromus/posticus/Micromus-posticus-7294783.jpg,posticus
gs://bugoff-bucket1/hinton/Insecta/GenusSpecies/Micromus/posticus/Micromus-posticus-7884071.jpg,posticus
gs://bugoff-bucket1/hinton/Insecta/GenusSpecies/Micromus/subanticus/Micromus-subanticus-1105307.jpg,subanticus
gs://bugoff-bucket1/hinton/Insecta/GenusSpecies/Micromus/subanticus/Micromus-subanticus-1307317.jpg,subanticus
gs://bugoff-bucket1/hinton/Insecta/GenusSpecies/Micromus/subanticus/Micromus-subanticus-2637760.jpg,subanticus
gs://bugoff-bucket1/hinton/Insecta/GenusSpecies/Micromus/subanticus/Micromus-subanticus-4476664.jpg,subanticus
gs://bugoff-bucket1/hinton/Insecta/GenusSpecies/Micromus/subanticus/Micromus-subanticus-5215852.jpg,subanticus
gs://bugoff-bucket1/hinton/Insecta/GenusSpecies/Micromus/subanticus/Micromus-subanticus-5215853.jpg,subanticus
gs://bugoff-bucket1/hinton/Insecta/GenusSpecies/Micromus/subanticus/Micromus-subanticus-5640136.jpg,subanticus
gs://bugoff-bucket1/hinton/Insecta/GenusSpecies/Micromus/subanticus/Micromus-subanticus-677193.jpg,subanticus
gs://bugoff-bucket1/hinton/Insecta/GenusSpecies/Micromus/subanticus/Micromus-subanticus-7593951.jpg,subanticus
gs://bugoff-bucket1/hinton/Insecta/GenusSpecies/Micromus/tasmaniae/Micromus-tasmaniae-1193451.jpg,tasmaniae
gs://bugoff-bucket1/hinton/Insecta/GenusSpecies/Micromus/tasmaniae/Micromus-tasmaniae-1196273.jpg,tasmaniae
gs://bugoff-bucket1/hinton/Insecta/GenusSpecies/Micromus/tasmaniae/Micromus-tasmaniae-1208399.jpg,tasmaniae
gs://bugoff-bucket1/hinton/Insecta/GenusSpecies/Micromus/tasmaniae/Micromus-tasmaniae-1217687.jpg,tasmaniae
gs://bugoff-bucket1/hinton/Insecta/GenusSpecies/Micromus/tasmaniae/Micromus-tasmaniae-1233769.jpg,tasmaniae
gs://bugoff-bucket1/hinton/Insecta/GenusSpecies/Micromus/tasmaniae/Micromus-tasmaniae-1243961.jpg,tasmaniae
gs://bugoff-bucket1/hinton/Insecta/GenusSpecies/Micromus/tasmaniae/Micromus-tasmaniae-1248614.jpg,tasmaniae
gs://bugoff-bucket1/hinton/Insecta/GenusSpecies/Micromus/tasmaniae/Micromus-tasmaniae-1256656.jpg,tasmaniae
gs://bugoff-bucket1/hinton/Insecta/GenusSpecies/Micromus/tasmaniae/Micromus-tasmaniae-1270599.jpg,tasmaniae
gs://bugoff-bucket1/hinton/Insecta/GenusSpecies/Micromus/tasmaniae/Micromus-tasmaniae-1296636.jpg,tasmaniae
gs://bugoff-bucket1/hinton/Insecta/GenusSpecies/Micromus/tasmaniae/Micromus-tasmaniae-1417006.jpg,tasmaniae
gs://bugoff-bucket1/hinton/Insecta/GenusSpecies/Micromus/tasmaniae/Micromus-tasmaniae-1474339.jpg,tasmaniae
gs://bugoff-bucket1/hinton/Insecta/GenusSpecies/Micromus/tasmaniae/Micromus-tasmaniae-1550013.jpg,tasmaniae
gs://bugoff-bucket1/hinton/Insecta/GenusSpecies/Micromus/tasmaniae/Micromus-tasmaniae-1744212.jpg,tasmaniae
gs://bugoff-bucket1/hinton/Insecta/GenusSpecies/Micromus/tasmaniae/Micromus-tasmaniae-1773664.jpg,tasmaniae
gs://bugoff-bucket1/hinton/Insecta/GenusSpecies/Micromus/tasmaniae/Micromus-tasmaniae-1935624.jpg,tasmaniae
gs://bugoff-bucket1/hinton/Insecta/GenusSpecies/Micromus/tasmaniae/Micromus-tasmaniae-1971577.jpg,tasmaniae
gs://bugoff-bucket1/hinton/Insecta/GenusSpecies/Micromus/tasmaniae/Micromus-tasmaniae-2394774.jpg,tasmaniae
gs://bugoff-bucket1/hinton/Insecta/GenusSpecies/Micromus/tasmaniae/Micromus-tasmaniae-2502955.jpg,tasmaniae
gs://bugoff-bucket1/hinton/Insecta/GenusSpecies/Micromus/tasmaniae/Micromus-tasmaniae-2531821.jpg,tasmaniae
gs://bugoff-bucket1/hinton/Insecta/GenusSpecies/Micromus/tasmaniae/Micromus-tasmaniae-2617981.jpg,tasmaniae
gs://bugoff-bucket1/hinton/Insecta/GenusSpecies/Micromus/tasmaniae/Micromus-tasmaniae-2701948.jpg,tasmaniae
gs://bugoff-bucket1/hinton/Insecta/GenusSpecies/Micromus/tasmaniae/Micromus-tasmaniae-2702690.jpg,tasmaniae
gs://bugoff-bucket1/hinton/Insecta/GenusSpecies/Micromus/tasmaniae/Micromus-tasmaniae-2702712.jpg,tasmaniae
gs://bugoff-bucket1/hinton/Insecta/GenusSpecies/Micromus/tasmaniae/Micromus-tasmaniae-2706703.jpg,tasmaniae
gs://bugoff-bucket1/hinton/Insecta/GenusSpecies/Micromus/tasmaniae/Micromus-tasmaniae-2717043.jpg,tasmaniae
gs://bugoff-bucket1/hinton/Insecta/GenusSpecies/Micromus/tasmaniae/Micromus-tasmaniae-2717055.jpg,tasmaniae
gs://bugoff-bucket1/hinton/Insecta/GenusSpecies/Micromus/tasmaniae/Micromus-tasmaniae-2719888.jpg,tasmaniae
gs://bugoff-bucket1/hinton/Insecta/GenusSpecies/Micromus/tasmaniae/Micromus-tasmaniae-2744617.jpg,tasmaniae
gs://bugoff-bucket1/hinton/Insecta/GenusSpecies/Micromus/tasmaniae/Micromus-tasmaniae-2751036.jpg,tasmaniae
gs://bugoff-bucket1/hinton/Insecta/GenusSpecies/Micromus/tasmaniae/Micromus-tasmaniae-2761481.jpg,tasmaniae
gs://bugoff-bucket1/hinton/Insecta/GenusSpecies/Micromus/tasmaniae/Micromus-tasmaniae-2937652.jpg,tasmaniae
gs://bugoff-bucket1/hinton/Insecta/GenusSpecies/Micromus/tasmaniae/Micromus-tasmaniae-2950711.jpg,tasmaniae
gs://bugoff-bucket1/hinton/Insecta/GenusSpecies/Micromus/tasmaniae/Micromus-tasmaniae-2973119.jpg,tasmaniae
gs://bugoff-bucket1/hinton/Insecta/GenusSpecies/Micromus/tasmaniae/Micromus-tasmaniae-3047017.jpg,tasmaniae
gs://bugoff-bucket1/hinton/Insecta/GenusSpecies/Micromus/tasmaniae/Micromus-tasmaniae-3073730.jpg,tasmaniae
gs://bugoff-bucket1/hinton/Insecta/GenusSpecies/Micromus/tasmaniae/Micromus-tasmaniae-3308863.jpg,tasmaniae
gs://bugoff-bucket1/hinton/Insecta/GenusSpecies/Micromus/tasmaniae/Micromus-tasmaniae-3483492.jpg,tasmaniae
gs://bugoff-bucket1/hinton/Insecta/GenusSpecies/Micromus/tasmaniae/Micromus-tasmaniae-3975033.jpg,tasmaniae
gs://bugoff-bucket1/hinton/Insecta/GenusSpecies/Micromus/tasmaniae/Micromus-tasmaniae-3983917.jpg,tasmaniae
gs://bugoff-bucket1/hinton/Insecta/GenusSpecies/Micromus/tasmaniae/Micromus-tasmaniae-4106347.jpg,tasmaniae
gs://bugoff-bucket1/hinton/Insecta/GenusSpecies/Micromus/tasmaniae/Micromus-tasmaniae-4694849.jpg,tasmaniae
gs://bugoff-bucket1/hinton/Insecta/GenusSpecies/Micromus/tasmaniae/Micromus-tasmaniae-4928750.jpg,tasmaniae
gs://bugoff-bucket1/hinton/Insecta/GenusSpecies/Micromus/tasmaniae/Micromus-tasmaniae-5711204.jpg,tasmaniae
gs://bugoff-bucket1/hinton/Insecta/GenusSpecies/Micromus/tasmaniae/Micromus-tasmaniae-5752961.jpg,tasmaniae
gs://bugoff-bucket1/hinton/Insecta/GenusSpecies/Micromus/tasmaniae/Micromus-tasmaniae-5894436.jpg,tasmaniae
gs://bugoff-bucket1/hinton/Insecta/GenusSpecies/Micromus/tasmaniae/Micromus-tasmaniae-5896414.jpg,tasmaniae
gs://bugoff-bucket1/hinton/Insecta/GenusSpecies/Micromus/tasmaniae/Micromus-tasmaniae-5941678.jpg,tasmaniae
gs://bugoff-bucket1/hinton/Insecta/GenusSpecies/Micromus/tasmaniae/Micromus-tasmaniae-5990085.jpg,tasmaniae
gs://bugoff-bucket1/hinton/Insecta/GenusSpecies/Micromus/tasmaniae/Micromus-tasmaniae-6066189.jpg,tasmaniae
gs://bugoff-bucket1/hinton/Insecta/GenusSpecies/Micromus/tasmaniae/Micromus-tasmaniae-6656172.jpg,tasmaniae
gs://bugoff-bucket1/hinton/Insecta/GenusSpecies/Micromus/timidus/Micromus-timidus-1415806.jpg,timidus
gs://bugoff-bucket1/hinton/Insecta/GenusSpecies/Micromus/variegatus/Micromus-variegatus-1045754.jpg,variegatus
gs://bugoff-bucket1/hinton/Insecta/GenusSpecies/Micromus/variegatus/Micromus-variegatus-2034212.jpg,variegatus
gs://bugoff-bucket1/hinton/Insecta/GenusSpecies/Micromus/variegatus/Micromus-variegatus-6854751.jpg,variegatus
gs://bugoff-bucket1/hinton/Insecta/GenusSpecies/Micromus/variegatus/Micromus-variegatus-7558177.jpg,variegatus
gs://bugoff-bucket1/hinton/Insecta/GenusSpecies/Micromus/variegatus/Micromus-variegatus-7688112.jpg,variegatus
gs://bugoff-bucket1/hinton/Insecta/GenusSpecies/Micromus/variegatus/Micromus-variegatus-7881482.jpg,variegatus
gs://bugoff-bucket1/hinton/Insecta/GenusSpecies/Micromus/variolosus/Micromus-variolosus-1645115.jpg,variolosus
gs://bugoff-bucket1/hinton/Insecta/GenusSpecies/Micromus/variolosus/Micromus-variolosus-1890818.jpg,variolosus
gs://bugoff-bucket1/hinton/Insecta/GenusSpecies/Micromus/variolosus/Micromus-variolosus-2430301.jpg,variolosus
gs://bugoff-bucket1/hinton/Insecta/GenusSpecies/Micromus/variolosus/Micromus-variolosus-6808683.jpg,variolosus
gs://bugoff-bucket1/hinton/Insecta/GenusSpecies/Psectra/iniqua/Psectra-iniqua-1413123.jpg,iniqua
gs://bugoff-bucket1/hinton/Insecta/GenusSpecies/Psectra/nakaharai/Psectra-nakaharai-1206085.jpg,nakaharai
gs://bugoff-bucket1/hinton/Insecta/GenusSpecies/Psectra/nakaharai/Psectra-nakaharai-1209558.jpg,nakaharai
gs://bugoff-bucket1/hinton/Insecta/GenusSpecies/Psectra/nakaharai/Psectra-nakaharai-1214868.jpg,nakaharai
gs://bugoff-bucket1/hinton/Insecta/GenusSpecies/Psectra/nakaharai/Psectra-nakaharai-2015613.jpg,nakaharai
gs://bugoff-bucket1/hinton/Insecta/GenusSpecies/Psectra/nakaharai/Psectra-nakaharai-2019273.jpg,nakaharai
gs://bugoff-bucket1/hinton/Insecta/GenusSpecies/Psectra/nakaharai/Psectra-nakaharai-4070815.jpg,nakaharai
gs://bugoff-bucket1/hinton/Insecta/GenusSpecies/Psectra/nakaharai/Psectra-nakaharai-6117291.jpg,nakaharai
gs://bugoff-bucket1/hinton/Insecta/GenusSpecies/Psectra/nakaharai/Psectra-nakaharai-6390144.jpg,nakaharai
gs://bugoff-bucket1/hinton/Insecta/GenusSpecies/Sympherobius/barberi/Sympherobius-barberi-1064483.jpg,barberi
gs://bugoff-bucket1/hinton/Insecta/GenusSpecies/Sympherobius/barberi/Sympherobius-barberi-1372131.jpg,barberi
gs://bugoff-bucket1/hinton/Insecta/GenusSpecies/Sympherobius/barberi/Sympherobius-barberi-1423512.jpg,barberi
gs://bugoff-bucket1/hinton/Insecta/GenusSpecies/Sympherobius/barberi/Sympherobius-barberi-1503918.jpg,barberi
gs://bugoff-bucket1/hinton/Insecta/GenusSpecies/Sympherobius/barberi/Sympherobius-barberi-1661226.jpg,barberi
gs://bugoff-bucket1/hinton/Insecta/GenusSpecies/Sympherobius/barberi/Sympherobius-barberi-1702155.jpg,barberi
gs://bugoff-bucket1/hinton/Insecta/GenusSpecies/Sympherobius/barberi/Sympherobius-barberi-1917777.jpg,barberi
gs://bugoff-bucket1/hinton/Insecta/GenusSpecies/Sympherobius/barberi/Sympherobius-barberi-1954272.jpg,barberi
gs://bugoff-bucket1/hinton/Insecta/GenusSpecies/Sympherobius/barberi/Sympherobius-barberi-2277773.jpg,barberi
gs://bugoff-bucket1/hinton/Insecta/GenusSpecies/Sympherobius/barberi/Sympherobius-barberi-2721612.jpg,barberi
gs://bugoff-bucket1/hinton/Insecta/GenusSpecies/Sympherobius/barberi/Sympherobius-barberi-3294262.jpg,barberi
gs://bugoff-bucket1/hinton/Insecta/GenusSpecies/Sympherobius/barberi/Sympherobius-barberi-3391032.jpg,barberi
gs://bugoff-bucket1/hinton/Insecta/GenusSpecies/Sympherobius/barberi/Sympherobius-barberi-4026415.jpg,barberi
gs://bugoff-bucket1/hinton/Insecta/GenusSpecies/Sympherobius/barberi/Sympherobius-barberi-4331180.jpg,barberi
gs://bugoff-bucket1/hinton/Insecta/GenusSpecies/Sympherobius/barberi/Sympherobius-barberi-4337865.jpg,barberi
gs://bugoff-bucket1/hinton/Insecta/GenusSpecies/Sympherobius/barberi/Sympherobius-barberi-4345178.jpg,barberi
gs://bugoff-bucket1/hinton/Insecta/GenusSpecies/Sympherobius/barberi/Sympherobius-barberi-4346735.jpg,barberi
gs://bugoff-bucket1/hinton/Insecta/GenusSpecies/Sympherobius/barberi/Sympherobius-barberi-4541415.jpg,barberi
gs://bugoff-bucket1/hinton/Insecta/GenusSpecies/Sympherobius/barberi/Sympherobius-barberi-5071812.jpg,barberi
gs://bugoff-bucket1/hinton/Insecta/GenusSpecies/Sympherobius/barberi/Sympherobius-barberi-5501375.jpg,barberi
gs://bugoff-bucket1/hinton/Insecta/GenusSpecies/Sympherobius/barberi/Sympherobius-barberi-5512373.jpg,barberi
gs://bugoff-bucket1/hinton/Insecta/GenusSpecies/Sympherobius/barberi/Sympherobius-barberi-5843091.jpg,barberi
gs://bugoff-bucket1/hinton/Insecta/GenusSpecies/Sympherobius/barberi/Sympherobius-barberi-5843110.jpg,barberi
gs://bugoff-bucket1/hinton/Insecta/GenusSpecies/Sympherobius/barberi/Sympherobius-barberi-6513631.jpg,barberi
gs://bugoff-bucket1/hinton/Insecta/GenusSpecies/Sympherobius/barberi/Sympherobius-barberi-6808686.jpg,barberi
gs://bugoff-bucket1/hinton/Insecta/GenusSpecies/Sympherobius/barberi/Sympherobius-barberi-6809281.jpg,barberi
gs://bugoff-bucket1/hinton/Insecta/GenusSpecies/Sympherobius/barberi/Sympherobius-barberi-6964238.jpg,barberi
gs://bugoff-bucket1/hinton/Insecta/GenusSpecies/Sympherobius/barberi/Sympherobius-barberi-7135519.jpg,barberi
gs://bugoff-bucket1/hinton/Insecta/GenusSpecies/Sympherobius/barberi/Sympherobius-barberi-7993365.jpg,barberi
gs://bugoff-bucket1/hinton/Insecta/GenusSpecies/Sympherobius/occidentalis/Sympherobius-occidentalis-5225539.jpg,occidentalis
gs://bugoff-bucket1/hinton/Insecta/GenusSpecies/Sympherobius/occidentalis/Sympherobius-occidentalis-6482253.jpg,occidentalis
gs://bugoff-bucket1/hinton/Insecta/GenusSpecies/Wesmaelius/subnebulosus/Wesmaelius-subnebulosus-1205266.jpg,subnebulosus
gs://bugoff-bucket1/hinton/Insecta/GenusSpecies/Wesmaelius/subnebulosus/Wesmaelius-subnebulosus-1256720.jpg,subnebulosus
gs://bugoff-bucket1/hinton/Insecta/GenusSpecies/Wesmaelius/subnebulosus/Wesmaelius-subnebulosus-1271613.jpg,subnebulosus
gs://bugoff-bucket1/hinton/Insecta/GenusSpecies/Wesmaelius/subnebulosus/Wesmaelius-subnebulosus-1271616.jpg,subnebulosus
gs://bugoff-bucket1/hinton/Insecta/GenusSpecies/Wesmaelius/subnebulosus/Wesmaelius-subnebulosus-1515015.jpg,subnebulosus
gs://bugoff-bucket1/hinton/Insecta/GenusSpecies/Wesmaelius/subnebulosus/Wesmaelius-subnebulosus-2028908.jpg,subnebulosus
gs://bugoff-bucket1/hinton/Insecta/GenusSpecies/Wesmaelius/subnebulosus/Wesmaelius-subnebulosus-2034186.jpg,subnebulosus
gs://bugoff-bucket1/hinton/Insecta/GenusSpecies/Wesmaelius/subnebulosus/Wesmaelius-subnebulosus-3243228.jpg,subnebulosus
gs://bugoff-bucket1/hinton/Insecta/GenusSpecies/Wesmaelius/subnebulosus/Wesmaelius-subnebulosus-6484172.jpg,subnebulosus
