gs://bugoff-bucket1/hinton/Insecta/GenusSpecies/Bibio/albipennis/Bibio-albipennis-8041319.jpg,albipennis
gs://bugoff-bucket1/hinton/Insecta/GenusSpecies/Bibio/albipennis/Bibio-albipennis-8059446.jpg,albipennis
gs://bugoff-bucket1/hinton/Insecta/GenusSpecies/Bibio/albipennis/Bibio-albipennis-8074954.jpg,albipennis
gs://bugoff-bucket1/hinton/Insecta/GenusSpecies/Bibio/albipennis/Bibio-albipennis-877370.jpg,albipennis
gs://bugoff-bucket1/hinton/Insecta/GenusSpecies/Bibio/albipennis/Bibio-albipennis-97272.jpg,albipennis
gs://bugoff-bucket1/hinton/Insecta/GenusSpecies/Bibio/articulatus/Bibio-articulatus-8040633.jpg,articulatus
gs://bugoff-bucket1/hinton/Insecta/GenusSpecies/Bibio/articulatus/Bibio-articulatus-8830259.jpg,articulatus
gs://bugoff-bucket1/hinton/Insecta/GenusSpecies/Bibio/femoratus/Bibio-femoratus-8000138.jpg,femoratus
gs://bugoff-bucket1/hinton/Insecta/GenusSpecies/Bibio/femoratus/Bibio-femoratus-8421999.jpg,femoratus
gs://bugoff-bucket1/hinton/Insecta/GenusSpecies/Bibio/femoratus/Bibio-femoratus-8643454.jpg,femoratus
gs://bugoff-bucket1/hinton/Insecta/GenusSpecies/Bibio/femoratus/Bibio-femoratus-9326431.jpg,femoratus
gs://bugoff-bucket1/hinton/Insecta/GenusSpecies/Bibio/fraternus/Bibio-fraternus-847312.jpg,fraternus
gs://bugoff-bucket1/hinton/Insecta/GenusSpecies/Bibio/fraternus/Bibio-fraternus-871570.jpg,fraternus
gs://bugoff-bucket1/hinton/Insecta/GenusSpecies/Bibio/hortulanus/Bibio-hortulanus-859933.jpg,hortulanus
gs://bugoff-bucket1/hinton/Insecta/GenusSpecies/Bibio/johannis/Bibio-johannis-8520312.jpg,johannis
gs://bugoff-bucket1/hinton/Insecta/GenusSpecies/Bibio/lanigerus/Bibio-lanigerus-8160871.jpg,lanigerus
gs://bugoff-bucket1/hinton/Insecta/GenusSpecies/Bibio/marci/Bibio-marci-815446.jpg,marci
gs://bugoff-bucket1/hinton/Insecta/GenusSpecies/Bibio/pomonae/Bibio-pomonae-9539110.jpg,pomonae
gs://bugoff-bucket1/hinton/Insecta/GenusSpecies/Bibio/superfluus/Bibio-superfluus-9530351.jpg,superfluus
gs://bugoff-bucket1/hinton/Insecta/GenusSpecies/Bibio/xanthopus/Bibio-xanthopus-89569.jpg,xanthopus
gs://bugoff-bucket1/hinton/Insecta/GenusSpecies/Dilophus/febrilis/Dilophus-febrilis-859951.jpg,febrilis
gs://bugoff-bucket1/hinton/Insecta/GenusSpecies/Dilophus/febrilis/Dilophus-febrilis-8759056.jpg,febrilis
gs://bugoff-bucket1/hinton/Insecta/GenusSpecies/Dilophus/febrilis/Dilophus-febrilis-8759072.jpg,febrilis
gs://bugoff-bucket1/hinton/Insecta/GenusSpecies/Dilophus/nigrostigma/Dilophus-nigrostigma-9538995.jpg,nigrostigma
gs://bugoff-bucket1/hinton/Insecta/GenusSpecies/Dilophus/orbatus/Dilophus-orbatus-8287841.jpg,orbatus
gs://bugoff-bucket1/hinton/Insecta/GenusSpecies/Penthetria/heteroptera/Penthetria-heteroptera-8602671.jpg,heteroptera
gs://bugoff-bucket1/hinton/Insecta/GenusSpecies/Plecia/amplipennis/Plecia-amplipennis-8186396.jpg,amplipennis
gs://bugoff-bucket1/hinton/Insecta/GenusSpecies/Plecia/nearctica/Plecia-nearctica-8035042.jpg,nearctica
gs://bugoff-bucket1/hinton/Insecta/GenusSpecies/Plecia/nearctica/Plecia-nearctica-8055931.jpg,nearctica
gs://bugoff-bucket1/hinton/Insecta/GenusSpecies/Plecia/nearctica/Plecia-nearctica-8061187.jpg,nearctica
gs://bugoff-bucket1/hinton/Insecta/GenusSpecies/Plecia/nearctica/Plecia-nearctica-8155916.jpg,nearctica
gs://bugoff-bucket1/hinton/Insecta/GenusSpecies/Plecia/nearctica/Plecia-nearctica-8253973.jpg,nearctica
gs://bugoff-bucket1/hinton/Insecta/GenusSpecies/Plecia/nearctica/Plecia-nearctica-8255936.jpg,nearctica
gs://bugoff-bucket1/hinton/Insecta/GenusSpecies/Plecia/nearctica/Plecia-nearctica-8256152.jpg,nearctica
gs://bugoff-bucket1/hinton/Insecta/GenusSpecies/Plecia/nearctica/Plecia-nearctica-8358720.jpg,nearctica
gs://bugoff-bucket1/hinton/Insecta/GenusSpecies/Plecia/nearctica/Plecia-nearctica-8426669.jpg,nearctica
gs://bugoff-bucket1/hinton/Insecta/GenusSpecies/Plecia/nearctica/Plecia-nearctica-8544062.jpg,nearctica
gs://bugoff-bucket1/hinton/Insecta/GenusSpecies/Plecia/nearctica/Plecia-nearctica-8888047.jpg,nearctica
gs://bugoff-bucket1/hinton/Insecta/GenusSpecies/Plecia/nearctica/Plecia-nearctica-893966.jpg,nearctica
gs://bugoff-bucket1/hinton/Insecta/GenusSpecies/Plecia/nearctica/Plecia-nearctica-9499081.jpg,nearctica
gs://bugoff-bucket1/hinton/Insecta/GenusSpecies/Plecia/nearctica/Plecia-nearctica-9641346.jpg,nearctica
