gs://bugoff-bucket1/hinton/Insecta/GenusSpecies/Acanthinus/argentinus/Acanthinus-argentinus-5472477.jpg,Acanthinus
gs://bugoff-bucket1/hinton/Insecta/GenusSpecies/Anthicus/cervinus/Anthicus-cervinus-2337620.jpg,Anthicus
gs://bugoff-bucket1/hinton/Insecta/GenusSpecies/Anthicus/ephippium/Anthicus-ephippium-2943284.jpg,Anthicus
gs://bugoff-bucket1/hinton/Insecta/GenusSpecies/Anthicus/hesperi/Anthicus-hesperi-1212904.jpg,Anthicus
gs://bugoff-bucket1/hinton/Insecta/GenusSpecies/Anthicus/kreusleri/Anthicus-kreusleri-1253598.jpg,Anthicus
gs://bugoff-bucket1/hinton/Insecta/GenusSpecies/Anthicus/scabriceps/Anthicus-scabriceps-339463.jpg,Anthicus
gs://bugoff-bucket1/hinton/Insecta/GenusSpecies/Duboisius/arizonensis/Duboisius-arizonensis-4408054.jpg,Duboisius
gs://bugoff-bucket1/hinton/Insecta/GenusSpecies/Duboisius/barri/Duboisius-barri-5207637.jpg,Duboisius
gs://bugoff-bucket1/hinton/Insecta/GenusSpecies/Duboisius/barri/Duboisius-barri-5854711.jpg,Duboisius
gs://bugoff-bucket1/hinton/Insecta/GenusSpecies/Formicilla/munda/Formicilla-munda-5859443.jpg,Formicilla
gs://bugoff-bucket1/hinton/Insecta/GenusSpecies/Ischyropalpus/bipartitus/Ischyropalpus-bipartitus-4410335.jpg,Ischyropalpus
gs://bugoff-bucket1/hinton/Insecta/GenusSpecies/Ischyropalpus/bipartitus/Ischyropalpus-bipartitus-5025194.jpg,Ischyropalpus
gs://bugoff-bucket1/hinton/Insecta/GenusSpecies/Ischyropalpus/nitidulus/Ischyropalpus-nitidulus-3775082.jpg,Ischyropalpus
gs://bugoff-bucket1/hinton/Insecta/GenusSpecies/Ischyropalpus/nitidulus/Ischyropalpus-nitidulus-6759584.jpg,Ischyropalpus
gs://bugoff-bucket1/hinton/Insecta/GenusSpecies/Ischyropalpus/nitidulus/Ischyropalpus-nitidulus-7902837.jpg,Ischyropalpus
gs://bugoff-bucket1/hinton/Insecta/GenusSpecies/Leptoremus/argenteus/Leptoremus-argenteus-1935991.jpg,Leptoremus
gs://bugoff-bucket1/hinton/Insecta/GenusSpecies/Leptoremus/argenteus/Leptoremus-argenteus-1954042.jpg,Leptoremus
gs://bugoff-bucket1/hinton/Insecta/GenusSpecies/Leptoremus/argenteus/Leptoremus-argenteus-1954043.jpg,Leptoremus
gs://bugoff-bucket1/hinton/Insecta/GenusSpecies/Macratria/murina/Macratria-murina-2569311.jpg,Macratria
gs://bugoff-bucket1/hinton/Insecta/GenusSpecies/Macratria/murina/Macratria-murina-2911332.jpg,Macratria
gs://bugoff-bucket1/hinton/Insecta/GenusSpecies/Macratria/murina/Macratria-murina-4108814.jpg,Macratria
gs://bugoff-bucket1/hinton/Insecta/GenusSpecies/Malporus/formicarius/Malporus-formicarius-328892.jpg,Malporus
gs://bugoff-bucket1/hinton/Insecta/GenusSpecies/Notoxus/calcaratus/Notoxus-calcaratus-178129.jpg,Notoxus
gs://bugoff-bucket1/hinton/Insecta/GenusSpecies/Notoxus/calcaratus/Notoxus-calcaratus-1897572.jpg,Notoxus
gs://bugoff-bucket1/hinton/Insecta/GenusSpecies/Notoxus/calcaratus/Notoxus-calcaratus-2149125.jpg,Notoxus
gs://bugoff-bucket1/hinton/Insecta/GenusSpecies/Notoxus/calcaratus/Notoxus-calcaratus-2367896.jpg,Notoxus
gs://bugoff-bucket1/hinton/Insecta/GenusSpecies/Notoxus/calcaratus/Notoxus-calcaratus-2371446.jpg,Notoxus
gs://bugoff-bucket1/hinton/Insecta/GenusSpecies/Notoxus/calcaratus/Notoxus-calcaratus-2615057.jpg,Notoxus
gs://bugoff-bucket1/hinton/Insecta/GenusSpecies/Notoxus/calcaratus/Notoxus-calcaratus-3137972.jpg,Notoxus
gs://bugoff-bucket1/hinton/Insecta/GenusSpecies/Notoxus/conformis/Notoxus-conformis-3016474.jpg,Notoxus
gs://bugoff-bucket1/hinton/Insecta/GenusSpecies/Notoxus/haustrus/Notoxus-haustrus-1079934.jpg,Notoxus
gs://bugoff-bucket1/hinton/Insecta/GenusSpecies/Notoxus/haustrus/Notoxus-haustrus-1094387.jpg,Notoxus
gs://bugoff-bucket1/hinton/Insecta/GenusSpecies/Notoxus/haustrus/Notoxus-haustrus-1137214.jpg,Notoxus
gs://bugoff-bucket1/hinton/Insecta/GenusSpecies/Notoxus/haustrus/Notoxus-haustrus-1137216.jpg,Notoxus
gs://bugoff-bucket1/hinton/Insecta/GenusSpecies/Notoxus/haustrus/Notoxus-haustrus-4162781.jpg,Notoxus
gs://bugoff-bucket1/hinton/Insecta/GenusSpecies/Notoxus/monoceros/Notoxus-monoceros-138726.jpg,Notoxus
gs://bugoff-bucket1/hinton/Insecta/GenusSpecies/Notoxus/monodon/Notoxus-monodon-2649011.jpg,Notoxus
gs://bugoff-bucket1/hinton/Insecta/GenusSpecies/Notoxus/monodon/Notoxus-monodon-489253.jpg,Notoxus
gs://bugoff-bucket1/hinton/Insecta/GenusSpecies/Notoxus/monodon/Notoxus-monodon-6638826.jpg,Notoxus
gs://bugoff-bucket1/hinton/Insecta/GenusSpecies/Notoxus/monodon/Notoxus-monodon-7587872.jpg,Notoxus
gs://bugoff-bucket1/hinton/Insecta/GenusSpecies/Notoxus/montanus/Notoxus-montanus-4693673.jpg,Notoxus
gs://bugoff-bucket1/hinton/Insecta/GenusSpecies/Notoxus/murinipennis/Notoxus-murinipennis-1818767.jpg,Notoxus
gs://bugoff-bucket1/hinton/Insecta/GenusSpecies/Notoxus/murinipennis/Notoxus-murinipennis-2015868.jpg,Notoxus
gs://bugoff-bucket1/hinton/Insecta/GenusSpecies/Notoxus/murinipennis/Notoxus-murinipennis-3421955.jpg,Notoxus
gs://bugoff-bucket1/hinton/Insecta/GenusSpecies/Notoxus/murinipennis/Notoxus-murinipennis-3897699.jpg,Notoxus
gs://bugoff-bucket1/hinton/Insecta/GenusSpecies/Notoxus/murinipennis/Notoxus-murinipennis-5905898.jpg,Notoxus
gs://bugoff-bucket1/hinton/Insecta/GenusSpecies/Notoxus/murinipennis/Notoxus-murinipennis-7990229.jpg,Notoxus
gs://bugoff-bucket1/hinton/Insecta/GenusSpecies/Notoxus/photus/Notoxus-photus-5589609.jpg,Notoxus
gs://bugoff-bucket1/hinton/Insecta/GenusSpecies/Omonadus/floralis/Omonadus-floralis-1255043.jpg,Omonadus
gs://bugoff-bucket1/hinton/Insecta/GenusSpecies/Omonadus/floralis/Omonadus-floralis-1256486.jpg,Omonadus
gs://bugoff-bucket1/hinton/Insecta/GenusSpecies/Omonadus/floralis/Omonadus-floralis-2030424.jpg,Omonadus
gs://bugoff-bucket1/hinton/Insecta/GenusSpecies/Omonadus/floralis/Omonadus-floralis-4970111.jpg,Omonadus
gs://bugoff-bucket1/hinton/Insecta/GenusSpecies/Omonadus/floralis/Omonadus-floralis-5843111.jpg,Omonadus
gs://bugoff-bucket1/hinton/Insecta/GenusSpecies/Pergetus/campanulatus/Pergetus-campanulatus-2943270.jpg,Pergetus
gs://bugoff-bucket1/hinton/Insecta/GenusSpecies/Sapintus/aucklandensis/Sapintus-aucklandensis-5188701.jpg,Sapintus
gs://bugoff-bucket1/hinton/Insecta/GenusSpecies/Sapintus/pellucidipes/Sapintus-pellucidipes-2939869.jpg,Sapintus
gs://bugoff-bucket1/hinton/Insecta/GenusSpecies/Sapintus/pellucidipes/Sapintus-pellucidipes-2939920.jpg,Sapintus
gs://bugoff-bucket1/hinton/Insecta/GenusSpecies/Sapintus/pubescens/Sapintus-pubescens-4873416.jpg,Sapintus
gs://bugoff-bucket1/hinton/Insecta/GenusSpecies/Sapintus/rarus/Sapintus-rarus-5200342.jpg,Sapintus
gs://bugoff-bucket1/hinton/Insecta/GenusSpecies/Stricticollis/tobias/Stricticollis-tobias-2042125.jpg,Stricticollis
gs://bugoff-bucket1/hinton/Insecta/GenusSpecies/Stricticollis/tobias/Stricticollis-tobias-2215941.jpg,Stricticollis
gs://bugoff-bucket1/hinton/Insecta/GenusSpecies/Stricticollis/tobias/Stricticollis-tobias-2391283.jpg,Stricticollis
gs://bugoff-bucket1/hinton/Insecta/GenusSpecies/Stricticollis/tobias/Stricticollis-tobias-2971171.jpg,Stricticollis
gs://bugoff-bucket1/hinton/Insecta/GenusSpecies/Tanarthrus/alutaceus/Tanarthrus-alutaceus-1301574.jpg,Tanarthrus
gs://bugoff-bucket1/hinton/Insecta/GenusSpecies/Tanarthrus/alutaceus/Tanarthrus-alutaceus-1307749.jpg,Tanarthrus
gs://bugoff-bucket1/hinton/Insecta/GenusSpecies/Tanarthrus/alutaceus/Tanarthrus-alutaceus-2106199.jpg,Tanarthrus
gs://bugoff-bucket1/hinton/Insecta/GenusSpecies/Tanarthrus/alutaceus/Tanarthrus-alutaceus-2329596.jpg,Tanarthrus
gs://bugoff-bucket1/hinton/Insecta/GenusSpecies/Tanarthrus/alutaceus/Tanarthrus-alutaceus-2965248.jpg,Tanarthrus
gs://bugoff-bucket1/hinton/Insecta/GenusSpecies/Tanarthrus/alutaceus/Tanarthrus-alutaceus-2965252.jpg,Tanarthrus
gs://bugoff-bucket1/hinton/Insecta/GenusSpecies/Tanarthrus/alutaceus/Tanarthrus-alutaceus-2965262.jpg,Tanarthrus
gs://bugoff-bucket1/hinton/Insecta/GenusSpecies/Tanarthrus/alutaceus/Tanarthrus-alutaceus-7850354.jpg,Tanarthrus
gs://bugoff-bucket1/hinton/Insecta/GenusSpecies/Tanarthrus/alutaceus/Tanarthrus-alutaceus-7850355.jpg,Tanarthrus
gs://bugoff-bucket1/hinton/Insecta/GenusSpecies/Tanarthrus/salinus/Tanarthrus-salinus-3168067.jpg,Tanarthrus
gs://bugoff-bucket1/hinton/Insecta/GenusSpecies/Tanarthrus/tartarus/Tanarthrus-tartarus-3156853.jpg,Tanarthrus
gs://bugoff-bucket1/hinton/Insecta/GenusSpecies/Vacusus/vicinus/Vacusus-vicinus-2106200.jpg,Vacusus
gs://bugoff-bucket1/hinton/Insecta/GenusSpecies/Vacusus/vicinus/Vacusus-vicinus-2160519.jpg,Vacusus
gs://bugoff-bucket1/hinton/Insecta/GenusSpecies/Vacusus/vicinus/Vacusus-vicinus-5296252.jpg,Vacusus
gs://bugoff-bucket1/hinton/Insecta/GenusSpecies/Vacusus/vicinus/Vacusus-vicinus-5903147.jpg,Vacusus
gs://bugoff-bucket1/hinton/Insecta/Genus1/Amblyderus/Amblyderus-1069307.jpg,Amblyderus
gs://bugoff-bucket1/hinton/Insecta/Genus1/Anthicus/Anthicus-2771196.jpg,Anthicus
gs://bugoff-bucket1/hinton/Insecta/Genus1/Duboisius/Duboisius-2295812.jpg,Duboisius
gs://bugoff-bucket1/hinton/Insecta/Genus1/Macratria/Macratria-4757092.jpg,Macratria
gs://bugoff-bucket1/hinton/Insecta/Genus1/Macratria/Macratria-7599832.jpg,Macratria
gs://bugoff-bucket1/hinton/Insecta/Genus1/Notoxus/Notoxus-2020057.jpg,Notoxus
gs://bugoff-bucket1/hinton/Insecta/Genus1/Notoxus/Notoxus-2049792.jpg,Notoxus
gs://bugoff-bucket1/hinton/Insecta/Genus1/Notoxus/Notoxus-2342318.jpg,Notoxus
gs://bugoff-bucket1/hinton/Insecta/Genus1/Notoxus/Notoxus-2460275.jpg,Notoxus
gs://bugoff-bucket1/hinton/Insecta/Genus1/Notoxus/Notoxus-4143635.jpg,Notoxus
gs://bugoff-bucket1/hinton/Insecta/Genus1/Notoxus/Notoxus-4270971.jpg,Notoxus
gs://bugoff-bucket1/hinton/Insecta/Genus1/Notoxus/Notoxus-4408095.jpg,Notoxus
gs://bugoff-bucket1/hinton/Insecta/Genus1/Notoxus/Notoxus-4554542.jpg,Notoxus
gs://bugoff-bucket1/hinton/Insecta/Genus1/Notoxus/Notoxus-478991.jpg,Notoxus
gs://bugoff-bucket1/hinton/Insecta/Genus1/Notoxus/Notoxus-5285851.jpg,Notoxus
gs://bugoff-bucket1/hinton/Insecta/Genus1/Notoxus/Notoxus-5286254.jpg,Notoxus
gs://bugoff-bucket1/hinton/Insecta/Genus1/Notoxus/Notoxus-5387724.jpg,Notoxus
gs://bugoff-bucket1/hinton/Insecta/Genus1/Notoxus/Notoxus-5393156.jpg,Notoxus
gs://bugoff-bucket1/hinton/Insecta/Genus1/Notoxus/Notoxus-6116983.jpg,Notoxus
gs://bugoff-bucket1/hinton/Insecta/Genus1/Notoxus/Notoxus-7740740.jpg,Notoxus
gs://bugoff-bucket1/hinton/Insecta/Genus1/Notoxus/Notoxus-7741404.jpg,Notoxus
gs://bugoff-bucket1/hinton/Insecta/Genus1/Notoxus/Notoxus-7864286.jpg,Notoxus
gs://bugoff-bucket1/hinton/Insecta/Genus1/Omonadus/Omonadus-2600105.jpg,Omonadus
gs://bugoff-bucket1/hinton/Insecta/Genus1/Omonadus/Omonadus-436850.jpg,Omonadus
gs://bugoff-bucket1/hinton/Insecta/Genus1/Omonadus/Omonadus-5843092.jpg,Omonadus
gs://bugoff-bucket1/hinton/Insecta/Genus1/Retocomus/Retocomus-3828743.jpg,Retocomus
gs://bugoff-bucket1/hinton/Insecta/Genus1/Sapintus/Sapintus-2939893.jpg,Sapintus
gs://bugoff-bucket1/hinton/Insecta/Genus1/Sapintus/Sapintus-4646408.jpg,Sapintus
gs://bugoff-bucket1/hinton/Insecta/Genus1/Sapintus/Sapintus-6453664.jpg,Sapintus
gs://bugoff-bucket1/hinton/Insecta/Genus1/Stricticollis/Stricticollis-3419807.jpg,Stricticollis
gs://bugoff-bucket1/hinton/Insecta/Genus1/Tanarthrus/Tanarthrus-3168064.jpg,Tanarthrus
gs://bugoff-bucket1/hinton/Insecta/Genus1/Tanarthrus/Tanarthrus-3289336.jpg,Tanarthrus
gs://bugoff-bucket1/hinton/Insecta/Genus1/Tanarthrus/Tanarthrus-3289390.jpg,Tanarthrus
gs://bugoff-bucket1/hinton/Insecta/Genus1/Tomoderus/Tomoderus-4516652.jpg,Tomoderus
