gs://bugoff-bucket1/hinton/Insecta/GenusSpecies/Acanthinus/argentinus/Acanthinus-argentinus-5472477.jpg,argentinus
gs://bugoff-bucket1/hinton/Insecta/GenusSpecies/Anthicus/cervinus/Anthicus-cervinus-2337620.jpg,cervinus
gs://bugoff-bucket1/hinton/Insecta/GenusSpecies/Anthicus/ephippium/Anthicus-ephippium-2943284.jpg,ephippium
gs://bugoff-bucket1/hinton/Insecta/GenusSpecies/Anthicus/hesperi/Anthicus-hesperi-1212904.jpg,hesperi
gs://bugoff-bucket1/hinton/Insecta/GenusSpecies/Anthicus/kreusleri/Anthicus-kreusleri-1253598.jpg,kreusleri
gs://bugoff-bucket1/hinton/Insecta/GenusSpecies/Anthicus/scabriceps/Anthicus-scabriceps-339463.jpg,scabriceps
gs://bugoff-bucket1/hinton/Insecta/GenusSpecies/Duboisius/arizonensis/Duboisius-arizonensis-4408054.jpg,arizonensis
gs://bugoff-bucket1/hinton/Insecta/GenusSpecies/Duboisius/barri/Duboisius-barri-5207637.jpg,barri
gs://bugoff-bucket1/hinton/Insecta/GenusSpecies/Duboisius/barri/Duboisius-barri-5854711.jpg,barri
gs://bugoff-bucket1/hinton/Insecta/GenusSpecies/Formicilla/munda/Formicilla-munda-5859443.jpg,munda
gs://bugoff-bucket1/hinton/Insecta/GenusSpecies/Ischyropalpus/bipartitus/Ischyropalpus-bipartitus-4410335.jpg,bipartitus
gs://bugoff-bucket1/hinton/Insecta/GenusSpecies/Ischyropalpus/bipartitus/Ischyropalpus-bipartitus-5025194.jpg,bipartitus
gs://bugoff-bucket1/hinton/Insecta/GenusSpecies/Ischyropalpus/nitidulus/Ischyropalpus-nitidulus-3775082.jpg,nitidulus
gs://bugoff-bucket1/hinton/Insecta/GenusSpecies/Ischyropalpus/nitidulus/Ischyropalpus-nitidulus-6759584.jpg,nitidulus
gs://bugoff-bucket1/hinton/Insecta/GenusSpecies/Ischyropalpus/nitidulus/Ischyropalpus-nitidulus-7902837.jpg,nitidulus
gs://bugoff-bucket1/hinton/Insecta/GenusSpecies/Leptoremus/argenteus/Leptoremus-argenteus-1935991.jpg,argenteus
gs://bugoff-bucket1/hinton/Insecta/GenusSpecies/Leptoremus/argenteus/Leptoremus-argenteus-1954042.jpg,argenteus
gs://bugoff-bucket1/hinton/Insecta/GenusSpecies/Leptoremus/argenteus/Leptoremus-argenteus-1954043.jpg,argenteus
gs://bugoff-bucket1/hinton/Insecta/GenusSpecies/Macratria/murina/Macratria-murina-2569311.jpg,murina
gs://bugoff-bucket1/hinton/Insecta/GenusSpecies/Macratria/murina/Macratria-murina-2911332.jpg,murina
gs://bugoff-bucket1/hinton/Insecta/GenusSpecies/Macratria/murina/Macratria-murina-4108814.jpg,murina
gs://bugoff-bucket1/hinton/Insecta/GenusSpecies/Malporus/formicarius/Malporus-formicarius-328892.jpg,formicarius
gs://bugoff-bucket1/hinton/Insecta/GenusSpecies/Notoxus/calcaratus/Notoxus-calcaratus-178129.jpg,calcaratus
gs://bugoff-bucket1/hinton/Insecta/GenusSpecies/Notoxus/calcaratus/Notoxus-calcaratus-1897572.jpg,calcaratus
gs://bugoff-bucket1/hinton/Insecta/GenusSpecies/Notoxus/calcaratus/Notoxus-calcaratus-2149125.jpg,calcaratus
gs://bugoff-bucket1/hinton/Insecta/GenusSpecies/Notoxus/calcaratus/Notoxus-calcaratus-2367896.jpg,calcaratus
gs://bugoff-bucket1/hinton/Insecta/GenusSpecies/Notoxus/calcaratus/Notoxus-calcaratus-2371446.jpg,calcaratus
gs://bugoff-bucket1/hinton/Insecta/GenusSpecies/Notoxus/calcaratus/Notoxus-calcaratus-2615057.jpg,calcaratus
gs://bugoff-bucket1/hinton/Insecta/GenusSpecies/Notoxus/calcaratus/Notoxus-calcaratus-3137972.jpg,calcaratus
gs://bugoff-bucket1/hinton/Insecta/GenusSpecies/Notoxus/conformis/Notoxus-conformis-3016474.jpg,conformis
gs://bugoff-bucket1/hinton/Insecta/GenusSpecies/Notoxus/haustrus/Notoxus-haustrus-1079934.jpg,haustrus
gs://bugoff-bucket1/hinton/Insecta/GenusSpecies/Notoxus/haustrus/Notoxus-haustrus-1094387.jpg,haustrus
gs://bugoff-bucket1/hinton/Insecta/GenusSpecies/Notoxus/haustrus/Notoxus-haustrus-1137214.jpg,haustrus
gs://bugoff-bucket1/hinton/Insecta/GenusSpecies/Notoxus/haustrus/Notoxus-haustrus-1137216.jpg,haustrus
gs://bugoff-bucket1/hinton/Insecta/GenusSpecies/Notoxus/haustrus/Notoxus-haustrus-4162781.jpg,haustrus
gs://bugoff-bucket1/hinton/Insecta/GenusSpecies/Notoxus/monoceros/Notoxus-monoceros-138726.jpg,monoceros
gs://bugoff-bucket1/hinton/Insecta/GenusSpecies/Notoxus/monodon/Notoxus-monodon-2649011.jpg,monodon
gs://bugoff-bucket1/hinton/Insecta/GenusSpecies/Notoxus/monodon/Notoxus-monodon-489253.jpg,monodon
gs://bugoff-bucket1/hinton/Insecta/GenusSpecies/Notoxus/monodon/Notoxus-monodon-6638826.jpg,monodon
gs://bugoff-bucket1/hinton/Insecta/GenusSpecies/Notoxus/monodon/Notoxus-monodon-7587872.jpg,monodon
gs://bugoff-bucket1/hinton/Insecta/GenusSpecies/Notoxus/montanus/Notoxus-montanus-4693673.jpg,montanus
gs://bugoff-bucket1/hinton/Insecta/GenusSpecies/Notoxus/murinipennis/Notoxus-murinipennis-1818767.jpg,murinipennis
gs://bugoff-bucket1/hinton/Insecta/GenusSpecies/Notoxus/murinipennis/Notoxus-murinipennis-2015868.jpg,murinipennis
gs://bugoff-bucket1/hinton/Insecta/GenusSpecies/Notoxus/murinipennis/Notoxus-murinipennis-3421955.jpg,murinipennis
gs://bugoff-bucket1/hinton/Insecta/GenusSpecies/Notoxus/murinipennis/Notoxus-murinipennis-3897699.jpg,murinipennis
gs://bugoff-bucket1/hinton/Insecta/GenusSpecies/Notoxus/murinipennis/Notoxus-murinipennis-5905898.jpg,murinipennis
gs://bugoff-bucket1/hinton/Insecta/GenusSpecies/Notoxus/murinipennis/Notoxus-murinipennis-7990229.jpg,murinipennis
gs://bugoff-bucket1/hinton/Insecta/GenusSpecies/Notoxus/photus/Notoxus-photus-5589609.jpg,photus
gs://bugoff-bucket1/hinton/Insecta/GenusSpecies/Omonadus/floralis/Omonadus-floralis-1255043.jpg,floralis
gs://bugoff-bucket1/hinton/Insecta/GenusSpecies/Omonadus/floralis/Omonadus-floralis-1256486.jpg,floralis
gs://bugoff-bucket1/hinton/Insecta/GenusSpecies/Omonadus/floralis/Omonadus-floralis-2030424.jpg,floralis
gs://bugoff-bucket1/hinton/Insecta/GenusSpecies/Omonadus/floralis/Omonadus-floralis-4970111.jpg,floralis
gs://bugoff-bucket1/hinton/Insecta/GenusSpecies/Omonadus/floralis/Omonadus-floralis-5843111.jpg,floralis
gs://bugoff-bucket1/hinton/Insecta/GenusSpecies/Pergetus/campanulatus/Pergetus-campanulatus-2943270.jpg,campanulatus
gs://bugoff-bucket1/hinton/Insecta/GenusSpecies/Sapintus/aucklandensis/Sapintus-aucklandensis-5188701.jpg,aucklandensis
gs://bugoff-bucket1/hinton/Insecta/GenusSpecies/Sapintus/pellucidipes/Sapintus-pellucidipes-2939869.jpg,pellucidipes
gs://bugoff-bucket1/hinton/Insecta/GenusSpecies/Sapintus/pellucidipes/Sapintus-pellucidipes-2939920.jpg,pellucidipes
gs://bugoff-bucket1/hinton/Insecta/GenusSpecies/Sapintus/pubescens/Sapintus-pubescens-4873416.jpg,pubescens
gs://bugoff-bucket1/hinton/Insecta/GenusSpecies/Sapintus/rarus/Sapintus-rarus-5200342.jpg,rarus
gs://bugoff-bucket1/hinton/Insecta/GenusSpecies/Stricticollis/tobias/Stricticollis-tobias-2042125.jpg,tobias
gs://bugoff-bucket1/hinton/Insecta/GenusSpecies/Stricticollis/tobias/Stricticollis-tobias-2215941.jpg,tobias
gs://bugoff-bucket1/hinton/Insecta/GenusSpecies/Stricticollis/tobias/Stricticollis-tobias-2391283.jpg,tobias
gs://bugoff-bucket1/hinton/Insecta/GenusSpecies/Stricticollis/tobias/Stricticollis-tobias-2971171.jpg,tobias
gs://bugoff-bucket1/hinton/Insecta/GenusSpecies/Tanarthrus/alutaceus/Tanarthrus-alutaceus-1301574.jpg,alutaceus
gs://bugoff-bucket1/hinton/Insecta/GenusSpecies/Tanarthrus/alutaceus/Tanarthrus-alutaceus-1307749.jpg,alutaceus
gs://bugoff-bucket1/hinton/Insecta/GenusSpecies/Tanarthrus/alutaceus/Tanarthrus-alutaceus-2106199.jpg,alutaceus
gs://bugoff-bucket1/hinton/Insecta/GenusSpecies/Tanarthrus/alutaceus/Tanarthrus-alutaceus-2329596.jpg,alutaceus
gs://bugoff-bucket1/hinton/Insecta/GenusSpecies/Tanarthrus/alutaceus/Tanarthrus-alutaceus-2965248.jpg,alutaceus
gs://bugoff-bucket1/hinton/Insecta/GenusSpecies/Tanarthrus/alutaceus/Tanarthrus-alutaceus-2965252.jpg,alutaceus
gs://bugoff-bucket1/hinton/Insecta/GenusSpecies/Tanarthrus/alutaceus/Tanarthrus-alutaceus-2965262.jpg,alutaceus
gs://bugoff-bucket1/hinton/Insecta/GenusSpecies/Tanarthrus/alutaceus/Tanarthrus-alutaceus-7850354.jpg,alutaceus
gs://bugoff-bucket1/hinton/Insecta/GenusSpecies/Tanarthrus/alutaceus/Tanarthrus-alutaceus-7850355.jpg,alutaceus
gs://bugoff-bucket1/hinton/Insecta/GenusSpecies/Tanarthrus/salinus/Tanarthrus-salinus-3168067.jpg,salinus
gs://bugoff-bucket1/hinton/Insecta/GenusSpecies/Tanarthrus/tartarus/Tanarthrus-tartarus-3156853.jpg,tartarus
gs://bugoff-bucket1/hinton/Insecta/GenusSpecies/Vacusus/vicinus/Vacusus-vicinus-2106200.jpg,vicinus
gs://bugoff-bucket1/hinton/Insecta/GenusSpecies/Vacusus/vicinus/Vacusus-vicinus-2160519.jpg,vicinus
gs://bugoff-bucket1/hinton/Insecta/GenusSpecies/Vacusus/vicinus/Vacusus-vicinus-5296252.jpg,vicinus
gs://bugoff-bucket1/hinton/Insecta/GenusSpecies/Vacusus/vicinus/Vacusus-vicinus-5903147.jpg,vicinus
