gs://bugoff-bucket1/hinton/Insecta/GenusSpecies/Acilius/mediatus/Acilius-mediatus-9105815.jpg,Acilius
gs://bugoff-bucket1/hinton/Insecta/GenusSpecies/Acilius/sulcatus/Acilius-sulcatus-8214413.jpg,Acilius
gs://bugoff-bucket1/hinton/Insecta/GenusSpecies/Acilius/sulcatus/Acilius-sulcatus-909752.jpg,Acilius
gs://bugoff-bucket1/hinton/Insecta/GenusSpecies/Acilius/sulcatus/Acilius-sulcatus-9666943.jpg,Acilius
gs://bugoff-bucket1/hinton/Insecta/GenusSpecies/Acilius/sulcatus/Acilius-sulcatus-9667056.jpg,Acilius
gs://bugoff-bucket1/hinton/Insecta/GenusSpecies/Agabus/disintegratus/Agabus-disintegratus-8742116.jpg,Agabus
gs://bugoff-bucket1/hinton/Insecta/GenusSpecies/Boreonectes/striatellus/Boreonectes-striatellus-8809230.jpg,Boreonectes
gs://bugoff-bucket1/hinton/Insecta/GenusSpecies/Coelambus/semivittatus/Coelambus-semivittatus-9067171.jpg,Coelambus
gs://bugoff-bucket1/hinton/Insecta/GenusSpecies/Coelambus/semivittatus/Coelambus-semivittatus-9647064.jpg,Coelambus
gs://bugoff-bucket1/hinton/Insecta/GenusSpecies/Colymbetes/fuscus/Colymbetes-fuscus-8032341.jpg,Colymbetes
gs://bugoff-bucket1/hinton/Insecta/GenusSpecies/Cybister/fimbriolatus/Cybister-fimbriolatus-85821.jpg,Cybister
gs://bugoff-bucket1/hinton/Insecta/GenusSpecies/Cybister/fimbriolatus/Cybister-fimbriolatus-8919986.jpg,Cybister
gs://bugoff-bucket1/hinton/Insecta/GenusSpecies/Cybister/fimbriolatus/Cybister-fimbriolatus-9095053.jpg,Cybister
gs://bugoff-bucket1/hinton/Insecta/GenusSpecies/Cybister/fimbriolatus/Cybister-fimbriolatus-9399961.jpg,Cybister
gs://bugoff-bucket1/hinton/Insecta/GenusSpecies/Cybister/fimbriolatus/Cybister-fimbriolatus-9587303.jpg,Cybister
gs://bugoff-bucket1/hinton/Insecta/GenusSpecies/Cybister/lateralimarginalis/Cybister-lateralimarginalis-8070913.jpg,Cybister
gs://bugoff-bucket1/hinton/Insecta/GenusSpecies/Cybister/lateralimarginalis/Cybister-lateralimarginalis-9173609.jpg,Cybister
gs://bugoff-bucket1/hinton/Insecta/GenusSpecies/Dytiscus/dauricus/Dytiscus-dauricus-9640370.jpg,Dytiscus
gs://bugoff-bucket1/hinton/Insecta/GenusSpecies/Dytiscus/dimidiatus/Dytiscus-dimidiatus-9515042.jpg,Dytiscus
gs://bugoff-bucket1/hinton/Insecta/GenusSpecies/Dytiscus/dimidiatus/Dytiscus-dimidiatus-9667046.jpg,Dytiscus
gs://bugoff-bucket1/hinton/Insecta/GenusSpecies/Dytiscus/lateralimarginalis/Dytiscus-lateralimarginalis-9244029.jpg,Dytiscus
gs://bugoff-bucket1/hinton/Insecta/GenusSpecies/Dytiscus/manitobensis/Dytiscus-manitobensis-8016404.jpg,Dytiscus
gs://bugoff-bucket1/hinton/Insecta/GenusSpecies/Dytiscus/marginalis/Dytiscus-marginalis-8217571.jpg,Dytiscus
gs://bugoff-bucket1/hinton/Insecta/GenusSpecies/Dytiscus/marginalis/Dytiscus-marginalis-8535671.jpg,Dytiscus
gs://bugoff-bucket1/hinton/Insecta/GenusSpecies/Dytiscus/marginalis/Dytiscus-marginalis-8813806.jpg,Dytiscus
gs://bugoff-bucket1/hinton/Insecta/GenusSpecies/Dytiscus/marginalis/Dytiscus-marginalis-8813812.jpg,Dytiscus
gs://bugoff-bucket1/hinton/Insecta/GenusSpecies/Dytiscus/marginalis/Dytiscus-marginalis-9219303.jpg,Dytiscus
gs://bugoff-bucket1/hinton/Insecta/GenusSpecies/Dytiscus/marginalis/Dytiscus-marginalis-9478852.jpg,Dytiscus
gs://bugoff-bucket1/hinton/Insecta/GenusSpecies/Dytiscus/marginicollis/Dytiscus-marginicollis-9427510.jpg,Dytiscus
gs://bugoff-bucket1/hinton/Insecta/GenusSpecies/Dytiscus/marginicollis/Dytiscus-marginicollis-9459882.jpg,Dytiscus
gs://bugoff-bucket1/hinton/Insecta/GenusSpecies/Eretes/occidentalis/Eretes-occidentalis-8601488.jpg,Eretes
gs://bugoff-bucket1/hinton/Insecta/GenusSpecies/Eretes/occidentalis/Eretes-occidentalis-9374339.jpg,Eretes
gs://bugoff-bucket1/hinton/Insecta/GenusSpecies/Eretes/occidentalis/Eretes-occidentalis-9569518.jpg,Eretes
gs://bugoff-bucket1/hinton/Insecta/GenusSpecies/Eretes/sticticus/Eretes-sticticus-891209.jpg,Eretes
gs://bugoff-bucket1/hinton/Insecta/GenusSpecies/Eretes/sticticus/Eretes-sticticus-900700.jpg,Eretes
gs://bugoff-bucket1/hinton/Insecta/GenusSpecies/Graphoderus/manitobensis/Graphoderus-manitobensis-8201029.jpg,Graphoderus
gs://bugoff-bucket1/hinton/Insecta/GenusSpecies/Graphoderus/manitobensis/Graphoderus-manitobensis-8217476.jpg,Graphoderus
gs://bugoff-bucket1/hinton/Insecta/GenusSpecies/Graphoderus/manitobensis/Graphoderus-manitobensis-8406603.jpg,Graphoderus
gs://bugoff-bucket1/hinton/Insecta/GenusSpecies/Graphoderus/manitobensis/Graphoderus-manitobensis-8815485.jpg,Graphoderus
gs://bugoff-bucket1/hinton/Insecta/GenusSpecies/Graphoderus/manitobensis/Graphoderus-manitobensis-8821764.jpg,Graphoderus
gs://bugoff-bucket1/hinton/Insecta/GenusSpecies/Hydaticus/grammicus/Hydaticus-grammicus-8050081.jpg,Hydaticus
gs://bugoff-bucket1/hinton/Insecta/GenusSpecies/Ilybius/angustior/Ilybius-angustior-8214966.jpg,Ilybius
gs://bugoff-bucket1/hinton/Insecta/GenusSpecies/Ilybius/angustior/Ilybius-angustior-9162350.jpg,Ilybius
gs://bugoff-bucket1/hinton/Insecta/GenusSpecies/Ilybius/fuliginosus/Ilybius-fuliginosus-8638390.jpg,Ilybius
gs://bugoff-bucket1/hinton/Insecta/GenusSpecies/Laccophilus/pictus/Laccophilus-pictus-8039483.jpg,Laccophilus
gs://bugoff-bucket1/hinton/Insecta/GenusSpecies/Oreodytes/laevis/Oreodytes-laevis-8616506.jpg,Oreodytes
gs://bugoff-bucket1/hinton/Insecta/GenusSpecies/Platambus/maculatus/Platambus-maculatus-8484540.jpg,Platambus
gs://bugoff-bucket1/hinton/Insecta/GenusSpecies/Rhantus/binotatus/Rhantus-binotatus-9502427.jpg,Rhantus
gs://bugoff-bucket1/hinton/Insecta/GenusSpecies/Rhantus/gutticollis/Rhantus-gutticollis-8187539.jpg,Rhantus
gs://bugoff-bucket1/hinton/Insecta/GenusSpecies/Rhantus/gutticollis/Rhantus-gutticollis-8212722.jpg,Rhantus
gs://bugoff-bucket1/hinton/Insecta/GenusSpecies/Rhantus/suturalis/Rhantus-suturalis-8593411.jpg,Rhantus
gs://bugoff-bucket1/hinton/Insecta/GenusSpecies/Rhantus/suturalis/Rhantus-suturalis-8787501.jpg,Rhantus
gs://bugoff-bucket1/hinton/Insecta/GenusSpecies/Rhantus/suturalis/Rhantus-suturalis-9433233.jpg,Rhantus
gs://bugoff-bucket1/hinton/Insecta/GenusSpecies/Thermonectus/intermedius/Thermonectus-intermedius-989258.jpg,Thermonectus
gs://bugoff-bucket1/hinton/Insecta/GenusSpecies/Thermonectus/marmoratus/Thermonectus-marmoratus-8135492.jpg,Thermonectus
gs://bugoff-bucket1/hinton/Insecta/GenusSpecies/Thermonectus/marmoratus/Thermonectus-marmoratus-8315184.jpg,Thermonectus
gs://bugoff-bucket1/hinton/Insecta/GenusSpecies/Thermonectus/marmoratus/Thermonectus-marmoratus-8460798.jpg,Thermonectus
gs://bugoff-bucket1/hinton/Insecta/GenusSpecies/Thermonectus/marmoratus/Thermonectus-marmoratus-8710829.jpg,Thermonectus
gs://bugoff-bucket1/hinton/Insecta/GenusSpecies/Thermonectus/marmoratus/Thermonectus-marmoratus-8818410.jpg,Thermonectus
gs://bugoff-bucket1/hinton/Insecta/GenusSpecies/Thermonectus/marmoratus/Thermonectus-marmoratus-9345343.jpg,Thermonectus
gs://bugoff-bucket1/hinton/Insecta/GenusSpecies/Thermonectus/marmoratus/Thermonectus-marmoratus-9388727.jpg,Thermonectus
gs://bugoff-bucket1/hinton/Insecta/GenusSpecies/Thermonectus/marmoratus/Thermonectus-marmoratus-9431680.jpg,Thermonectus
gs://bugoff-bucket1/hinton/Insecta/GenusSpecies/Thermonectus/marmoratus/Thermonectus-marmoratus-9444803.jpg,Thermonectus
gs://bugoff-bucket1/hinton/Insecta/GenusSpecies/Thermonectus/nigrofasciatus/Thermonectus-nigrofasciatus-92325.jpg,Thermonectus
gs://bugoff-bucket1/hinton/Insecta/GenusSpecies/Thermonectus/nigrofasciatus/Thermonectus-nigrofasciatus-9586470.jpg,Thermonectus
gs://bugoff-bucket1/hinton/Insecta/Genus1/Acilius/Acilius-8127481.jpg,Acilius
gs://bugoff-bucket1/hinton/Insecta/Genus1/Acilius/Acilius-815431.jpg,Acilius
gs://bugoff-bucket1/hinton/Insecta/Genus1/Agabus/Agabus-8158983.jpg,Agabus
gs://bugoff-bucket1/hinton/Insecta/Genus1/Agabus/Agabus-8615740.jpg,Agabus
gs://bugoff-bucket1/hinton/Insecta/Genus1/Celina/Celina-8258878.jpg,Celina
gs://bugoff-bucket1/hinton/Insecta/Genus1/Colymbetes/Colymbetes-8596138.jpg,Colymbetes
gs://bugoff-bucket1/hinton/Insecta/Genus1/Coptotomus/Coptotomus-8600413.jpg,Coptotomus
gs://bugoff-bucket1/hinton/Insecta/Genus1/Coptotomus/Coptotomus-8617484.jpg,Coptotomus
gs://bugoff-bucket1/hinton/Insecta/Genus1/Coptotomus/Coptotomus-942417.jpg,Coptotomus
gs://bugoff-bucket1/hinton/Insecta/Genus1/Cybister/Cybister-8050900.jpg,Cybister
gs://bugoff-bucket1/hinton/Insecta/Genus1/Cybister/Cybister-8096091.jpg,Cybister
gs://bugoff-bucket1/hinton/Insecta/Genus1/Cybister/Cybister-9459778.jpg,Cybister
gs://bugoff-bucket1/hinton/Insecta/Genus1/Desmopachria/Desmopachria-857684.jpg,Desmopachria
gs://bugoff-bucket1/hinton/Insecta/Genus1/Dytiscus/Dytiscus-8094167.jpg,Dytiscus
gs://bugoff-bucket1/hinton/Insecta/Genus1/Dytiscus/Dytiscus-8371442.jpg,Dytiscus
gs://bugoff-bucket1/hinton/Insecta/Genus1/Dytiscus/Dytiscus-8403384.jpg,Dytiscus
gs://bugoff-bucket1/hinton/Insecta/Genus1/Dytiscus/Dytiscus-8413922.jpg,Dytiscus
gs://bugoff-bucket1/hinton/Insecta/Genus1/Dytiscus/Dytiscus-8646616.jpg,Dytiscus
gs://bugoff-bucket1/hinton/Insecta/Genus1/Dytiscus/Dytiscus-9029272.jpg,Dytiscus
gs://bugoff-bucket1/hinton/Insecta/Genus1/Dytiscus/Dytiscus-909767.jpg,Dytiscus
gs://bugoff-bucket1/hinton/Insecta/Genus1/Dytiscus/Dytiscus-9249186.jpg,Dytiscus
gs://bugoff-bucket1/hinton/Insecta/Genus1/Dytiscus/Dytiscus-927744.jpg,Dytiscus
gs://bugoff-bucket1/hinton/Insecta/Genus1/Dytiscus/Dytiscus-9392802.jpg,Dytiscus
gs://bugoff-bucket1/hinton/Insecta/Genus1/Dytiscus/Dytiscus-9431445.jpg,Dytiscus
gs://bugoff-bucket1/hinton/Insecta/Genus1/Dytiscus/Dytiscus-9512065.jpg,Dytiscus
gs://bugoff-bucket1/hinton/Insecta/Genus1/Dytiscus/Dytiscus-9522519.jpg,Dytiscus
gs://bugoff-bucket1/hinton/Insecta/Genus1/Graphoderus/Graphoderus-8070910.jpg,Graphoderus
gs://bugoff-bucket1/hinton/Insecta/Genus1/Ilybius/Ilybius-909769.jpg,Ilybius
gs://bugoff-bucket1/hinton/Insecta/Genus1/Ilybius/Ilybius-927027.jpg,Ilybius
gs://bugoff-bucket1/hinton/Insecta/Genus1/Laccophilus/Laccophilus-8911066.jpg,Laccophilus
gs://bugoff-bucket1/hinton/Insecta/Genus1/Neoporus/Neoporus-8283328.jpg,Neoporus
