gs://bugoff-bucket1/hinton/Insecta/GenusSpecies/Aonidiella/aurantii/Aonidiella-aurantii-1901560.jpg,aurantii
gs://bugoff-bucket1/hinton/Insecta/GenusSpecies/Aonidiella/aurantii/Aonidiella-aurantii-3717969.jpg,aurantii
gs://bugoff-bucket1/hinton/Insecta/GenusSpecies/Aonidiella/aurantii/Aonidiella-aurantii-6930701.jpg,aurantii
gs://bugoff-bucket1/hinton/Insecta/GenusSpecies/Aspidiotus/laevigatus/Aspidiotus-laevigatus-2441376.jpg,laevigatus
gs://bugoff-bucket1/hinton/Insecta/GenusSpecies/Aspidiotus/nerii/Aspidiotus-nerii-2392728.jpg,nerii
gs://bugoff-bucket1/hinton/Insecta/GenusSpecies/Aspidiotus/nerii/Aspidiotus-nerii-2483143.jpg,nerii
gs://bugoff-bucket1/hinton/Insecta/GenusSpecies/Aspidiotus/oleander/Aspidiotus-oleander-6162149.jpg,oleander
gs://bugoff-bucket1/hinton/Insecta/GenusSpecies/Aspidiotus/ternata/Aspidiotus-ternata-1733039.jpg,ternata
gs://bugoff-bucket1/hinton/Insecta/GenusSpecies/Aulacaspis/yasumatsui/Aulacaspis-yasumatsui-2489452.jpg,yasumatsui
gs://bugoff-bucket1/hinton/Insecta/GenusSpecies/Aulacaspis/yasumatsui/Aulacaspis-yasumatsui-5211798.jpg,yasumatsui
gs://bugoff-bucket1/hinton/Insecta/GenusSpecies/Carulaspis/sempervirens/Carulaspis-sempervirens-2319225.jpg,sempervirens
gs://bugoff-bucket1/hinton/Insecta/GenusSpecies/Chionaspis/lintneri/Chionaspis-lintneri-7259501.jpg,lintneri
gs://bugoff-bucket1/hinton/Insecta/GenusSpecies/Chionaspis/ponderosa/Chionaspis-ponderosa-6442201.jpg,ponderosa
gs://bugoff-bucket1/hinton/Insecta/GenusSpecies/Chrysomphalus/benjamina/Chrysomphalus-benjamina-2318094.jpg,benjamina
gs://bugoff-bucket1/hinton/Insecta/GenusSpecies/Chrysomphalus/benjamina/Chrysomphalus-benjamina-3713245.jpg,benjamina
gs://bugoff-bucket1/hinton/Insecta/GenusSpecies/Chrysomphalus/pinnulifer/Chrysomphalus-pinnulifer-7948500.jpg,pinnulifer
gs://bugoff-bucket1/hinton/Insecta/GenusSpecies/Fiorinia/externa/Fiorinia-externa-3735060.jpg,externa
gs://bugoff-bucket1/hinton/Insecta/GenusSpecies/Fiorinia/externa/Fiorinia-externa-7199786.jpg,externa
gs://bugoff-bucket1/hinton/Insecta/GenusSpecies/Kuwanaspis/pseudoleucaspis/Kuwanaspis-pseudoleucaspis-4900201.jpg,pseudoleucaspis
gs://bugoff-bucket1/hinton/Insecta/GenusSpecies/Lepidosaphes/beckii/Lepidosaphes-beckii-1531522.jpg,beckii
gs://bugoff-bucket1/hinton/Insecta/GenusSpecies/Lepidosaphes/beckii/Lepidosaphes-beckii-6744642.jpg,beckii
gs://bugoff-bucket1/hinton/Insecta/GenusSpecies/Lepidosaphes/beckii/Lepidosaphes-beckii-6914181.jpg,beckii
gs://bugoff-bucket1/hinton/Insecta/GenusSpecies/Lepidosaphes/ulmi/Lepidosaphes-ulmi-3619273.jpg,ulmi
gs://bugoff-bucket1/hinton/Insecta/GenusSpecies/Lepidosaphes/ulmi/Lepidosaphes-ulmi-6697826.jpg,ulmi
gs://bugoff-bucket1/hinton/Insecta/GenusSpecies/Lindingaspis/rossi/Lindingaspis-rossi-2262695.jpg,rossi
gs://bugoff-bucket1/hinton/Insecta/GenusSpecies/Pseudaulacaspis/brimblecombei/Pseudaulacaspis-brimblecombei-1245377.jpg,brimblecombei
gs://bugoff-bucket1/hinton/Insecta/GenusSpecies/Pseudaulacaspis/eugeniae/Pseudaulacaspis-eugeniae-1244762.jpg,eugeniae
gs://bugoff-bucket1/hinton/Insecta/GenusSpecies/Pseudaulacaspis/major/Pseudaulacaspis-major-5156621.jpg,major
gs://bugoff-bucket1/hinton/Insecta/GenusSpecies/Pseudaulacaspis/phymatodidis/Pseudaulacaspis-phymatodidis-1266394.jpg,phymatodidis
gs://bugoff-bucket1/hinton/Insecta/GenusSpecies/Unaspis/euonymi/Unaspis-euonymi-5327043.jpg,euonymi
