gs://bugoff-bucket1/hinton/Insecta/GenusSpecies/Macrosiagon/cruenta/Macrosiagon-cruenta-5350942.jpg,cruenta
gs://bugoff-bucket1/hinton/Insecta/GenusSpecies/Macrosiagon/cruenta/Macrosiagon-cruenta-5398289.jpg,cruenta
gs://bugoff-bucket1/hinton/Insecta/GenusSpecies/Macrosiagon/cruentum/Macrosiagon-cruentum-2361611.jpg,cruentum
gs://bugoff-bucket1/hinton/Insecta/GenusSpecies/Macrosiagon/cruentum/Macrosiagon-cruentum-4148520.jpg,cruentum
gs://bugoff-bucket1/hinton/Insecta/GenusSpecies/Macrosiagon/cruentum/Macrosiagon-cruentum-4337597.jpg,cruentum
gs://bugoff-bucket1/hinton/Insecta/GenusSpecies/Macrosiagon/cruentum/Macrosiagon-cruentum-4760943.jpg,cruentum
gs://bugoff-bucket1/hinton/Insecta/GenusSpecies/Macrosiagon/dimidiata/Macrosiagon-dimidiata-2459933.jpg,dimidiata
gs://bugoff-bucket1/hinton/Insecta/GenusSpecies/Macrosiagon/dimidiata/Macrosiagon-dimidiata-4877953.jpg,dimidiata
gs://bugoff-bucket1/hinton/Insecta/GenusSpecies/Macrosiagon/dimidiata/Macrosiagon-dimidiata-6366086.jpg,dimidiata
gs://bugoff-bucket1/hinton/Insecta/GenusSpecies/Macrosiagon/dimidiata/Macrosiagon-dimidiata-6505291.jpg,dimidiata
gs://bugoff-bucket1/hinton/Insecta/GenusSpecies/Macrosiagon/ferrugineum/Macrosiagon-ferrugineum-2042416.jpg,ferrugineum
gs://bugoff-bucket1/hinton/Insecta/GenusSpecies/Macrosiagon/flavipennis/Macrosiagon-flavipennis-1300956.jpg,flavipennis
gs://bugoff-bucket1/hinton/Insecta/GenusSpecies/Macrosiagon/flavipennis/Macrosiagon-flavipennis-4474002.jpg,flavipennis
gs://bugoff-bucket1/hinton/Insecta/GenusSpecies/Macrosiagon/limbata/Macrosiagon-limbata-1000994.jpg,limbata
gs://bugoff-bucket1/hinton/Insecta/GenusSpecies/Macrosiagon/limbata/Macrosiagon-limbata-1122616.jpg,limbata
gs://bugoff-bucket1/hinton/Insecta/GenusSpecies/Macrosiagon/limbata/Macrosiagon-limbata-142820.jpg,limbata
gs://bugoff-bucket1/hinton/Insecta/GenusSpecies/Macrosiagon/limbata/Macrosiagon-limbata-147419.jpg,limbata
gs://bugoff-bucket1/hinton/Insecta/GenusSpecies/Macrosiagon/limbata/Macrosiagon-limbata-2202767.jpg,limbata
gs://bugoff-bucket1/hinton/Insecta/GenusSpecies/Macrosiagon/limbata/Macrosiagon-limbata-2218339.jpg,limbata
gs://bugoff-bucket1/hinton/Insecta/GenusSpecies/Macrosiagon/limbata/Macrosiagon-limbata-2278671.jpg,limbata
gs://bugoff-bucket1/hinton/Insecta/GenusSpecies/Macrosiagon/limbata/Macrosiagon-limbata-4144253.jpg,limbata
gs://bugoff-bucket1/hinton/Insecta/GenusSpecies/Macrosiagon/limbata/Macrosiagon-limbata-4258029.jpg,limbata
gs://bugoff-bucket1/hinton/Insecta/GenusSpecies/Macrosiagon/limbata/Macrosiagon-limbata-4279391.jpg,limbata
gs://bugoff-bucket1/hinton/Insecta/GenusSpecies/Macrosiagon/limbata/Macrosiagon-limbata-4318854.jpg,limbata
gs://bugoff-bucket1/hinton/Insecta/GenusSpecies/Macrosiagon/limbata/Macrosiagon-limbata-4427678.jpg,limbata
gs://bugoff-bucket1/hinton/Insecta/GenusSpecies/Macrosiagon/limbata/Macrosiagon-limbata-4736733.jpg,limbata
gs://bugoff-bucket1/hinton/Insecta/GenusSpecies/Macrosiagon/limbata/Macrosiagon-limbata-5661623.jpg,limbata
gs://bugoff-bucket1/hinton/Insecta/GenusSpecies/Macrosiagon/limbata/Macrosiagon-limbata-5810470.jpg,limbata
gs://bugoff-bucket1/hinton/Insecta/GenusSpecies/Macrosiagon/limbata/Macrosiagon-limbata-5915784.jpg,limbata
gs://bugoff-bucket1/hinton/Insecta/GenusSpecies/Macrosiagon/limbata/Macrosiagon-limbata-7923051.jpg,limbata
gs://bugoff-bucket1/hinton/Insecta/GenusSpecies/Macrosiagon/limbatum/Macrosiagon-limbatum-2269596.jpg,limbatum
gs://bugoff-bucket1/hinton/Insecta/GenusSpecies/Macrosiagon/pectinata/Macrosiagon-pectinata-5423077.jpg,pectinata
gs://bugoff-bucket1/hinton/Insecta/GenusSpecies/Macrosiagon/pectinata/Macrosiagon-pectinata-635264.jpg,pectinata
gs://bugoff-bucket1/hinton/Insecta/GenusSpecies/Macrosiagon/tricuspidatum/Macrosiagon-tricuspidatum-6035728.jpg,tricuspidatum
gs://bugoff-bucket1/hinton/Insecta/GenusSpecies/Pelecotoma/flavipes/Pelecotoma-flavipes-3088650.jpg,flavipes
