gs://bugoff-bucket1/hinton/Insecta/GenusSpecies/Ferrisia/virgata/Ferrisia-virgata-2857262.jpg,virgata
gs://bugoff-bucket1/hinton/Insecta/GenusSpecies/Ferrisia/virgata/Ferrisia-virgata-4537905.jpg,virgata
gs://bugoff-bucket1/hinton/Insecta/GenusSpecies/Phenacoccus/peruvianus/Phenacoccus-peruvianus-6467716.jpg,peruvianus
gs://bugoff-bucket1/hinton/Insecta/GenusSpecies/Phenacoccus/peruvianus/Phenacoccus-peruvianus-6534540.jpg,peruvianus
gs://bugoff-bucket1/hinton/Insecta/GenusSpecies/Phenacoccus/solenopsis/Phenacoccus-solenopsis-6304141.jpg,solenopsis
gs://bugoff-bucket1/hinton/Insecta/GenusSpecies/Planococcus/citri/Planococcus-citri-2302319.jpg,citri
gs://bugoff-bucket1/hinton/Insecta/GenusSpecies/Planococcus/citri/Planococcus-citri-4481825.jpg,citri
gs://bugoff-bucket1/hinton/Insecta/GenusSpecies/Planococcus/citri/Planococcus-citri-4813419.jpg,citri
gs://bugoff-bucket1/hinton/Insecta/GenusSpecies/Planococcus/citri/Planococcus-citri-6254211.jpg,citri
gs://bugoff-bucket1/hinton/Insecta/GenusSpecies/Planococcus/citri/Planococcus-citri-7800496.jpg,citri
gs://bugoff-bucket1/hinton/Insecta/GenusSpecies/Planococcus/citri/Planococcus-citri-7857300.jpg,citri
gs://bugoff-bucket1/hinton/Insecta/GenusSpecies/Pseudococcus/calceolariae/Pseudococcus-calceolariae-1764576.jpg,calceolariae
gs://bugoff-bucket1/hinton/Insecta/GenusSpecies/Pseudococcus/longispinus/Pseudococcus-longispinus-1243492.jpg,longispinus
gs://bugoff-bucket1/hinton/Insecta/GenusSpecies/Pseudococcus/longispinus/Pseudococcus-longispinus-1245986.jpg,longispinus
gs://bugoff-bucket1/hinton/Insecta/GenusSpecies/Pseudococcus/longispinus/Pseudococcus-longispinus-1654345.jpg,longispinus
gs://bugoff-bucket1/hinton/Insecta/GenusSpecies/Pseudococcus/longispinus/Pseudococcus-longispinus-1654991.jpg,longispinus
gs://bugoff-bucket1/hinton/Insecta/GenusSpecies/Pseudococcus/longispinus/Pseudococcus-longispinus-1730411.jpg,longispinus
gs://bugoff-bucket1/hinton/Insecta/GenusSpecies/Pseudococcus/longispinus/Pseudococcus-longispinus-1789006.jpg,longispinus
gs://bugoff-bucket1/hinton/Insecta/GenusSpecies/Pseudococcus/longispinus/Pseudococcus-longispinus-2599000.jpg,longispinus
gs://bugoff-bucket1/hinton/Insecta/GenusSpecies/Pseudococcus/longispinus/Pseudococcus-longispinus-2830646.jpg,longispinus
gs://bugoff-bucket1/hinton/Insecta/GenusSpecies/Pseudococcus/longispinus/Pseudococcus-longispinus-3052803.jpg,longispinus
gs://bugoff-bucket1/hinton/Insecta/GenusSpecies/Pseudococcus/longispinus/Pseudococcus-longispinus-3890328.jpg,longispinus
gs://bugoff-bucket1/hinton/Insecta/GenusSpecies/Pseudococcus/longispinus/Pseudococcus-longispinus-407796.jpg,longispinus
gs://bugoff-bucket1/hinton/Insecta/GenusSpecies/Pseudococcus/longispinus/Pseudococcus-longispinus-4303173.jpg,longispinus
gs://bugoff-bucket1/hinton/Insecta/GenusSpecies/Pseudococcus/longispinus/Pseudococcus-longispinus-4761233.jpg,longispinus
gs://bugoff-bucket1/hinton/Insecta/GenusSpecies/Pseudococcus/longispinus/Pseudococcus-longispinus-6065052.jpg,longispinus
gs://bugoff-bucket1/hinton/Insecta/GenusSpecies/Pseudococcus/longispinus/Pseudococcus-longispinus-6766884.jpg,longispinus
gs://bugoff-bucket1/hinton/Insecta/GenusSpecies/Pseudococcus/longispinus/Pseudococcus-longispinus-7137385.jpg,longispinus
gs://bugoff-bucket1/hinton/Insecta/GenusSpecies/Pseudococcus/longispinus/Pseudococcus-longispinus-7184606.jpg,longispinus
gs://bugoff-bucket1/hinton/Insecta/GenusSpecies/Pseudococcus/longispinus/Pseudococcus-longispinus-7184620.jpg,longispinus
gs://bugoff-bucket1/hinton/Insecta/GenusSpecies/Pseudococcus/longispinus/Pseudococcus-longispinus-7199963.jpg,longispinus
gs://bugoff-bucket1/hinton/Insecta/GenusSpecies/Pseudococcus/longispinus/Pseudococcus-longispinus-7715392.jpg,longispinus
gs://bugoff-bucket1/hinton/Insecta/GenusSpecies/Pseudococcus/longispinus/Pseudococcus-longispinus-7823807.jpg,longispinus
gs://bugoff-bucket1/hinton/Insecta/GenusSpecies/Pseudococcus/longispinus/Pseudococcus-longispinus-7837347.jpg,longispinus
