gs://bugoff-bucket1/hinton/Insecta/GenusSpecies/Ceratina/acantha/Ceratina-acantha-3796464.jpg,acantha
gs://bugoff-bucket1/hinton/Insecta/GenusSpecies/Ceratina/anagallis-aquatica/Ceratina-anagallis-aquatica-aquatica.jpg,anagallis-aquatica
gs://bugoff-bucket1/hinton/Insecta/GenusSpecies/Ceratina/arizonensis/Ceratina-arizonensis-2226383.jpg,arizonensis
gs://bugoff-bucket1/hinton/Insecta/GenusSpecies/Ceratina/arizonensis/Ceratina-arizonensis-3515732.jpg,arizonensis
gs://bugoff-bucket1/hinton/Insecta/GenusSpecies/Ceratina/arizonensis/Ceratina-arizonensis-4277755.jpg,arizonensis
gs://bugoff-bucket1/hinton/Insecta/GenusSpecies/Ceratina/arizonensis/Ceratina-arizonensis-5065382.jpg,arizonensis
gs://bugoff-bucket1/hinton/Insecta/GenusSpecies/Ceratina/arizonensis/Ceratina-arizonensis-5485183.jpg,arizonensis
gs://bugoff-bucket1/hinton/Insecta/GenusSpecies/Ceratina/basilicum/Ceratina-basilicum-2231145.jpg,basilicum
gs://bugoff-bucket1/hinton/Insecta/GenusSpecies/Ceratina/bimaculata/Ceratina-bimaculata-3891875.jpg,bimaculata
gs://bugoff-bucket1/hinton/Insecta/GenusSpecies/Ceratina/binghami/Ceratina-binghami-1545278.jpg,binghami
gs://bugoff-bucket1/hinton/Insecta/GenusSpecies/Ceratina/bowringi/Ceratina-bowringi-4628230.jpg,bowringi
gs://bugoff-bucket1/hinton/Insecta/GenusSpecies/Ceratina/bowringi/Ceratina-bowringi-5119531.jpg,bowringi
gs://bugoff-bucket1/hinton/Insecta/GenusSpecies/Ceratina/calcarata/Ceratina-calcarata-1266599.jpg,calcarata
gs://bugoff-bucket1/hinton/Insecta/GenusSpecies/Ceratina/calcarata/Ceratina-calcarata-1703467.jpg,calcarata
gs://bugoff-bucket1/hinton/Insecta/GenusSpecies/Ceratina/calcarata/Ceratina-calcarata-1730696.jpg,calcarata
gs://bugoff-bucket1/hinton/Insecta/GenusSpecies/Ceratina/calcarata/Ceratina-calcarata-2687216.jpg,calcarata
gs://bugoff-bucket1/hinton/Insecta/GenusSpecies/Ceratina/calcarata/Ceratina-calcarata-3312038.jpg,calcarata
gs://bugoff-bucket1/hinton/Insecta/GenusSpecies/Ceratina/calcarata/Ceratina-calcarata-3341672.jpg,calcarata
gs://bugoff-bucket1/hinton/Insecta/GenusSpecies/Ceratina/calcarata/Ceratina-calcarata-3538318.jpg,calcarata
gs://bugoff-bucket1/hinton/Insecta/GenusSpecies/Ceratina/calcarata/Ceratina-calcarata-4274964.jpg,calcarata
gs://bugoff-bucket1/hinton/Insecta/GenusSpecies/Ceratina/calcarata/Ceratina-calcarata-4333018.jpg,calcarata
gs://bugoff-bucket1/hinton/Insecta/GenusSpecies/Ceratina/calcarata/Ceratina-calcarata-4954510.jpg,calcarata
gs://bugoff-bucket1/hinton/Insecta/GenusSpecies/Ceratina/calcarata/Ceratina-calcarata-5244394.jpg,calcarata
gs://bugoff-bucket1/hinton/Insecta/GenusSpecies/Ceratina/calcarata/Ceratina-calcarata-5414841.jpg,calcarata
gs://bugoff-bucket1/hinton/Insecta/GenusSpecies/Ceratina/calcarata/Ceratina-calcarata-6956412.jpg,calcarata
gs://bugoff-bucket1/hinton/Insecta/GenusSpecies/Ceratina/calcarata/Ceratina-calcarata-7007841.jpg,calcarata
gs://bugoff-bucket1/hinton/Insecta/GenusSpecies/Ceratina/coeruleum/Ceratina-coeruleum-5539529.jpg,coeruleum
gs://bugoff-bucket1/hinton/Insecta/GenusSpecies/Ceratina/cognata/Ceratina-cognata-2285436.jpg,cognata
gs://bugoff-bucket1/hinton/Insecta/GenusSpecies/Ceratina/cognata/Ceratina-cognata-3856196.jpg,cognata
gs://bugoff-bucket1/hinton/Insecta/GenusSpecies/Ceratina/cognata/Ceratina-cognata-5144869.jpg,cognata
gs://bugoff-bucket1/hinton/Insecta/GenusSpecies/Ceratina/corymbosa/Ceratina-corymbosa-6157146.jpg,corymbosa
gs://bugoff-bucket1/hinton/Insecta/GenusSpecies/Ceratina/dentipes/Ceratina-dentipes-6048662.jpg,dentipes
gs://bugoff-bucket1/hinton/Insecta/GenusSpecies/Ceratina/doclea/Ceratina-doclea-7372373.jpg,doclea
gs://bugoff-bucket1/hinton/Insecta/GenusSpecies/Ceratina/exigua/Ceratina-exigua-2118555.jpg,exigua
gs://bugoff-bucket1/hinton/Insecta/GenusSpecies/Ceratina/farfara/Ceratina-farfara-7529845.jpg,farfara
gs://bugoff-bucket1/hinton/Insecta/GenusSpecies/Ceratina/foertherianum/Ceratina-foertherianum-6182146.jpg,foertherianum
gs://bugoff-bucket1/hinton/Insecta/GenusSpecies/Ceratina/foertherianum/Ceratina-foertherianum-6193265.jpg,foertherianum
gs://bugoff-bucket1/hinton/Insecta/GenusSpecies/Ceratina/glaber/Ceratina-glaber-4168200.jpg,glaber
gs://bugoff-bucket1/hinton/Insecta/GenusSpecies/Ceratina/involucrata/Ceratina-involucrata-7106625.jpg,involucrata
gs://bugoff-bucket1/hinton/Insecta/GenusSpecies/Ceratina/macranthus/Ceratina-macranthus-6384957.jpg,macranthus
gs://bugoff-bucket1/hinton/Insecta/GenusSpecies/Ceratina/macranthus/Ceratina-macranthus-6448393.jpg,macranthus
gs://bugoff-bucket1/hinton/Insecta/GenusSpecies/Ceratina/madagascariensis/Ceratina-madagascariensis-6147502.jpg,madagascariensis
gs://bugoff-bucket1/hinton/Insecta/GenusSpecies/Ceratina/neomexicana/Ceratina-neomexicana-1545330.jpg,neomexicana
gs://bugoff-bucket1/hinton/Insecta/GenusSpecies/Ceratina/officinale/Ceratina-officinale-6384908.jpg,officinale
gs://bugoff-bucket1/hinton/Insecta/GenusSpecies/Ceratina/officinale/Ceratina-officinale-7941532.jpg,officinale
gs://bugoff-bucket1/hinton/Insecta/GenusSpecies/Ceratina/pacifica/Ceratina-pacifica-63505.jpg,pacifica
gs://bugoff-bucket1/hinton/Insecta/GenusSpecies/Ceratina/pilularis/Ceratina-pilularis-5013556.jpg,pilularis
gs://bugoff-bucket1/hinton/Insecta/GenusSpecies/Ceratina/portulacastrum/Ceratina-portulacastrum-5359648.jpg,portulacastrum
gs://bugoff-bucket1/hinton/Insecta/GenusSpecies/Ceratina/portulacastrum/Ceratina-portulacastrum-6037490.jpg,portulacastrum
gs://bugoff-bucket1/hinton/Insecta/GenusSpecies/Ceratina/punctatus/Ceratina-punctatus-5536253.jpg,punctatus
gs://bugoff-bucket1/hinton/Insecta/GenusSpecies/Ceratina/quamash/Ceratina-quamash-7585208.jpg,quamash
gs://bugoff-bucket1/hinton/Insecta/GenusSpecies/Ceratina/rosea/Ceratina-rosea-6164826.jpg,rosea
gs://bugoff-bucket1/hinton/Insecta/GenusSpecies/Ceratina/rosea/Ceratina-rosea-6164892.jpg,rosea
gs://bugoff-bucket1/hinton/Insecta/GenusSpecies/Ceratina/rosea/Ceratina-rosea-6164974.jpg,rosea
gs://bugoff-bucket1/hinton/Insecta/GenusSpecies/Ceratina/saccharum/Ceratina-saccharum-7529592.jpg,saccharum
gs://bugoff-bucket1/hinton/Insecta/GenusSpecies/Ceratina/smaragdula/Ceratina-smaragdula-3997798.jpg,smaragdula
gs://bugoff-bucket1/hinton/Insecta/GenusSpecies/Ceratina/smaragdula/Ceratina-smaragdula-4628226.jpg,smaragdula
gs://bugoff-bucket1/hinton/Insecta/GenusSpecies/Ceratina/smaragdula/Ceratina-smaragdula-5081166.jpg,smaragdula
gs://bugoff-bucket1/hinton/Insecta/GenusSpecies/Ceratina/smaragdula/Ceratina-smaragdula-7612566.jpg,smaragdula
gs://bugoff-bucket1/hinton/Insecta/GenusSpecies/Ceratina/smaragdula/Ceratina-smaragdula-7982966.jpg,smaragdula
gs://bugoff-bucket1/hinton/Insecta/GenusSpecies/Ceratina/strenua/Ceratina-strenua-1660199.jpg,strenua
gs://bugoff-bucket1/hinton/Insecta/GenusSpecies/Ceratina/strenua/Ceratina-strenua-3678153.jpg,strenua
gs://bugoff-bucket1/hinton/Insecta/GenusSpecies/Ceratina/strenua/Ceratina-strenua-3738374.jpg,strenua
gs://bugoff-bucket1/hinton/Insecta/GenusSpecies/Ceratina/subinclusa/Ceratina-subinclusa-5662531.jpg,subinclusa
gs://bugoff-bucket1/hinton/Insecta/GenusSpecies/Ceratina/taccada/Ceratina-taccada-5399393.jpg,taccada
gs://bugoff-bucket1/hinton/Insecta/GenusSpecies/Ceratina/taccada/Ceratina-taccada-5548998.jpg,taccada
gs://bugoff-bucket1/hinton/Insecta/GenusSpecies/Ceratina/taccada/Ceratina-taccada-6037375.jpg,taccada
gs://bugoff-bucket1/hinton/Insecta/GenusSpecies/Ceratina/taccada/Ceratina-taccada-6629350.jpg,taccada
gs://bugoff-bucket1/hinton/Insecta/GenusSpecies/Ceratina/texanum/Ceratina-texanum-6923457.jpg,texanum
gs://bugoff-bucket1/hinton/Insecta/GenusSpecies/Ceratina/texanus/Ceratina-texanus-3419347.jpg,texanus
gs://bugoff-bucket1/hinton/Insecta/GenusSpecies/Ceratina/trifida/Ceratina-trifida-5976348.jpg,trifida
gs://bugoff-bucket1/hinton/Insecta/GenusSpecies/Ceratina/ulmifolius/Ceratina-ulmifolius-6455081.jpg,ulmifolius
gs://bugoff-bucket1/hinton/Insecta/GenusSpecies/Ceratina/vesca/Ceratina-vesca-7270296.jpg,vesca
gs://bugoff-bucket1/hinton/Insecta/GenusSpecies/Ceratina/villosa/Ceratina-villosa-3241348.jpg,villosa
gs://bugoff-bucket1/hinton/Insecta/GenusSpecies/Ceratina/virginica/Ceratina-virginica-7266128.jpg,virginica
gs://bugoff-bucket1/hinton/Insecta/GenusSpecies/Ceratina/vulgare/Ceratina-vulgare-4438187.jpg,vulgare
gs://bugoff-bucket1/hinton/Insecta/GenusSpecies/Ceratina/vulgare/Ceratina-vulgare-4558683.jpg,vulgare
gs://bugoff-bucket1/hinton/Insecta/GenusSpecies/Ceratina/acantha/Ceratina-acantha-3796464.jpg,acantha
gs://bugoff-bucket1/hinton/Insecta/GenusSpecies/Ceratina/anagallis-aquatica/Ceratina-anagallis-aquatica-aquatica.jpg,anagallis-aquatica
gs://bugoff-bucket1/hinton/Insecta/GenusSpecies/Ceratina/arizonensis/Ceratina-arizonensis-2226383.jpg,arizonensis
gs://bugoff-bucket1/hinton/Insecta/GenusSpecies/Ceratina/arizonensis/Ceratina-arizonensis-3515732.jpg,arizonensis
gs://bugoff-bucket1/hinton/Insecta/GenusSpecies/Ceratina/arizonensis/Ceratina-arizonensis-4277755.jpg,arizonensis
gs://bugoff-bucket1/hinton/Insecta/GenusSpecies/Ceratina/arizonensis/Ceratina-arizonensis-5065382.jpg,arizonensis
gs://bugoff-bucket1/hinton/Insecta/GenusSpecies/Ceratina/arizonensis/Ceratina-arizonensis-5485183.jpg,arizonensis
gs://bugoff-bucket1/hinton/Insecta/GenusSpecies/Ceratina/basilicum/Ceratina-basilicum-2231145.jpg,basilicum
gs://bugoff-bucket1/hinton/Insecta/GenusSpecies/Ceratina/bimaculata/Ceratina-bimaculata-3891875.jpg,bimaculata
gs://bugoff-bucket1/hinton/Insecta/GenusSpecies/Ceratina/binghami/Ceratina-binghami-1545278.jpg,binghami
gs://bugoff-bucket1/hinton/Insecta/GenusSpecies/Ceratina/bowringi/Ceratina-bowringi-4628230.jpg,bowringi
gs://bugoff-bucket1/hinton/Insecta/GenusSpecies/Ceratina/bowringi/Ceratina-bowringi-5119531.jpg,bowringi
gs://bugoff-bucket1/hinton/Insecta/GenusSpecies/Ceratina/calcarata/Ceratina-calcarata-1266599.jpg,calcarata
gs://bugoff-bucket1/hinton/Insecta/GenusSpecies/Ceratina/calcarata/Ceratina-calcarata-1703467.jpg,calcarata
gs://bugoff-bucket1/hinton/Insecta/GenusSpecies/Ceratina/calcarata/Ceratina-calcarata-1730696.jpg,calcarata
gs://bugoff-bucket1/hinton/Insecta/GenusSpecies/Ceratina/calcarata/Ceratina-calcarata-2687216.jpg,calcarata
gs://bugoff-bucket1/hinton/Insecta/GenusSpecies/Ceratina/calcarata/Ceratina-calcarata-3312038.jpg,calcarata
gs://bugoff-bucket1/hinton/Insecta/GenusSpecies/Ceratina/calcarata/Ceratina-calcarata-3341672.jpg,calcarata
gs://bugoff-bucket1/hinton/Insecta/GenusSpecies/Ceratina/calcarata/Ceratina-calcarata-3538318.jpg,calcarata
gs://bugoff-bucket1/hinton/Insecta/GenusSpecies/Ceratina/calcarata/Ceratina-calcarata-4274964.jpg,calcarata
gs://bugoff-bucket1/hinton/Insecta/GenusSpecies/Ceratina/calcarata/Ceratina-calcarata-4333018.jpg,calcarata
gs://bugoff-bucket1/hinton/Insecta/GenusSpecies/Ceratina/calcarata/Ceratina-calcarata-4954510.jpg,calcarata
gs://bugoff-bucket1/hinton/Insecta/GenusSpecies/Ceratina/calcarata/Ceratina-calcarata-5244394.jpg,calcarata
gs://bugoff-bucket1/hinton/Insecta/GenusSpecies/Ceratina/calcarata/Ceratina-calcarata-5414841.jpg,calcarata
gs://bugoff-bucket1/hinton/Insecta/GenusSpecies/Ceratina/calcarata/Ceratina-calcarata-6956412.jpg,calcarata
gs://bugoff-bucket1/hinton/Insecta/GenusSpecies/Ceratina/calcarata/Ceratina-calcarata-7007841.jpg,calcarata
gs://bugoff-bucket1/hinton/Insecta/GenusSpecies/Ceratina/coeruleum/Ceratina-coeruleum-5539529.jpg,coeruleum
gs://bugoff-bucket1/hinton/Insecta/GenusSpecies/Ceratina/cognata/Ceratina-cognata-2285436.jpg,cognata
gs://bugoff-bucket1/hinton/Insecta/GenusSpecies/Ceratina/cognata/Ceratina-cognata-3856196.jpg,cognata
gs://bugoff-bucket1/hinton/Insecta/GenusSpecies/Ceratina/cognata/Ceratina-cognata-5144869.jpg,cognata
gs://bugoff-bucket1/hinton/Insecta/GenusSpecies/Ceratina/corymbosa/Ceratina-corymbosa-6157146.jpg,corymbosa
gs://bugoff-bucket1/hinton/Insecta/GenusSpecies/Ceratina/dentipes/Ceratina-dentipes-6048662.jpg,dentipes
gs://bugoff-bucket1/hinton/Insecta/GenusSpecies/Ceratina/doclea/Ceratina-doclea-7372373.jpg,doclea
gs://bugoff-bucket1/hinton/Insecta/GenusSpecies/Ceratina/exigua/Ceratina-exigua-2118555.jpg,exigua
gs://bugoff-bucket1/hinton/Insecta/GenusSpecies/Ceratina/farfara/Ceratina-farfara-7529845.jpg,farfara
gs://bugoff-bucket1/hinton/Insecta/GenusSpecies/Ceratina/foertherianum/Ceratina-foertherianum-6182146.jpg,foertherianum
gs://bugoff-bucket1/hinton/Insecta/GenusSpecies/Ceratina/foertherianum/Ceratina-foertherianum-6193265.jpg,foertherianum
gs://bugoff-bucket1/hinton/Insecta/GenusSpecies/Ceratina/glaber/Ceratina-glaber-4168200.jpg,glaber
gs://bugoff-bucket1/hinton/Insecta/GenusSpecies/Ceratina/involucrata/Ceratina-involucrata-7106625.jpg,involucrata
gs://bugoff-bucket1/hinton/Insecta/GenusSpecies/Ceratina/macranthus/Ceratina-macranthus-6384957.jpg,macranthus
gs://bugoff-bucket1/hinton/Insecta/GenusSpecies/Ceratina/macranthus/Ceratina-macranthus-6448393.jpg,macranthus
gs://bugoff-bucket1/hinton/Insecta/GenusSpecies/Ceratina/madagascariensis/Ceratina-madagascariensis-6147502.jpg,madagascariensis
gs://bugoff-bucket1/hinton/Insecta/GenusSpecies/Ceratina/neomexicana/Ceratina-neomexicana-1545330.jpg,neomexicana
gs://bugoff-bucket1/hinton/Insecta/GenusSpecies/Ceratina/officinale/Ceratina-officinale-6384908.jpg,officinale
gs://bugoff-bucket1/hinton/Insecta/GenusSpecies/Ceratina/officinale/Ceratina-officinale-7941532.jpg,officinale
gs://bugoff-bucket1/hinton/Insecta/GenusSpecies/Ceratina/pacifica/Ceratina-pacifica-63505.jpg,pacifica
gs://bugoff-bucket1/hinton/Insecta/GenusSpecies/Ceratina/pilularis/Ceratina-pilularis-5013556.jpg,pilularis
gs://bugoff-bucket1/hinton/Insecta/GenusSpecies/Ceratina/portulacastrum/Ceratina-portulacastrum-5359648.jpg,portulacastrum
gs://bugoff-bucket1/hinton/Insecta/GenusSpecies/Ceratina/portulacastrum/Ceratina-portulacastrum-6037490.jpg,portulacastrum
gs://bugoff-bucket1/hinton/Insecta/GenusSpecies/Ceratina/punctatus/Ceratina-punctatus-5536253.jpg,punctatus
gs://bugoff-bucket1/hinton/Insecta/GenusSpecies/Ceratina/quamash/Ceratina-quamash-7585208.jpg,quamash
gs://bugoff-bucket1/hinton/Insecta/GenusSpecies/Ceratina/rosea/Ceratina-rosea-6164826.jpg,rosea
gs://bugoff-bucket1/hinton/Insecta/GenusSpecies/Ceratina/rosea/Ceratina-rosea-6164892.jpg,rosea
gs://bugoff-bucket1/hinton/Insecta/GenusSpecies/Ceratina/rosea/Ceratina-rosea-6164974.jpg,rosea
gs://bugoff-bucket1/hinton/Insecta/GenusSpecies/Ceratina/saccharum/Ceratina-saccharum-7529592.jpg,saccharum
gs://bugoff-bucket1/hinton/Insecta/GenusSpecies/Ceratina/smaragdula/Ceratina-smaragdula-3997798.jpg,smaragdula
gs://bugoff-bucket1/hinton/Insecta/GenusSpecies/Ceratina/smaragdula/Ceratina-smaragdula-4628226.jpg,smaragdula
gs://bugoff-bucket1/hinton/Insecta/GenusSpecies/Ceratina/smaragdula/Ceratina-smaragdula-5081166.jpg,smaragdula
gs://bugoff-bucket1/hinton/Insecta/GenusSpecies/Ceratina/smaragdula/Ceratina-smaragdula-7612566.jpg,smaragdula
gs://bugoff-bucket1/hinton/Insecta/GenusSpecies/Ceratina/smaragdula/Ceratina-smaragdula-7982966.jpg,smaragdula
gs://bugoff-bucket1/hinton/Insecta/GenusSpecies/Ceratina/strenua/Ceratina-strenua-1660199.jpg,strenua
gs://bugoff-bucket1/hinton/Insecta/GenusSpecies/Ceratina/strenua/Ceratina-strenua-3678153.jpg,strenua
gs://bugoff-bucket1/hinton/Insecta/GenusSpecies/Ceratina/strenua/Ceratina-strenua-3738374.jpg,strenua
gs://bugoff-bucket1/hinton/Insecta/GenusSpecies/Ceratina/subinclusa/Ceratina-subinclusa-5662531.jpg,subinclusa
gs://bugoff-bucket1/hinton/Insecta/GenusSpecies/Ceratina/taccada/Ceratina-taccada-5399393.jpg,taccada
gs://bugoff-bucket1/hinton/Insecta/GenusSpecies/Ceratina/taccada/Ceratina-taccada-5548998.jpg,taccada
gs://bugoff-bucket1/hinton/Insecta/GenusSpecies/Ceratina/taccada/Ceratina-taccada-6037375.jpg,taccada
gs://bugoff-bucket1/hinton/Insecta/GenusSpecies/Ceratina/taccada/Ceratina-taccada-6629350.jpg,taccada
gs://bugoff-bucket1/hinton/Insecta/GenusSpecies/Ceratina/texanum/Ceratina-texanum-6923457.jpg,texanum
gs://bugoff-bucket1/hinton/Insecta/GenusSpecies/Ceratina/texanus/Ceratina-texanus-3419347.jpg,texanus
gs://bugoff-bucket1/hinton/Insecta/GenusSpecies/Ceratina/trifida/Ceratina-trifida-5976348.jpg,trifida
gs://bugoff-bucket1/hinton/Insecta/GenusSpecies/Ceratina/ulmifolius/Ceratina-ulmifolius-6455081.jpg,ulmifolius
gs://bugoff-bucket1/hinton/Insecta/GenusSpecies/Ceratina/vesca/Ceratina-vesca-7270296.jpg,vesca
gs://bugoff-bucket1/hinton/Insecta/GenusSpecies/Ceratina/villosa/Ceratina-villosa-3241348.jpg,villosa
gs://bugoff-bucket1/hinton/Insecta/GenusSpecies/Ceratina/virginica/Ceratina-virginica-7266128.jpg,virginica
gs://bugoff-bucket1/hinton/Insecta/GenusSpecies/Ceratina/vulgare/Ceratina-vulgare-4438187.jpg,vulgare
gs://bugoff-bucket1/hinton/Insecta/GenusSpecies/Ceratina/vulgare/Ceratina-vulgare-4558683.jpg,vulgare
gs://bugoff-bucket1/hinton/Insecta/GenusSpecies/Ceratina/acantha/Ceratina-acantha-3796464.jpg,acantha
gs://bugoff-bucket1/hinton/Insecta/GenusSpecies/Ceratina/anagallis-aquatica/Ceratina-anagallis-aquatica-aquatica.jpg,anagallis-aquatica
gs://bugoff-bucket1/hinton/Insecta/GenusSpecies/Ceratina/arizonensis/Ceratina-arizonensis-2226383.jpg,arizonensis
gs://bugoff-bucket1/hinton/Insecta/GenusSpecies/Ceratina/arizonensis/Ceratina-arizonensis-3515732.jpg,arizonensis
gs://bugoff-bucket1/hinton/Insecta/GenusSpecies/Ceratina/arizonensis/Ceratina-arizonensis-4277755.jpg,arizonensis
gs://bugoff-bucket1/hinton/Insecta/GenusSpecies/Ceratina/arizonensis/Ceratina-arizonensis-5065382.jpg,arizonensis
gs://bugoff-bucket1/hinton/Insecta/GenusSpecies/Ceratina/arizonensis/Ceratina-arizonensis-5485183.jpg,arizonensis
gs://bugoff-bucket1/hinton/Insecta/GenusSpecies/Ceratina/basilicum/Ceratina-basilicum-2231145.jpg,basilicum
gs://bugoff-bucket1/hinton/Insecta/GenusSpecies/Ceratina/bimaculata/Ceratina-bimaculata-3891875.jpg,bimaculata
gs://bugoff-bucket1/hinton/Insecta/GenusSpecies/Ceratina/binghami/Ceratina-binghami-1545278.jpg,binghami
gs://bugoff-bucket1/hinton/Insecta/GenusSpecies/Ceratina/bowringi/Ceratina-bowringi-4628230.jpg,bowringi
gs://bugoff-bucket1/hinton/Insecta/GenusSpecies/Ceratina/bowringi/Ceratina-bowringi-5119531.jpg,bowringi
gs://bugoff-bucket1/hinton/Insecta/GenusSpecies/Ceratina/calcarata/Ceratina-calcarata-1266599.jpg,calcarata
gs://bugoff-bucket1/hinton/Insecta/GenusSpecies/Ceratina/calcarata/Ceratina-calcarata-1703467.jpg,calcarata
gs://bugoff-bucket1/hinton/Insecta/GenusSpecies/Ceratina/calcarata/Ceratina-calcarata-1730696.jpg,calcarata
gs://bugoff-bucket1/hinton/Insecta/GenusSpecies/Ceratina/calcarata/Ceratina-calcarata-2687216.jpg,calcarata
gs://bugoff-bucket1/hinton/Insecta/GenusSpecies/Ceratina/calcarata/Ceratina-calcarata-3312038.jpg,calcarata
gs://bugoff-bucket1/hinton/Insecta/GenusSpecies/Ceratina/calcarata/Ceratina-calcarata-3341672.jpg,calcarata
gs://bugoff-bucket1/hinton/Insecta/GenusSpecies/Ceratina/calcarata/Ceratina-calcarata-3538318.jpg,calcarata
gs://bugoff-bucket1/hinton/Insecta/GenusSpecies/Ceratina/calcarata/Ceratina-calcarata-4274964.jpg,calcarata
gs://bugoff-bucket1/hinton/Insecta/GenusSpecies/Ceratina/calcarata/Ceratina-calcarata-4333018.jpg,calcarata
gs://bugoff-bucket1/hinton/Insecta/GenusSpecies/Ceratina/calcarata/Ceratina-calcarata-4954510.jpg,calcarata
gs://bugoff-bucket1/hinton/Insecta/GenusSpecies/Ceratina/calcarata/Ceratina-calcarata-5244394.jpg,calcarata
gs://bugoff-bucket1/hinton/Insecta/GenusSpecies/Ceratina/calcarata/Ceratina-calcarata-5414841.jpg,calcarata
gs://bugoff-bucket1/hinton/Insecta/GenusSpecies/Ceratina/calcarata/Ceratina-calcarata-6956412.jpg,calcarata
gs://bugoff-bucket1/hinton/Insecta/GenusSpecies/Ceratina/calcarata/Ceratina-calcarata-7007841.jpg,calcarata
gs://bugoff-bucket1/hinton/Insecta/GenusSpecies/Ceratina/coeruleum/Ceratina-coeruleum-5539529.jpg,coeruleum
gs://bugoff-bucket1/hinton/Insecta/GenusSpecies/Ceratina/cognata/Ceratina-cognata-2285436.jpg,cognata
gs://bugoff-bucket1/hinton/Insecta/GenusSpecies/Ceratina/cognata/Ceratina-cognata-3856196.jpg,cognata
gs://bugoff-bucket1/hinton/Insecta/GenusSpecies/Ceratina/cognata/Ceratina-cognata-5144869.jpg,cognata
gs://bugoff-bucket1/hinton/Insecta/GenusSpecies/Ceratina/corymbosa/Ceratina-corymbosa-6157146.jpg,corymbosa
gs://bugoff-bucket1/hinton/Insecta/GenusSpecies/Ceratina/dentipes/Ceratina-dentipes-6048662.jpg,dentipes
gs://bugoff-bucket1/hinton/Insecta/GenusSpecies/Ceratina/doclea/Ceratina-doclea-7372373.jpg,doclea
gs://bugoff-bucket1/hinton/Insecta/GenusSpecies/Ceratina/exigua/Ceratina-exigua-2118555.jpg,exigua
gs://bugoff-bucket1/hinton/Insecta/GenusSpecies/Ceratina/farfara/Ceratina-farfara-7529845.jpg,farfara
gs://bugoff-bucket1/hinton/Insecta/GenusSpecies/Ceratina/foertherianum/Ceratina-foertherianum-6182146.jpg,foertherianum
gs://bugoff-bucket1/hinton/Insecta/GenusSpecies/Ceratina/foertherianum/Ceratina-foertherianum-6193265.jpg,foertherianum
gs://bugoff-bucket1/hinton/Insecta/GenusSpecies/Ceratina/glaber/Ceratina-glaber-4168200.jpg,glaber
gs://bugoff-bucket1/hinton/Insecta/GenusSpecies/Ceratina/involucrata/Ceratina-involucrata-7106625.jpg,involucrata
gs://bugoff-bucket1/hinton/Insecta/GenusSpecies/Ceratina/macranthus/Ceratina-macranthus-6384957.jpg,macranthus
gs://bugoff-bucket1/hinton/Insecta/GenusSpecies/Ceratina/macranthus/Ceratina-macranthus-6448393.jpg,macranthus
gs://bugoff-bucket1/hinton/Insecta/GenusSpecies/Ceratina/madagascariensis/Ceratina-madagascariensis-6147502.jpg,madagascariensis
gs://bugoff-bucket1/hinton/Insecta/GenusSpecies/Ceratina/neomexicana/Ceratina-neomexicana-1545330.jpg,neomexicana
gs://bugoff-bucket1/hinton/Insecta/GenusSpecies/Ceratina/officinale/Ceratina-officinale-6384908.jpg,officinale
gs://bugoff-bucket1/hinton/Insecta/GenusSpecies/Ceratina/officinale/Ceratina-officinale-7941532.jpg,officinale
gs://bugoff-bucket1/hinton/Insecta/GenusSpecies/Ceratina/pacifica/Ceratina-pacifica-63505.jpg,pacifica
gs://bugoff-bucket1/hinton/Insecta/GenusSpecies/Ceratina/pilularis/Ceratina-pilularis-5013556.jpg,pilularis
gs://bugoff-bucket1/hinton/Insecta/GenusSpecies/Ceratina/portulacastrum/Ceratina-portulacastrum-5359648.jpg,portulacastrum
gs://bugoff-bucket1/hinton/Insecta/GenusSpecies/Ceratina/portulacastrum/Ceratina-portulacastrum-6037490.jpg,portulacastrum
gs://bugoff-bucket1/hinton/Insecta/GenusSpecies/Ceratina/punctatus/Ceratina-punctatus-5536253.jpg,punctatus
gs://bugoff-bucket1/hinton/Insecta/GenusSpecies/Ceratina/quamash/Ceratina-quamash-7585208.jpg,quamash
gs://bugoff-bucket1/hinton/Insecta/GenusSpecies/Ceratina/rosea/Ceratina-rosea-6164826.jpg,rosea
gs://bugoff-bucket1/hinton/Insecta/GenusSpecies/Ceratina/rosea/Ceratina-rosea-6164892.jpg,rosea
gs://bugoff-bucket1/hinton/Insecta/GenusSpecies/Ceratina/rosea/Ceratina-rosea-6164974.jpg,rosea
gs://bugoff-bucket1/hinton/Insecta/GenusSpecies/Ceratina/saccharum/Ceratina-saccharum-7529592.jpg,saccharum
gs://bugoff-bucket1/hinton/Insecta/GenusSpecies/Ceratina/smaragdula/Ceratina-smaragdula-3997798.jpg,smaragdula
gs://bugoff-bucket1/hinton/Insecta/GenusSpecies/Ceratina/smaragdula/Ceratina-smaragdula-4628226.jpg,smaragdula
gs://bugoff-bucket1/hinton/Insecta/GenusSpecies/Ceratina/smaragdula/Ceratina-smaragdula-5081166.jpg,smaragdula
gs://bugoff-bucket1/hinton/Insecta/GenusSpecies/Ceratina/smaragdula/Ceratina-smaragdula-7612566.jpg,smaragdula
gs://bugoff-bucket1/hinton/Insecta/GenusSpecies/Ceratina/smaragdula/Ceratina-smaragdula-7982966.jpg,smaragdula
gs://bugoff-bucket1/hinton/Insecta/GenusSpecies/Ceratina/strenua/Ceratina-strenua-1660199.jpg,strenua
gs://bugoff-bucket1/hinton/Insecta/GenusSpecies/Ceratina/strenua/Ceratina-strenua-3678153.jpg,strenua
gs://bugoff-bucket1/hinton/Insecta/GenusSpecies/Ceratina/strenua/Ceratina-strenua-3738374.jpg,strenua
gs://bugoff-bucket1/hinton/Insecta/GenusSpecies/Ceratina/subinclusa/Ceratina-subinclusa-5662531.jpg,subinclusa
gs://bugoff-bucket1/hinton/Insecta/GenusSpecies/Ceratina/taccada/Ceratina-taccada-5399393.jpg,taccada
gs://bugoff-bucket1/hinton/Insecta/GenusSpecies/Ceratina/taccada/Ceratina-taccada-5548998.jpg,taccada
gs://bugoff-bucket1/hinton/Insecta/GenusSpecies/Ceratina/taccada/Ceratina-taccada-6037375.jpg,taccada
gs://bugoff-bucket1/hinton/Insecta/GenusSpecies/Ceratina/taccada/Ceratina-taccada-6629350.jpg,taccada
gs://bugoff-bucket1/hinton/Insecta/GenusSpecies/Ceratina/texanum/Ceratina-texanum-6923457.jpg,texanum
gs://bugoff-bucket1/hinton/Insecta/GenusSpecies/Ceratina/texanus/Ceratina-texanus-3419347.jpg,texanus
gs://bugoff-bucket1/hinton/Insecta/GenusSpecies/Ceratina/trifida/Ceratina-trifida-5976348.jpg,trifida
gs://bugoff-bucket1/hinton/Insecta/GenusSpecies/Ceratina/ulmifolius/Ceratina-ulmifolius-6455081.jpg,ulmifolius
gs://bugoff-bucket1/hinton/Insecta/GenusSpecies/Ceratina/vesca/Ceratina-vesca-7270296.jpg,vesca
gs://bugoff-bucket1/hinton/Insecta/GenusSpecies/Ceratina/villosa/Ceratina-villosa-3241348.jpg,villosa
gs://bugoff-bucket1/hinton/Insecta/GenusSpecies/Ceratina/virginica/Ceratina-virginica-7266128.jpg,virginica
gs://bugoff-bucket1/hinton/Insecta/GenusSpecies/Ceratina/vulgare/Ceratina-vulgare-4438187.jpg,vulgare
gs://bugoff-bucket1/hinton/Insecta/GenusSpecies/Ceratina/vulgare/Ceratina-vulgare-4558683.jpg,vulgare
