gs://bugoff-bucket1/hinton/Insecta/GenusSpecies/Acalyptus/carpini/Acalyptus-carpini-8387878.jpg,carpini
gs://bugoff-bucket1/hinton/Insecta/GenusSpecies/Ambrosiodmus/rubricollis/Ambrosiodmus-rubricollis-8990486.jpg,rubricollis
gs://bugoff-bucket1/hinton/Insecta/GenusSpecies/Anthonomus/bicolor/Anthonomus-bicolor-8413822.jpg,bicolor
gs://bugoff-bucket1/hinton/Insecta/GenusSpecies/Anthonomus/bisignifer/Anthonomus-bisignifer-8706312.jpg,bisignifer
gs://bugoff-bucket1/hinton/Insecta/GenusSpecies/Anthonomus/grandis/Anthonomus-grandis-9102463.jpg,grandis
gs://bugoff-bucket1/hinton/Insecta/GenusSpecies/Anthonomus/haematopus/Anthonomus-haematopus-8055452.jpg,haematopus
gs://bugoff-bucket1/hinton/Insecta/GenusSpecies/Anthonomus/quadrigibbus/Anthonomus-quadrigibbus-8285248.jpg,quadrigibbus
gs://bugoff-bucket1/hinton/Insecta/GenusSpecies/Anthonomus/quadrigibbus/Anthonomus-quadrigibbus-8406653.jpg,quadrigibbus
gs://bugoff-bucket1/hinton/Insecta/GenusSpecies/Anthonomus/quadrigibbus/Anthonomus-quadrigibbus-9667294.jpg,quadrigibbus
gs://bugoff-bucket1/hinton/Insecta/GenusSpecies/Anthonomus/rubi/Anthonomus-rubi-8138534.jpg,rubi
gs://bugoff-bucket1/hinton/Insecta/GenusSpecies/Anthonomus/rubi/Anthonomus-rubi-8257137.jpg,rubi
gs://bugoff-bucket1/hinton/Insecta/GenusSpecies/Anthonomus/rubi/Anthonomus-rubi-8445361.jpg,rubi
gs://bugoff-bucket1/hinton/Insecta/GenusSpecies/Anthonomus/rubi/Anthonomus-rubi-8462803.jpg,rubi
gs://bugoff-bucket1/hinton/Insecta/GenusSpecies/Anthonomus/rubi/Anthonomus-rubi-8497164.jpg,rubi
gs://bugoff-bucket1/hinton/Insecta/GenusSpecies/Anthonomus/rubi/Anthonomus-rubi-8520934.jpg,rubi
gs://bugoff-bucket1/hinton/Insecta/GenusSpecies/Anthonomus/rubi/Anthonomus-rubi-8596327.jpg,rubi
gs://bugoff-bucket1/hinton/Insecta/GenusSpecies/Anthonomus/rubi/Anthonomus-rubi-8680876.jpg,rubi
gs://bugoff-bucket1/hinton/Insecta/GenusSpecies/Anthonomus/signatus/Anthonomus-signatus-8404840.jpg,signatus
gs://bugoff-bucket1/hinton/Insecta/GenusSpecies/Artipus/floridanus/Artipus-floridanus-8485690.jpg,floridanus
gs://bugoff-bucket1/hinton/Insecta/GenusSpecies/Artipus/floridanus/Artipus-floridanus-9550278.jpg,floridanus
gs://bugoff-bucket1/hinton/Insecta/GenusSpecies/Bagous/pusillus/Bagous-pusillus-8961010.jpg,pusillus
gs://bugoff-bucket1/hinton/Insecta/GenusSpecies/Baris/artemisiae/Baris-artemisiae-8596649.jpg,artemisiae
gs://bugoff-bucket1/hinton/Insecta/GenusSpecies/Barypeithes/pellucidus/Barypeithes-pellucidus-8017685.jpg,pellucidus
gs://bugoff-bucket1/hinton/Insecta/GenusSpecies/Barypeithes/pellucidus/Barypeithes-pellucidus-8319326.jpg,pellucidus
gs://bugoff-bucket1/hinton/Insecta/GenusSpecies/Barypeithes/pellucidus/Barypeithes-pellucidus-8391672.jpg,pellucidus
gs://bugoff-bucket1/hinton/Insecta/GenusSpecies/Barypeithes/pellucidus/Barypeithes-pellucidus-8764732.jpg,pellucidus
gs://bugoff-bucket1/hinton/Insecta/GenusSpecies/Barypeithes/pellucidus/Barypeithes-pellucidus-8833375.jpg,pellucidus
gs://bugoff-bucket1/hinton/Insecta/GenusSpecies/Barypeithes/pellucidus/Barypeithes-pellucidus-8884303.jpg,pellucidus
gs://bugoff-bucket1/hinton/Insecta/GenusSpecies/Barypeithes/pellucidus/Barypeithes-pellucidus-8884317.jpg,pellucidus
gs://bugoff-bucket1/hinton/Insecta/GenusSpecies/Barypeithes/pellucidus/Barypeithes-pellucidus-9306644.jpg,pellucidus
gs://bugoff-bucket1/hinton/Insecta/GenusSpecies/Cactophagus/duplocinctus/Cactophagus-duplocinctus-937869.jpg,duplocinctus
gs://bugoff-bucket1/hinton/Insecta/GenusSpecies/Cactophagus/duplocinctus/Cactophagus-duplocinctus-950059.jpg,duplocinctus
gs://bugoff-bucket1/hinton/Insecta/GenusSpecies/Cactophagus/duplocinctus/Cactophagus-duplocinctus-999896.jpg,duplocinctus
gs://bugoff-bucket1/hinton/Insecta/GenusSpecies/Cactophagus/pulcherrimus/Cactophagus-pulcherrimus-8641084.jpg,pulcherrimus
gs://bugoff-bucket1/hinton/Insecta/GenusSpecies/Cactophagus/rubrovariegatus/Cactophagus-rubrovariegatus-8761294.jpg,rubrovariegatus
gs://bugoff-bucket1/hinton/Insecta/GenusSpecies/Cactophagus/spinolae/Cactophagus-spinolae-8135348.jpg,spinolae
gs://bugoff-bucket1/hinton/Insecta/GenusSpecies/Cactophagus/spinolae/Cactophagus-spinolae-8147441.jpg,spinolae
gs://bugoff-bucket1/hinton/Insecta/GenusSpecies/Cactophagus/spinolae/Cactophagus-spinolae-8158361.jpg,spinolae
gs://bugoff-bucket1/hinton/Insecta/GenusSpecies/Cactophagus/spinolae/Cactophagus-spinolae-8386197.jpg,spinolae
gs://bugoff-bucket1/hinton/Insecta/GenusSpecies/Cactophagus/spinolae/Cactophagus-spinolae-8489351.jpg,spinolae
gs://bugoff-bucket1/hinton/Insecta/GenusSpecies/Cactophagus/spinolae/Cactophagus-spinolae-8639739.jpg,spinolae
gs://bugoff-bucket1/hinton/Insecta/GenusSpecies/Cactophagus/spinolae/Cactophagus-spinolae-8768943.jpg,spinolae
gs://bugoff-bucket1/hinton/Insecta/GenusSpecies/Cactophagus/spinolae/Cactophagus-spinolae-8809583.jpg,spinolae
gs://bugoff-bucket1/hinton/Insecta/GenusSpecies/Cactophagus/spinolae/Cactophagus-spinolae-8868368.jpg,spinolae
gs://bugoff-bucket1/hinton/Insecta/GenusSpecies/Cactophagus/spinolae/Cactophagus-spinolae-9022456.jpg,spinolae
gs://bugoff-bucket1/hinton/Insecta/GenusSpecies/Cactophagus/spinolae/Cactophagus-spinolae-9037356.jpg,spinolae
gs://bugoff-bucket1/hinton/Insecta/GenusSpecies/Cactophagus/spinolae/Cactophagus-spinolae-9060693.jpg,spinolae
gs://bugoff-bucket1/hinton/Insecta/GenusSpecies/Cactophagus/spinolae/Cactophagus-spinolae-9113419.jpg,spinolae
gs://bugoff-bucket1/hinton/Insecta/GenusSpecies/Cactophagus/spinolae/Cactophagus-spinolae-9166310.jpg,spinolae
gs://bugoff-bucket1/hinton/Insecta/GenusSpecies/Cactophagus/spinolae/Cactophagus-spinolae-9177531.jpg,spinolae
gs://bugoff-bucket1/hinton/Insecta/GenusSpecies/Cactophagus/spinolae/Cactophagus-spinolae-9300087.jpg,spinolae
gs://bugoff-bucket1/hinton/Insecta/GenusSpecies/Cactophagus/spinolae/Cactophagus-spinolae-9457770.jpg,spinolae
gs://bugoff-bucket1/hinton/Insecta/GenusSpecies/Cactophagus/spinolae/Cactophagus-spinolae-9495628.jpg,spinolae
gs://bugoff-bucket1/hinton/Insecta/GenusSpecies/Cactophagus/spinolae/Cactophagus-spinolae-9631114.jpg,spinolae
gs://bugoff-bucket1/hinton/Insecta/GenusSpecies/Calomycterus/setarius/Calomycterus-setarius-8756017.jpg,setarius
gs://bugoff-bucket1/hinton/Insecta/GenusSpecies/Calomycterus/setarius/Calomycterus-setarius-9014047.jpg,setarius
gs://bugoff-bucket1/hinton/Insecta/GenusSpecies/Ceutorhynchus/obstrictus/Ceutorhynchus-obstrictus-830670.jpg,obstrictus
gs://bugoff-bucket1/hinton/Insecta/GenusSpecies/Ceutorhynchus/pallidactylus/Ceutorhynchus-pallidactylus-8520390.jpg,pallidactylus
gs://bugoff-bucket1/hinton/Insecta/GenusSpecies/Ceutorhynchus/pallidactylus/Ceutorhynchus-pallidactylus-9575823.jpg,pallidactylus
gs://bugoff-bucket1/hinton/Insecta/GenusSpecies/Chalcodermus/collaris/Chalcodermus-collaris-9596539.jpg,collaris
gs://bugoff-bucket1/hinton/Insecta/GenusSpecies/Cionus/hortulanus/Cionus-hortulanus-8417314.jpg,hortulanus
gs://bugoff-bucket1/hinton/Insecta/GenusSpecies/Cionus/scrophulariae/Cionus-scrophulariae-8165265.jpg,scrophulariae
gs://bugoff-bucket1/hinton/Insecta/GenusSpecies/Cionus/scrophulariae/Cionus-scrophulariae-8644408.jpg,scrophulariae
gs://bugoff-bucket1/hinton/Insecta/GenusSpecies/Cionus/scrophulariae/Cionus-scrophulariae-8700411.jpg,scrophulariae
gs://bugoff-bucket1/hinton/Insecta/GenusSpecies/Cionus/tuberculosus/Cionus-tuberculosus-9253488.jpg,tuberculosus
gs://bugoff-bucket1/hinton/Insecta/GenusSpecies/Cleonis/pigra/Cleonis-pigra-8014669.jpg,pigra
gs://bugoff-bucket1/hinton/Insecta/GenusSpecies/Cleonis/pigra/Cleonis-pigra-8664715.jpg,pigra
gs://bugoff-bucket1/hinton/Insecta/GenusSpecies/Cleonis/pigra/Cleonis-pigra-8891600.jpg,pigra
gs://bugoff-bucket1/hinton/Insecta/GenusSpecies/Cleonis/pigra/Cleonis-pigra-9164878.jpg,pigra
gs://bugoff-bucket1/hinton/Insecta/GenusSpecies/Compsus/auricephalus/Compsus-auricephalus-8024934.jpg,auricephalus
gs://bugoff-bucket1/hinton/Insecta/GenusSpecies/Compsus/auricephalus/Compsus-auricephalus-819032.jpg,auricephalus
gs://bugoff-bucket1/hinton/Insecta/GenusSpecies/Compsus/auricephalus/Compsus-auricephalus-8284193.jpg,auricephalus
gs://bugoff-bucket1/hinton/Insecta/GenusSpecies/Compsus/auricephalus/Compsus-auricephalus-9297405.jpg,auricephalus
gs://bugoff-bucket1/hinton/Insecta/GenusSpecies/Compsus/auricephalus/Compsus-auricephalus-9320264.jpg,auricephalus
gs://bugoff-bucket1/hinton/Insecta/GenusSpecies/Compsus/auricephalus/Compsus-auricephalus-948113.jpg,auricephalus
gs://bugoff-bucket1/hinton/Insecta/GenusSpecies/Compsus/auricephalus/Compsus-auricephalus-9488365.jpg,auricephalus
gs://bugoff-bucket1/hinton/Insecta/GenusSpecies/Coniatus/splendidulus/Coniatus-splendidulus-8035773.jpg,splendidulus
gs://bugoff-bucket1/hinton/Insecta/GenusSpecies/Coniatus/splendidulus/Coniatus-splendidulus-8401763.jpg,splendidulus
gs://bugoff-bucket1/hinton/Insecta/GenusSpecies/Coniatus/splendidulus/Coniatus-splendidulus-8997741.jpg,splendidulus
gs://bugoff-bucket1/hinton/Insecta/GenusSpecies/Coniatus/splendidulus/Coniatus-splendidulus-8997811.jpg,splendidulus
gs://bugoff-bucket1/hinton/Insecta/GenusSpecies/Coniatus/splendidulus/Coniatus-splendidulus-8997828.jpg,splendidulus
gs://bugoff-bucket1/hinton/Insecta/GenusSpecies/Coniatus/splendidulus/Coniatus-splendidulus-8997832.jpg,splendidulus
gs://bugoff-bucket1/hinton/Insecta/GenusSpecies/Coniatus/splendidulus/Coniatus-splendidulus-9107267.jpg,splendidulus
gs://bugoff-bucket1/hinton/Insecta/GenusSpecies/Coniatus/splendidulus/Coniatus-splendidulus-9600496.jpg,splendidulus
gs://bugoff-bucket1/hinton/Insecta/GenusSpecies/Conotrachelus/albicinctus/Conotrachelus-albicinctus-8035642.jpg,albicinctus
gs://bugoff-bucket1/hinton/Insecta/GenusSpecies/Conotrachelus/anaglypticus/Conotrachelus-anaglypticus-8397685.jpg,anaglypticus
gs://bugoff-bucket1/hinton/Insecta/GenusSpecies/Conotrachelus/naso/Conotrachelus-naso-8669097.jpg,naso
gs://bugoff-bucket1/hinton/Insecta/GenusSpecies/Conotrachelus/nenuphar/Conotrachelus-nenuphar-835855.jpg,nenuphar
gs://bugoff-bucket1/hinton/Insecta/GenusSpecies/Conotrachelus/nenuphar/Conotrachelus-nenuphar-8411676.jpg,nenuphar
gs://bugoff-bucket1/hinton/Insecta/GenusSpecies/Conotrachelus/nenuphar/Conotrachelus-nenuphar-8411698.jpg,nenuphar
gs://bugoff-bucket1/hinton/Insecta/GenusSpecies/Conotrachelus/nenuphar/Conotrachelus-nenuphar-8610165.jpg,nenuphar
gs://bugoff-bucket1/hinton/Insecta/GenusSpecies/Conotrachelus/posticatus/Conotrachelus-posticatus-8683283.jpg,posticatus
gs://bugoff-bucket1/hinton/Insecta/GenusSpecies/Conotrachelus/seniculus/Conotrachelus-seniculus-9136103.jpg,seniculus
gs://bugoff-bucket1/hinton/Insecta/GenusSpecies/Cophes/obtentus/Cophes-obtentus-8678584.jpg,obtentus
gs://bugoff-bucket1/hinton/Insecta/GenusSpecies/Cophes/obtentus/Cophes-obtentus-8825518.jpg,obtentus
gs://bugoff-bucket1/hinton/Insecta/GenusSpecies/Cryptorhynchus/electus/Cryptorhynchus-electus-8911761.jpg,electus
gs://bugoff-bucket1/hinton/Insecta/GenusSpecies/Cryptorhynchus/lapathi/Cryptorhynchus-lapathi-8362952.jpg,lapathi
gs://bugoff-bucket1/hinton/Insecta/GenusSpecies/Cryptorhynchus/lapathi/Cryptorhynchus-lapathi-8406944.jpg,lapathi
gs://bugoff-bucket1/hinton/Insecta/GenusSpecies/Cryptorhynchus/lapathi/Cryptorhynchus-lapathi-8442107.jpg,lapathi
gs://bugoff-bucket1/hinton/Insecta/GenusSpecies/Cryptorhynchus/lapathi/Cryptorhynchus-lapathi-877036.jpg,lapathi
gs://bugoff-bucket1/hinton/Insecta/GenusSpecies/Cryptorhynchus/lapathi/Cryptorhynchus-lapathi-917241.jpg,lapathi
gs://bugoff-bucket1/hinton/Insecta/GenusSpecies/Cryptorhynchus/lapathi/Cryptorhynchus-lapathi-9385002.jpg,lapathi
gs://bugoff-bucket1/hinton/Insecta/GenusSpecies/Cryptorhynchus/scouleriana/Cryptorhynchus-scouleriana-8173692.jpg,scouleriana
gs://bugoff-bucket1/hinton/Insecta/GenusSpecies/Curculio/conjugalis/Curculio-conjugalis-9337872.jpg,conjugalis
gs://bugoff-bucket1/hinton/Insecta/GenusSpecies/Curculio/elephas/Curculio-elephas-9594063.jpg,elephas
gs://bugoff-bucket1/hinton/Insecta/GenusSpecies/Curculio/glandium/Curculio-glandium-8147582.jpg,glandium
gs://bugoff-bucket1/hinton/Insecta/GenusSpecies/Curculio/glandium/Curculio-glandium-8147594.jpg,glandium
gs://bugoff-bucket1/hinton/Insecta/GenusSpecies/Curculio/glandium/Curculio-glandium-8500348.jpg,glandium
gs://bugoff-bucket1/hinton/Insecta/GenusSpecies/Curculio/glandium/Curculio-glandium-8797969.jpg,glandium
gs://bugoff-bucket1/hinton/Insecta/GenusSpecies/Curculio/glandium/Curculio-glandium-8853136.jpg,glandium
gs://bugoff-bucket1/hinton/Insecta/GenusSpecies/Curculio/glandium/Curculio-glandium-8937793.jpg,glandium
gs://bugoff-bucket1/hinton/Insecta/GenusSpecies/Curculio/glandium/Curculio-glandium-9461838.jpg,glandium
gs://bugoff-bucket1/hinton/Insecta/GenusSpecies/Curculio/occidentis/Curculio-occidentis-9508208.jpg,occidentis
gs://bugoff-bucket1/hinton/Insecta/GenusSpecies/Curculio/occidentis/Curculio-occidentis-973233.jpg,occidentis
gs://bugoff-bucket1/hinton/Insecta/GenusSpecies/Curculio/uniformis/Curculio-uniformis-969182.jpg,uniformis
gs://bugoff-bucket1/hinton/Insecta/GenusSpecies/Curculio/venosus/Curculio-venosus-8257078.jpg,venosus
gs://bugoff-bucket1/hinton/Insecta/GenusSpecies/Curculio/venosus/Curculio-venosus-8575504.jpg,venosus
gs://bugoff-bucket1/hinton/Insecta/GenusSpecies/Cylindridia/prolixa/Cylindridia-prolixa-8441394.jpg,prolixa
gs://bugoff-bucket1/hinton/Insecta/GenusSpecies/Cylindrocopturus/furnissi/Cylindrocopturus-furnissi-8589297.jpg,furnissi
gs://bugoff-bucket1/hinton/Insecta/GenusSpecies/Cyphocleonus/achates/Cyphocleonus-achates-8971013.jpg,achates
gs://bugoff-bucket1/hinton/Insecta/GenusSpecies/Cyphocleonus/achates/Cyphocleonus-achates-9266274.jpg,achates
gs://bugoff-bucket1/hinton/Insecta/GenusSpecies/Cyrtepistomus/castaneus/Cyrtepistomus-castaneus-8355532.jpg,castaneus
gs://bugoff-bucket1/hinton/Insecta/GenusSpecies/Cyrtepistomus/castaneus/Cyrtepistomus-castaneus-8356854.jpg,castaneus
gs://bugoff-bucket1/hinton/Insecta/GenusSpecies/Cyrtepistomus/castaneus/Cyrtepistomus-castaneus-8466143.jpg,castaneus
gs://bugoff-bucket1/hinton/Insecta/GenusSpecies/Cyrtepistomus/castaneus/Cyrtepistomus-castaneus-8574578.jpg,castaneus
gs://bugoff-bucket1/hinton/Insecta/GenusSpecies/Cyrtepistomus/castaneus/Cyrtepistomus-castaneus-8623362.jpg,castaneus
gs://bugoff-bucket1/hinton/Insecta/GenusSpecies/Cyrtepistomus/castaneus/Cyrtepistomus-castaneus-8719909.jpg,castaneus
gs://bugoff-bucket1/hinton/Insecta/GenusSpecies/Cyrtepistomus/castaneus/Cyrtepistomus-castaneus-8732319.jpg,castaneus
gs://bugoff-bucket1/hinton/Insecta/GenusSpecies/Cyrtepistomus/castaneus/Cyrtepistomus-castaneus-8755729.jpg,castaneus
gs://bugoff-bucket1/hinton/Insecta/GenusSpecies/Cyrtepistomus/castaneus/Cyrtepistomus-castaneus-878137.jpg,castaneus
gs://bugoff-bucket1/hinton/Insecta/GenusSpecies/Cyrtepistomus/castaneus/Cyrtepistomus-castaneus-8947376.jpg,castaneus
gs://bugoff-bucket1/hinton/Insecta/GenusSpecies/Cyrtepistomus/castaneus/Cyrtepistomus-castaneus-9099862.jpg,castaneus
gs://bugoff-bucket1/hinton/Insecta/GenusSpecies/Cyrtepistomus/castaneus/Cyrtepistomus-castaneus-9192175.jpg,castaneus
gs://bugoff-bucket1/hinton/Insecta/GenusSpecies/Cyrtepistomus/castaneus/Cyrtepistomus-castaneus-9202648.jpg,castaneus
gs://bugoff-bucket1/hinton/Insecta/GenusSpecies/Cyrtepistomus/castaneus/Cyrtepistomus-castaneus-9202942.jpg,castaneus
gs://bugoff-bucket1/hinton/Insecta/GenusSpecies/Cyrtepistomus/castaneus/Cyrtepistomus-castaneus-9317750.jpg,castaneus
gs://bugoff-bucket1/hinton/Insecta/GenusSpecies/Cyrtepistomus/castaneus/Cyrtepistomus-castaneus-9399561.jpg,castaneus
gs://bugoff-bucket1/hinton/Insecta/GenusSpecies/Cyrtepistomus/castaneus/Cyrtepistomus-castaneus-9599150.jpg,castaneus
gs://bugoff-bucket1/hinton/Insecta/GenusSpecies/Dendroctonus/brevicomis/Dendroctonus-brevicomis-8798404.jpg,brevicomis
gs://bugoff-bucket1/hinton/Insecta/GenusSpecies/Dendroctonus/brevicomis/Dendroctonus-brevicomis-9460674.jpg,brevicomis
gs://bugoff-bucket1/hinton/Insecta/GenusSpecies/Dendroctonus/murrayanae/Dendroctonus-murrayanae-943240.jpg,murrayanae
gs://bugoff-bucket1/hinton/Insecta/GenusSpecies/Dendroctonus/ponderosae/Dendroctonus-ponderosae-8048768.jpg,ponderosae
gs://bugoff-bucket1/hinton/Insecta/GenusSpecies/Dendroctonus/rufipennis/Dendroctonus-rufipennis-9139895.jpg,rufipennis
gs://bugoff-bucket1/hinton/Insecta/GenusSpecies/Dendroctonus/rufipennis/Dendroctonus-rufipennis-9662212.jpg,rufipennis
gs://bugoff-bucket1/hinton/Insecta/GenusSpecies/Diaprepes/abbreviatus/Diaprepes-abbreviatus-8262258.jpg,abbreviatus
gs://bugoff-bucket1/hinton/Insecta/GenusSpecies/Diaprepes/abbreviatus/Diaprepes-abbreviatus-8278701.jpg,abbreviatus
gs://bugoff-bucket1/hinton/Insecta/GenusSpecies/Diaprepes/abbreviatus/Diaprepes-abbreviatus-8299183.jpg,abbreviatus
gs://bugoff-bucket1/hinton/Insecta/GenusSpecies/Diaprepes/abbreviatus/Diaprepes-abbreviatus-8363512.jpg,abbreviatus
gs://bugoff-bucket1/hinton/Insecta/GenusSpecies/Diaprepes/abbreviatus/Diaprepes-abbreviatus-8512988.jpg,abbreviatus
gs://bugoff-bucket1/hinton/Insecta/GenusSpecies/Diaprepes/abbreviatus/Diaprepes-abbreviatus-8572907.jpg,abbreviatus
gs://bugoff-bucket1/hinton/Insecta/GenusSpecies/Diaprepes/abbreviatus/Diaprepes-abbreviatus-8585761.jpg,abbreviatus
gs://bugoff-bucket1/hinton/Insecta/GenusSpecies/Diaprepes/abbreviatus/Diaprepes-abbreviatus-8708914.jpg,abbreviatus
gs://bugoff-bucket1/hinton/Insecta/GenusSpecies/Diaprepes/abbreviatus/Diaprepes-abbreviatus-8774233.jpg,abbreviatus
gs://bugoff-bucket1/hinton/Insecta/GenusSpecies/Diaprepes/abbreviatus/Diaprepes-abbreviatus-8813751.jpg,abbreviatus
gs://bugoff-bucket1/hinton/Insecta/GenusSpecies/Diaprepes/abbreviatus/Diaprepes-abbreviatus-8815053.jpg,abbreviatus
gs://bugoff-bucket1/hinton/Insecta/GenusSpecies/Diaprepes/abbreviatus/Diaprepes-abbreviatus-8823314.jpg,abbreviatus
gs://bugoff-bucket1/hinton/Insecta/GenusSpecies/Diaprepes/abbreviatus/Diaprepes-abbreviatus-9042248.jpg,abbreviatus
gs://bugoff-bucket1/hinton/Insecta/GenusSpecies/Diaprepes/abbreviatus/Diaprepes-abbreviatus-9187315.jpg,abbreviatus
gs://bugoff-bucket1/hinton/Insecta/GenusSpecies/Diaprepes/abbreviatus/Diaprepes-abbreviatus-9269569.jpg,abbreviatus
gs://bugoff-bucket1/hinton/Insecta/GenusSpecies/Diaprepes/abbreviatus/Diaprepes-abbreviatus-9316657.jpg,abbreviatus
gs://bugoff-bucket1/hinton/Insecta/GenusSpecies/Diaprepes/abbreviatus/Diaprepes-abbreviatus-9486141.jpg,abbreviatus
gs://bugoff-bucket1/hinton/Insecta/GenusSpecies/Diaprepes/abbreviatus/Diaprepes-abbreviatus-9488119.jpg,abbreviatus
gs://bugoff-bucket1/hinton/Insecta/GenusSpecies/Diaprepes/abbreviatus/Diaprepes-abbreviatus-9532454.jpg,abbreviatus
gs://bugoff-bucket1/hinton/Insecta/GenusSpecies/Diaprepes/abbreviatus/Diaprepes-abbreviatus-9541527.jpg,abbreviatus
gs://bugoff-bucket1/hinton/Insecta/GenusSpecies/Donus/intermedius/Donus-intermedius-8501859.jpg,intermedius
gs://bugoff-bucket1/hinton/Insecta/GenusSpecies/Donus/zoilus/Donus-zoilus-8108337.jpg,zoilus
gs://bugoff-bucket1/hinton/Insecta/GenusSpecies/Donus/zoilus/Donus-zoilus-8391295.jpg,zoilus
gs://bugoff-bucket1/hinton/Insecta/GenusSpecies/Donus/zoilus/Donus-zoilus-8750500.jpg,zoilus
gs://bugoff-bucket1/hinton/Insecta/GenusSpecies/Donus/zoilus/Donus-zoilus-9616479.jpg,zoilus
gs://bugoff-bucket1/hinton/Insecta/GenusSpecies/Dorytomus/longimanus/Dorytomus-longimanus-844645.jpg,longimanus
gs://bugoff-bucket1/hinton/Insecta/GenusSpecies/Dryophthorus/americanus/Dryophthorus-americanus-8896404.jpg,americanus
gs://bugoff-bucket1/hinton/Insecta/GenusSpecies/Dryophthorus/americanus/Dryophthorus-americanus-9138392.jpg,americanus
gs://bugoff-bucket1/hinton/Insecta/GenusSpecies/Ellescus/ephippiatus/Ellescus-ephippiatus-8244612.jpg,ephippiatus
gs://bugoff-bucket1/hinton/Insecta/GenusSpecies/Eudiagogus/pulcher/Eudiagogus-pulcher-8041299.jpg,pulcher
gs://bugoff-bucket1/hinton/Insecta/GenusSpecies/Eudiagogus/pulcher/Eudiagogus-pulcher-8151711.jpg,pulcher
gs://bugoff-bucket1/hinton/Insecta/GenusSpecies/Eudiagogus/pulcher/Eudiagogus-pulcher-8266883.jpg,pulcher
gs://bugoff-bucket1/hinton/Insecta/GenusSpecies/Eudiagogus/pulcher/Eudiagogus-pulcher-8433605.jpg,pulcher
gs://bugoff-bucket1/hinton/Insecta/GenusSpecies/Eudiagogus/pulcher/Eudiagogus-pulcher-849557.jpg,pulcher
gs://bugoff-bucket1/hinton/Insecta/GenusSpecies/Eudiagogus/pulcher/Eudiagogus-pulcher-8664017.jpg,pulcher
gs://bugoff-bucket1/hinton/Insecta/GenusSpecies/Eudiagogus/pulcher/Eudiagogus-pulcher-8846194.jpg,pulcher
gs://bugoff-bucket1/hinton/Insecta/GenusSpecies/Eudiagogus/pulcher/Eudiagogus-pulcher-9101440.jpg,pulcher
gs://bugoff-bucket1/hinton/Insecta/GenusSpecies/Eudiagogus/pulcher/Eudiagogus-pulcher-9451971.jpg,pulcher
gs://bugoff-bucket1/hinton/Insecta/GenusSpecies/Eudiagogus/pulcher/Eudiagogus-pulcher-9607396.jpg,pulcher
gs://bugoff-bucket1/hinton/Insecta/GenusSpecies/Eudiagogus/rosenschoeldi/Eudiagogus-rosenschoeldi-8011586.jpg,rosenschoeldi
gs://bugoff-bucket1/hinton/Insecta/GenusSpecies/Eudiagogus/rosenschoeldi/Eudiagogus-rosenschoeldi-8102138.jpg,rosenschoeldi
gs://bugoff-bucket1/hinton/Insecta/GenusSpecies/Eudiagogus/rosenschoeldi/Eudiagogus-rosenschoeldi-8102142.jpg,rosenschoeldi
gs://bugoff-bucket1/hinton/Insecta/GenusSpecies/Eudiagogus/rosenschoeldi/Eudiagogus-rosenschoeldi-8106350.jpg,rosenschoeldi
gs://bugoff-bucket1/hinton/Insecta/GenusSpecies/Eudiagogus/rosenschoeldi/Eudiagogus-rosenschoeldi-849552.jpg,rosenschoeldi
gs://bugoff-bucket1/hinton/Insecta/GenusSpecies/Eudiagogus/rosenschoeldi/Eudiagogus-rosenschoeldi-8846195.jpg,rosenschoeldi
gs://bugoff-bucket1/hinton/Insecta/GenusSpecies/Eudiagogus/rosenschoeldi/Eudiagogus-rosenschoeldi-9112929.jpg,rosenschoeldi
gs://bugoff-bucket1/hinton/Insecta/GenusSpecies/Eudiagogus/rosenschoeldi/Eudiagogus-rosenschoeldi-9332554.jpg,rosenschoeldi
gs://bugoff-bucket1/hinton/Insecta/GenusSpecies/Eustenopus/villosus/Eustenopus-villosus-8222324.jpg,villosus
gs://bugoff-bucket1/hinton/Insecta/GenusSpecies/Eustenopus/villosus/Eustenopus-villosus-8578408.jpg,villosus
gs://bugoff-bucket1/hinton/Insecta/GenusSpecies/Eustenopus/villosus/Eustenopus-villosus-8599429.jpg,villosus
gs://bugoff-bucket1/hinton/Insecta/GenusSpecies/Eustenopus/villosus/Eustenopus-villosus-8599432.jpg,villosus
gs://bugoff-bucket1/hinton/Insecta/GenusSpecies/Glocianus/punctiger/Glocianus-punctiger-8415304.jpg,punctiger
gs://bugoff-bucket1/hinton/Insecta/GenusSpecies/Glyptobaris/lecontei/Glyptobaris-lecontei-8170770.jpg,lecontei
gs://bugoff-bucket1/hinton/Insecta/GenusSpecies/Glyptobaris/lecontei/Glyptobaris-lecontei-8200318.jpg,lecontei
gs://bugoff-bucket1/hinton/Insecta/GenusSpecies/Gonipterus/scutellatus/Gonipterus-scutellatus-869601.jpg,scutellatus
gs://bugoff-bucket1/hinton/Insecta/GenusSpecies/Hormorus/undulatus/Hormorus-undulatus-9008647.jpg,undulatus
gs://bugoff-bucket1/hinton/Insecta/GenusSpecies/Hylesinus/tristis/Hylesinus-tristis-8456969.jpg,tristis
gs://bugoff-bucket1/hinton/Insecta/GenusSpecies/Hylobius/abietis/Hylobius-abietis-8410158.jpg,abietis
gs://bugoff-bucket1/hinton/Insecta/GenusSpecies/Hylobius/abietis/Hylobius-abietis-8451154.jpg,abietis
gs://bugoff-bucket1/hinton/Insecta/GenusSpecies/Hylobius/abietis/Hylobius-abietis-8783327.jpg,abietis
gs://bugoff-bucket1/hinton/Insecta/GenusSpecies/Hylobius/abietis/Hylobius-abietis-8806092.jpg,abietis
gs://bugoff-bucket1/hinton/Insecta/GenusSpecies/Hylobius/abietis/Hylobius-abietis-8806164.jpg,abietis
gs://bugoff-bucket1/hinton/Insecta/GenusSpecies/Hylobius/abietis/Hylobius-abietis-9138902.jpg,abietis
gs://bugoff-bucket1/hinton/Insecta/GenusSpecies/Hylobius/abietis/Hylobius-abietis-9242957.jpg,abietis
gs://bugoff-bucket1/hinton/Insecta/GenusSpecies/Hylobius/abietis/Hylobius-abietis-9244689.jpg,abietis
gs://bugoff-bucket1/hinton/Insecta/GenusSpecies/Hylobius/congener/Hylobius-congener-9229075.jpg,congener
gs://bugoff-bucket1/hinton/Insecta/GenusSpecies/Hylobius/pales/Hylobius-pales-854189.jpg,pales
gs://bugoff-bucket1/hinton/Insecta/GenusSpecies/Hypera/conmaculata/Hypera-conmaculata-8306643.jpg,conmaculata
gs://bugoff-bucket1/hinton/Insecta/GenusSpecies/Hypera/graeseri/Hypera-graeseri-8464951.jpg,graeseri
gs://bugoff-bucket1/hinton/Insecta/GenusSpecies/Hypera/nigrirostris/Hypera-nigrirostris-8423160.jpg,nigrirostris
gs://bugoff-bucket1/hinton/Insecta/GenusSpecies/Hypera/obtusifolius/Hypera-obtusifolius-8412482.jpg,obtusifolius
gs://bugoff-bucket1/hinton/Insecta/GenusSpecies/Hypera/postica/Hypera-postica-8128607.jpg,postica
gs://bugoff-bucket1/hinton/Insecta/GenusSpecies/Hypera/postica/Hypera-postica-8344217.jpg,postica
gs://bugoff-bucket1/hinton/Insecta/GenusSpecies/Hypera/postica/Hypera-postica-8404825.jpg,postica
gs://bugoff-bucket1/hinton/Insecta/GenusSpecies/Hypera/postica/Hypera-postica-8465656.jpg,postica
gs://bugoff-bucket1/hinton/Insecta/GenusSpecies/Hypera/postica/Hypera-postica-8522781.jpg,postica
gs://bugoff-bucket1/hinton/Insecta/GenusSpecies/Hypera/postica/Hypera-postica-8523561.jpg,postica
gs://bugoff-bucket1/hinton/Insecta/GenusSpecies/Hypera/viridula/Hypera-viridula-8075638.jpg,viridula
gs://bugoff-bucket1/hinton/Insecta/GenusSpecies/Ips/pini/Ips-pini-8048831.jpg,pini
gs://bugoff-bucket1/hinton/Insecta/GenusSpecies/Ips/typographus/Ips-typographus-8545501.jpg,typographus
gs://bugoff-bucket1/hinton/Insecta/GenusSpecies/Isochnus/sequensi/Isochnus-sequensi-8318774.jpg,sequensi
gs://bugoff-bucket1/hinton/Insecta/GenusSpecies/Larinus/curtus/Larinus-curtus-8793912.jpg,curtus
gs://bugoff-bucket1/hinton/Insecta/GenusSpecies/Larinus/curtus/Larinus-curtus-8842255.jpg,curtus
gs://bugoff-bucket1/hinton/Insecta/GenusSpecies/Larinus/jaceae/Larinus-jaceae-9506864.jpg,jaceae
gs://bugoff-bucket1/hinton/Insecta/GenusSpecies/Larinus/latissimus/Larinus-latissimus-8706504.jpg,latissimus
gs://bugoff-bucket1/hinton/Insecta/GenusSpecies/Larinus/minutus/Larinus-minutus-8505014.jpg,minutus
gs://bugoff-bucket1/hinton/Insecta/GenusSpecies/Larinus/minutus/Larinus-minutus-8505025.jpg,minutus
gs://bugoff-bucket1/hinton/Insecta/GenusSpecies/Larinus/minutus/Larinus-minutus-8952198.jpg,minutus
gs://bugoff-bucket1/hinton/Insecta/GenusSpecies/Larinus/minutus/Larinus-minutus-9588015.jpg,minutus
gs://bugoff-bucket1/hinton/Insecta/GenusSpecies/Larinus/obtusus/Larinus-obtusus-8146045.jpg,obtusus
gs://bugoff-bucket1/hinton/Insecta/GenusSpecies/Larinus/obtusus/Larinus-obtusus-8146264.jpg,obtusus
gs://bugoff-bucket1/hinton/Insecta/GenusSpecies/Larinus/onopordi/Larinus-onopordi-8410202.jpg,onopordi
gs://bugoff-bucket1/hinton/Insecta/GenusSpecies/Larinus/onopordi/Larinus-onopordi-8576880.jpg,onopordi
gs://bugoff-bucket1/hinton/Insecta/GenusSpecies/Larinus/onopordi/Larinus-onopordi-8634631.jpg,onopordi
gs://bugoff-bucket1/hinton/Insecta/GenusSpecies/Larinus/ovaliformis/Larinus-ovaliformis-8219807.jpg,ovaliformis
gs://bugoff-bucket1/hinton/Insecta/GenusSpecies/Larinus/planus/Larinus-planus-8118786.jpg,planus
gs://bugoff-bucket1/hinton/Insecta/GenusSpecies/Larinus/planus/Larinus-planus-8280182.jpg,planus
gs://bugoff-bucket1/hinton/Insecta/GenusSpecies/Larinus/planus/Larinus-planus-8285657.jpg,planus
gs://bugoff-bucket1/hinton/Insecta/GenusSpecies/Larinus/planus/Larinus-planus-8303552.jpg,planus
gs://bugoff-bucket1/hinton/Insecta/GenusSpecies/Larinus/planus/Larinus-planus-8309183.jpg,planus
gs://bugoff-bucket1/hinton/Insecta/GenusSpecies/Larinus/planus/Larinus-planus-8356906.jpg,planus
gs://bugoff-bucket1/hinton/Insecta/GenusSpecies/Larinus/planus/Larinus-planus-8361154.jpg,planus
gs://bugoff-bucket1/hinton/Insecta/GenusSpecies/Larinus/planus/Larinus-planus-8377362.jpg,planus
gs://bugoff-bucket1/hinton/Insecta/GenusSpecies/Larinus/planus/Larinus-planus-8644127.jpg,planus
gs://bugoff-bucket1/hinton/Insecta/GenusSpecies/Larinus/planus/Larinus-planus-8652632.jpg,planus
gs://bugoff-bucket1/hinton/Insecta/GenusSpecies/Larinus/planus/Larinus-planus-8688908.jpg,planus
gs://bugoff-bucket1/hinton/Insecta/GenusSpecies/Larinus/planus/Larinus-planus-8989849.jpg,planus
gs://bugoff-bucket1/hinton/Insecta/GenusSpecies/Larinus/planus/Larinus-planus-899367.jpg,planus
gs://bugoff-bucket1/hinton/Insecta/GenusSpecies/Larinus/planus/Larinus-planus-9263389.jpg,planus
gs://bugoff-bucket1/hinton/Insecta/GenusSpecies/Larinus/planus/Larinus-planus-9355430.jpg,planus
gs://bugoff-bucket1/hinton/Insecta/GenusSpecies/Larinus/planus/Larinus-planus-9470077.jpg,planus
gs://bugoff-bucket1/hinton/Insecta/GenusSpecies/Larinus/planus/Larinus-planus-9646856.jpg,planus
gs://bugoff-bucket1/hinton/Insecta/GenusSpecies/Larinus/planus/Larinus-planus-993633.jpg,planus
gs://bugoff-bucket1/hinton/Insecta/GenusSpecies/Larinus/sturnus/Larinus-sturnus-8611037.jpg,sturnus
gs://bugoff-bucket1/hinton/Insecta/GenusSpecies/Larinus/turbinatus/Larinus-turbinatus-8544749.jpg,turbinatus
gs://bugoff-bucket1/hinton/Insecta/GenusSpecies/Larinus/turbinatus/Larinus-turbinatus-8544761.jpg,turbinatus
gs://bugoff-bucket1/hinton/Insecta/GenusSpecies/Larinus/turbinatus/Larinus-turbinatus-8764545.jpg,turbinatus
gs://bugoff-bucket1/hinton/Insecta/GenusSpecies/Larinus/turbinatus/Larinus-turbinatus-8886642.jpg,turbinatus
gs://bugoff-bucket1/hinton/Insecta/GenusSpecies/Larinus/ursus/Larinus-ursus-8410203.jpg,ursus
gs://bugoff-bucket1/hinton/Insecta/GenusSpecies/Lechriops/californica/Lechriops-californica-9445976.jpg,californica
gs://bugoff-bucket1/hinton/Insecta/GenusSpecies/Lechriops/californica/Lechriops-californica-9445979.jpg,californica
gs://bugoff-bucket1/hinton/Insecta/GenusSpecies/Lepyrus/capucinus/Lepyrus-capucinus-8174618.jpg,capucinus
gs://bugoff-bucket1/hinton/Insecta/GenusSpecies/Lepyrus/oregonus/Lepyrus-oregonus-8132491.jpg,oregonus
gs://bugoff-bucket1/hinton/Insecta/GenusSpecies/Listroderes/costirostris/Listroderes-costirostris-8084893.jpg,costirostris
gs://bugoff-bucket1/hinton/Insecta/GenusSpecies/Lixus/concavus/Lixus-concavus-8147605.jpg,concavus
gs://bugoff-bucket1/hinton/Insecta/GenusSpecies/Lixus/concavus/Lixus-concavus-8151163.jpg,concavus
gs://bugoff-bucket1/hinton/Insecta/GenusSpecies/Lixus/concavus/Lixus-concavus-8197557.jpg,concavus
gs://bugoff-bucket1/hinton/Insecta/GenusSpecies/Lixus/concavus/Lixus-concavus-8358291.jpg,concavus
gs://bugoff-bucket1/hinton/Insecta/GenusSpecies/Lixus/concavus/Lixus-concavus-8383562.jpg,concavus
gs://bugoff-bucket1/hinton/Insecta/GenusSpecies/Lixus/concavus/Lixus-concavus-8589178.jpg,concavus
gs://bugoff-bucket1/hinton/Insecta/GenusSpecies/Lixus/concavus/Lixus-concavus-906771.jpg,concavus
gs://bugoff-bucket1/hinton/Insecta/GenusSpecies/Lixus/fasciculatus/Lixus-fasciculatus-8562277.jpg,fasciculatus
gs://bugoff-bucket1/hinton/Insecta/GenusSpecies/Lixus/fasciculatus/Lixus-fasciculatus-9313773.jpg,fasciculatus
gs://bugoff-bucket1/hinton/Insecta/GenusSpecies/Lixus/fasciculatus/Lixus-fasciculatus-9440175.jpg,fasciculatus
gs://bugoff-bucket1/hinton/Insecta/GenusSpecies/Lixus/iridis/Lixus-iridis-8261097.jpg,iridis
gs://bugoff-bucket1/hinton/Insecta/GenusSpecies/Lixus/iridis/Lixus-iridis-8463877.jpg,iridis
gs://bugoff-bucket1/hinton/Insecta/GenusSpecies/Lixus/iridis/Lixus-iridis-8483705.jpg,iridis
gs://bugoff-bucket1/hinton/Insecta/GenusSpecies/Lixus/iridis/Lixus-iridis-8688531.jpg,iridis
gs://bugoff-bucket1/hinton/Insecta/GenusSpecies/Lixus/myagri/Lixus-myagri-9367665.jpg,myagri
gs://bugoff-bucket1/hinton/Insecta/GenusSpecies/Lixus/perforatus/Lixus-perforatus-8476411.jpg,perforatus
gs://bugoff-bucket1/hinton/Insecta/GenusSpecies/Lixus/pulverulentus/Lixus-pulverulentus-8022367.jpg,pulverulentus
gs://bugoff-bucket1/hinton/Insecta/GenusSpecies/Lixus/pulverulentus/Lixus-pulverulentus-8051206.jpg,pulverulentus
gs://bugoff-bucket1/hinton/Insecta/GenusSpecies/Lixus/pulverulentus/Lixus-pulverulentus-8138904.jpg,pulverulentus
gs://bugoff-bucket1/hinton/Insecta/GenusSpecies/Lixus/pulverulentus/Lixus-pulverulentus-8562883.jpg,pulverulentus
gs://bugoff-bucket1/hinton/Insecta/GenusSpecies/Lixus/pulverulentus/Lixus-pulverulentus-8828138.jpg,pulverulentus
gs://bugoff-bucket1/hinton/Insecta/GenusSpecies/Lixus/pulverulentus/Lixus-pulverulentus-9071832.jpg,pulverulentus
gs://bugoff-bucket1/hinton/Insecta/GenusSpecies/Lixus/pulverulentus/Lixus-pulverulentus-9314171.jpg,pulverulentus
gs://bugoff-bucket1/hinton/Insecta/GenusSpecies/Lixus/pulverulentus/Lixus-pulverulentus-9596558.jpg,pulverulentus
gs://bugoff-bucket1/hinton/Insecta/GenusSpecies/Lixus/pulverulentus/Lixus-pulverulentus-9615834.jpg,pulverulentus
gs://bugoff-bucket1/hinton/Insecta/GenusSpecies/Lixus/scrobicollis/Lixus-scrobicollis-8295546.jpg,scrobicollis
gs://bugoff-bucket1/hinton/Insecta/GenusSpecies/Lixus/scrobicollis/Lixus-scrobicollis-8526276.jpg,scrobicollis
gs://bugoff-bucket1/hinton/Insecta/GenusSpecies/Lixus/scrobicollis/Lixus-scrobicollis-9078015.jpg,scrobicollis
gs://bugoff-bucket1/hinton/Insecta/GenusSpecies/Lixus/scrobicollis/Lixus-scrobicollis-9357822.jpg,scrobicollis
gs://bugoff-bucket1/hinton/Insecta/GenusSpecies/Lixus/scrobicollis/Lixus-scrobicollis-945918.jpg,scrobicollis
gs://bugoff-bucket1/hinton/Insecta/GenusSpecies/Lixus/scrobicollis/Lixus-scrobicollis-9461082.jpg,scrobicollis
gs://bugoff-bucket1/hinton/Insecta/GenusSpecies/Magdalis/ruficornis/Magdalis-ruficornis-8426245.jpg,ruficornis
gs://bugoff-bucket1/hinton/Insecta/GenusSpecies/Mecinus/pascuorum/Mecinus-pascuorum-9276376.jpg,pascuorum
gs://bugoff-bucket1/hinton/Insecta/GenusSpecies/Mecinus/pyraster/Mecinus-pyraster-923246.jpg,pyraster
gs://bugoff-bucket1/hinton/Insecta/GenusSpecies/Mecinus/pyraster/Mecinus-pyraster-9441015.jpg,pyraster
gs://bugoff-bucket1/hinton/Insecta/GenusSpecies/Metamasius/hemipterus/Metamasius-hemipterus-9057879.jpg,hemipterus
gs://bugoff-bucket1/hinton/Insecta/GenusSpecies/Metamasius/hemipterus/Metamasius-hemipterus-9149700.jpg,hemipterus
gs://bugoff-bucket1/hinton/Insecta/GenusSpecies/Monarthrum/fasciatum/Monarthrum-fasciatum-9490801.jpg,fasciatum
gs://bugoff-bucket1/hinton/Insecta/GenusSpecies/Mononychus/punctumalbum/Mononychus-punctumalbum-8052625.jpg,punctumalbum
gs://bugoff-bucket1/hinton/Insecta/GenusSpecies/Mononychus/punctumalbum/Mononychus-punctumalbum-8219652.jpg,punctumalbum
gs://bugoff-bucket1/hinton/Insecta/GenusSpecies/Mononychus/punctumalbum/Mononychus-punctumalbum-8442063.jpg,punctumalbum
gs://bugoff-bucket1/hinton/Insecta/GenusSpecies/Mononychus/punctumalbum/Mononychus-punctumalbum-8442092.jpg,punctumalbum
gs://bugoff-bucket1/hinton/Insecta/GenusSpecies/Mononychus/punctumalbum/Mononychus-punctumalbum-8761825.jpg,punctumalbum
gs://bugoff-bucket1/hinton/Insecta/GenusSpecies/Mononychus/punctumalbum/Mononychus-punctumalbum-9244455.jpg,punctumalbum
gs://bugoff-bucket1/hinton/Insecta/GenusSpecies/Mononychus/vulpeculus/Mononychus-vulpeculus-8363074.jpg,vulpeculus
gs://bugoff-bucket1/hinton/Insecta/GenusSpecies/Mononychus/vulpeculus/Mononychus-vulpeculus-8615056.jpg,vulpeculus
gs://bugoff-bucket1/hinton/Insecta/GenusSpecies/Myllocerus/undecimpustulatus/Myllocerus-undecimpustulatus-8466.jpg,undecimpustulatus
gs://bugoff-bucket1/hinton/Insecta/GenusSpecies/Myllocerus/undecimpustulatus/Myllocerus-undecimpustulatus-8881201.jpg,undecimpustulatus
gs://bugoff-bucket1/hinton/Insecta/GenusSpecies/Myllocerus/undecimpustulatus/Myllocerus-undecimpustulatus-998963.jpg,undecimpustulatus
gs://bugoff-bucket1/hinton/Insecta/GenusSpecies/Myrmex/lineatus/Myrmex-lineatus-9149273.jpg,lineatus
gs://bugoff-bucket1/hinton/Insecta/GenusSpecies/Naupactus/cervinus/Naupactus-cervinus-8019939.jpg,cervinus
gs://bugoff-bucket1/hinton/Insecta/GenusSpecies/Naupactus/cervinus/Naupactus-cervinus-8118137.jpg,cervinus
gs://bugoff-bucket1/hinton/Insecta/GenusSpecies/Naupactus/cervinus/Naupactus-cervinus-8461877.jpg,cervinus
gs://bugoff-bucket1/hinton/Insecta/GenusSpecies/Naupactus/cervinus/Naupactus-cervinus-8734829.jpg,cervinus
gs://bugoff-bucket1/hinton/Insecta/GenusSpecies/Naupactus/cervinus/Naupactus-cervinus-8808352.jpg,cervinus
gs://bugoff-bucket1/hinton/Insecta/GenusSpecies/Naupactus/cervinus/Naupactus-cervinus-8817149.jpg,cervinus
gs://bugoff-bucket1/hinton/Insecta/GenusSpecies/Naupactus/cervinus/Naupactus-cervinus-9172291.jpg,cervinus
gs://bugoff-bucket1/hinton/Insecta/GenusSpecies/Naupactus/cervinus/Naupactus-cervinus-9223916.jpg,cervinus
gs://bugoff-bucket1/hinton/Insecta/GenusSpecies/Naupactus/cervinus/Naupactus-cervinus-9373123.jpg,cervinus
gs://bugoff-bucket1/hinton/Insecta/GenusSpecies/Naupactus/cervinus/Naupactus-cervinus-9493102.jpg,cervinus
gs://bugoff-bucket1/hinton/Insecta/GenusSpecies/Naupactus/cervinus/Naupactus-cervinus-950663.jpg,cervinus
gs://bugoff-bucket1/hinton/Insecta/GenusSpecies/Naupactus/cervinus/Naupactus-cervinus-9649795.jpg,cervinus
gs://bugoff-bucket1/hinton/Insecta/GenusSpecies/Naupactus/cervinus/Naupactus-cervinus-978074.jpg,cervinus
gs://bugoff-bucket1/hinton/Insecta/GenusSpecies/Naupactus/godmanni/Naupactus-godmanni-931103.jpg,godmanni
gs://bugoff-bucket1/hinton/Insecta/GenusSpecies/Naupactus/leucoloma/Naupactus-leucoloma-9166078.jpg,leucoloma
gs://bugoff-bucket1/hinton/Insecta/GenusSpecies/Naupactus/leucoloma/Naupactus-leucoloma-9212806.jpg,leucoloma
gs://bugoff-bucket1/hinton/Insecta/GenusSpecies/Naupactus/leucoloma/Naupactus-leucoloma-947046.jpg,leucoloma
gs://bugoff-bucket1/hinton/Insecta/GenusSpecies/Naupactus/leucoloma/Naupactus-leucoloma-9527065.jpg,leucoloma
gs://bugoff-bucket1/hinton/Insecta/GenusSpecies/Nedyus/quadrimaculatus/Nedyus-quadrimaculatus-8413294.jpg,quadrimaculatus
gs://bugoff-bucket1/hinton/Insecta/GenusSpecies/Nedyus/quadrimaculatus/Nedyus-quadrimaculatus-8443777.jpg,quadrimaculatus
gs://bugoff-bucket1/hinton/Insecta/GenusSpecies/Nedyus/quadrimaculatus/Nedyus-quadrimaculatus-8487142.jpg,quadrimaculatus
gs://bugoff-bucket1/hinton/Insecta/GenusSpecies/Nedyus/quadrimaculatus/Nedyus-quadrimaculatus-8487144.jpg,quadrimaculatus
gs://bugoff-bucket1/hinton/Insecta/GenusSpecies/Nedyus/quadrimaculatus/Nedyus-quadrimaculatus-8504964.jpg,quadrimaculatus
gs://bugoff-bucket1/hinton/Insecta/GenusSpecies/Nedyus/quadrimaculatus/Nedyus-quadrimaculatus-8521189.jpg,quadrimaculatus
gs://bugoff-bucket1/hinton/Insecta/GenusSpecies/Nedyus/quadrimaculatus/Nedyus-quadrimaculatus-8521198.jpg,quadrimaculatus
gs://bugoff-bucket1/hinton/Insecta/GenusSpecies/Nedyus/quadrimaculatus/Nedyus-quadrimaculatus-8575881.jpg,quadrimaculatus
gs://bugoff-bucket1/hinton/Insecta/GenusSpecies/Ochyromera/ligustri/Ochyromera-ligustri-8180320.jpg,ligustri
gs://bugoff-bucket1/hinton/Insecta/GenusSpecies/Odontocorynus/umbellae/Odontocorynus-umbellae-8575895.jpg,umbellae
gs://bugoff-bucket1/hinton/Insecta/GenusSpecies/Odontopus/calceatus/Odontopus-calceatus-8227364.jpg,calceatus
gs://bugoff-bucket1/hinton/Insecta/GenusSpecies/Odontopus/calceatus/Odontopus-calceatus-8292042.jpg,calceatus
gs://bugoff-bucket1/hinton/Insecta/GenusSpecies/Odontopus/calceatus/Odontopus-calceatus-8410775.jpg,calceatus
gs://bugoff-bucket1/hinton/Insecta/GenusSpecies/Odontopus/calceatus/Odontopus-calceatus-8539964.jpg,calceatus
gs://bugoff-bucket1/hinton/Insecta/GenusSpecies/Odontopus/calceatus/Odontopus-calceatus-9206489.jpg,calceatus
gs://bugoff-bucket1/hinton/Insecta/GenusSpecies/Odontopus/calceatus/Odontopus-calceatus-9385221.jpg,calceatus
gs://bugoff-bucket1/hinton/Insecta/GenusSpecies/Odontopus/calceatus/Odontopus-calceatus-9468681.jpg,calceatus
gs://bugoff-bucket1/hinton/Insecta/GenusSpecies/Orchestes/alni/Orchestes-alni-8581956.jpg,alni
gs://bugoff-bucket1/hinton/Insecta/GenusSpecies/Orchestes/koltzei/Orchestes-koltzei-8700793.jpg,koltzei
gs://bugoff-bucket1/hinton/Insecta/GenusSpecies/Orchestes/steppensis/Orchestes-steppensis-8016274.jpg,steppensis
gs://bugoff-bucket1/hinton/Insecta/GenusSpecies/Otiorhynchus/armadillo/Otiorhynchus-armadillo-8875001.jpg,armadillo
gs://bugoff-bucket1/hinton/Insecta/GenusSpecies/Otiorhynchus/armadillo/Otiorhynchus-armadillo-8875038.jpg,armadillo
gs://bugoff-bucket1/hinton/Insecta/GenusSpecies/Otiorhynchus/armadillo/Otiorhynchus-armadillo-9127785.jpg,armadillo
gs://bugoff-bucket1/hinton/Insecta/GenusSpecies/Otiorhynchus/fullo/Otiorhynchus-fullo-8346963.jpg,fullo
gs://bugoff-bucket1/hinton/Insecta/GenusSpecies/Otiorhynchus/gemmatus/Otiorhynchus-gemmatus-8985890.jpg,gemmatus
gs://bugoff-bucket1/hinton/Insecta/GenusSpecies/Otiorhynchus/gemmatus/Otiorhynchus-gemmatus-8985913.jpg,gemmatus
gs://bugoff-bucket1/hinton/Insecta/GenusSpecies/Otiorhynchus/indefinitus/Otiorhynchus-indefinitus-8644221.jpg,indefinitus
gs://bugoff-bucket1/hinton/Insecta/GenusSpecies/Otiorhynchus/laevigatus/Otiorhynchus-laevigatus-8050745.jpg,laevigatus
gs://bugoff-bucket1/hinton/Insecta/GenusSpecies/Otiorhynchus/laevigatus/Otiorhynchus-laevigatus-8145364.jpg,laevigatus
gs://bugoff-bucket1/hinton/Insecta/GenusSpecies/Otiorhynchus/ligustici/Otiorhynchus-ligustici-8722861.jpg,ligustici
gs://bugoff-bucket1/hinton/Insecta/GenusSpecies/Otiorhynchus/lugdunensis/Otiorhynchus-lugdunensis-8384994.jpg,lugdunensis
gs://bugoff-bucket1/hinton/Insecta/GenusSpecies/Otiorhynchus/ovatus/Otiorhynchus-ovatus-8087256.jpg,ovatus
gs://bugoff-bucket1/hinton/Insecta/GenusSpecies/Otiorhynchus/ovatus/Otiorhynchus-ovatus-8360293.jpg,ovatus
gs://bugoff-bucket1/hinton/Insecta/GenusSpecies/Otiorhynchus/ovatus/Otiorhynchus-ovatus-8506469.jpg,ovatus
gs://bugoff-bucket1/hinton/Insecta/GenusSpecies/Otiorhynchus/ovatus/Otiorhynchus-ovatus-858483.jpg,ovatus
gs://bugoff-bucket1/hinton/Insecta/GenusSpecies/Otiorhynchus/ovatus/Otiorhynchus-ovatus-8588934.jpg,ovatus
gs://bugoff-bucket1/hinton/Insecta/GenusSpecies/Otiorhynchus/ovatus/Otiorhynchus-ovatus-9003974.jpg,ovatus
gs://bugoff-bucket1/hinton/Insecta/GenusSpecies/Otiorhynchus/ovatus/Otiorhynchus-ovatus-9388253.jpg,ovatus
gs://bugoff-bucket1/hinton/Insecta/GenusSpecies/Otiorhynchus/ovatus/Otiorhynchus-ovatus-9392647.jpg,ovatus
gs://bugoff-bucket1/hinton/Insecta/GenusSpecies/Otiorhynchus/ovatus/Otiorhynchus-ovatus-9614915.jpg,ovatus
gs://bugoff-bucket1/hinton/Insecta/GenusSpecies/Otiorhynchus/raucus/Otiorhynchus-raucus-8319372.jpg,raucus
gs://bugoff-bucket1/hinton/Insecta/GenusSpecies/Otiorhynchus/raucus/Otiorhynchus-raucus-8357228.jpg,raucus
gs://bugoff-bucket1/hinton/Insecta/GenusSpecies/Otiorhynchus/raucus/Otiorhynchus-raucus-8743307.jpg,raucus
gs://bugoff-bucket1/hinton/Insecta/GenusSpecies/Otiorhynchus/rugosostriatus/Otiorhynchus-rugosostriatus-9467230.jpg,rugosostriatus
gs://bugoff-bucket1/hinton/Insecta/GenusSpecies/Otiorhynchus/salicicola/Otiorhynchus-salicicola-9515061.jpg,salicicola
gs://bugoff-bucket1/hinton/Insecta/GenusSpecies/Otiorhynchus/scaber/Otiorhynchus-scaber-8993145.jpg,scaber
gs://bugoff-bucket1/hinton/Insecta/GenusSpecies/Otiorhynchus/sensitivus/Otiorhynchus-sensitivus-9033875.jpg,sensitivus
gs://bugoff-bucket1/hinton/Insecta/GenusSpecies/Otiorhynchus/singularis/Otiorhynchus-singularis-8054681.jpg,singularis
gs://bugoff-bucket1/hinton/Insecta/GenusSpecies/Otiorhynchus/singularis/Otiorhynchus-singularis-8074584.jpg,singularis
gs://bugoff-bucket1/hinton/Insecta/GenusSpecies/Otiorhynchus/singularis/Otiorhynchus-singularis-8713806.jpg,singularis
gs://bugoff-bucket1/hinton/Insecta/GenusSpecies/Otiorhynchus/singularis/Otiorhynchus-singularis-8852902.jpg,singularis
gs://bugoff-bucket1/hinton/Insecta/GenusSpecies/Otiorhynchus/singularis/Otiorhynchus-singularis-9320905.jpg,singularis
gs://bugoff-bucket1/hinton/Insecta/GenusSpecies/Otiorhynchus/singularis/Otiorhynchus-singularis-9442218.jpg,singularis
gs://bugoff-bucket1/hinton/Insecta/GenusSpecies/Otiorhynchus/sulcatus/Otiorhynchus-sulcatus-8160951.jpg,sulcatus
gs://bugoff-bucket1/hinton/Insecta/GenusSpecies/Otiorhynchus/sulcatus/Otiorhynchus-sulcatus-8374290.jpg,sulcatus
gs://bugoff-bucket1/hinton/Insecta/GenusSpecies/Otiorhynchus/sulcatus/Otiorhynchus-sulcatus-8416594.jpg,sulcatus
gs://bugoff-bucket1/hinton/Insecta/GenusSpecies/Otiorhynchus/sulcatus/Otiorhynchus-sulcatus-843850.jpg,sulcatus
gs://bugoff-bucket1/hinton/Insecta/GenusSpecies/Otiorhynchus/sulcatus/Otiorhynchus-sulcatus-8579095.jpg,sulcatus
gs://bugoff-bucket1/hinton/Insecta/GenusSpecies/Otiorhynchus/sulcatus/Otiorhynchus-sulcatus-8660456.jpg,sulcatus
gs://bugoff-bucket1/hinton/Insecta/GenusSpecies/Otiorhynchus/sulcatus/Otiorhynchus-sulcatus-8853013.jpg,sulcatus
gs://bugoff-bucket1/hinton/Insecta/GenusSpecies/Otiorhynchus/sulcatus/Otiorhynchus-sulcatus-8937458.jpg,sulcatus
gs://bugoff-bucket1/hinton/Insecta/GenusSpecies/Otiorhynchus/sulcatus/Otiorhynchus-sulcatus-897590.jpg,sulcatus
gs://bugoff-bucket1/hinton/Insecta/GenusSpecies/Otiorhynchus/sulcatus/Otiorhynchus-sulcatus-9106113.jpg,sulcatus
gs://bugoff-bucket1/hinton/Insecta/GenusSpecies/Otiorhynchus/sulcatus/Otiorhynchus-sulcatus-9114899.jpg,sulcatus
gs://bugoff-bucket1/hinton/Insecta/GenusSpecies/Otiorhynchus/sulcatus/Otiorhynchus-sulcatus-9174939.jpg,sulcatus
gs://bugoff-bucket1/hinton/Insecta/GenusSpecies/Otiorhynchus/sulcatus/Otiorhynchus-sulcatus-9196619.jpg,sulcatus
gs://bugoff-bucket1/hinton/Insecta/GenusSpecies/Otiorhynchus/sulcatus/Otiorhynchus-sulcatus-920215.jpg,sulcatus
gs://bugoff-bucket1/hinton/Insecta/GenusSpecies/Otiorhynchus/sulcatus/Otiorhynchus-sulcatus-9265518.jpg,sulcatus
gs://bugoff-bucket1/hinton/Insecta/GenusSpecies/Otiorhynchus/sulcatus/Otiorhynchus-sulcatus-9289060.jpg,sulcatus
gs://bugoff-bucket1/hinton/Insecta/GenusSpecies/Otiorhynchus/sulcatus/Otiorhynchus-sulcatus-9392749.jpg,sulcatus
gs://bugoff-bucket1/hinton/Insecta/GenusSpecies/Otiorhynchus/sulcatus/Otiorhynchus-sulcatus-9392799.jpg,sulcatus
gs://bugoff-bucket1/hinton/Insecta/GenusSpecies/Otiorhynchus/sulcatus/Otiorhynchus-sulcatus-9427553.jpg,sulcatus
gs://bugoff-bucket1/hinton/Insecta/GenusSpecies/Otiorhynchus/sulcatus/Otiorhynchus-sulcatus-9518167.jpg,sulcatus
gs://bugoff-bucket1/hinton/Insecta/GenusSpecies/Otiorhynchus/sulcatus/Otiorhynchus-sulcatus-9541196.jpg,sulcatus
gs://bugoff-bucket1/hinton/Insecta/GenusSpecies/Otiorhynchus/tenebricosus/Otiorhynchus-tenebricosus-8213733.jpg,tenebricosus
gs://bugoff-bucket1/hinton/Insecta/GenusSpecies/Pachnaeus/litus/Pachnaeus-litus-8471937.jpg,litus
gs://bugoff-bucket1/hinton/Insecta/GenusSpecies/Pachnaeus/litus/Pachnaeus-litus-8476951.jpg,litus
gs://bugoff-bucket1/hinton/Insecta/GenusSpecies/Pachnaeus/litus/Pachnaeus-litus-8477090.jpg,litus
gs://bugoff-bucket1/hinton/Insecta/GenusSpecies/Pachnaeus/litus/Pachnaeus-litus-8745064.jpg,litus
gs://bugoff-bucket1/hinton/Insecta/GenusSpecies/Pachnaeus/litus/Pachnaeus-litus-9419188.jpg,litus
gs://bugoff-bucket1/hinton/Insecta/GenusSpecies/Pachnaeus/litus/Pachnaeus-litus-9526091.jpg,litus
gs://bugoff-bucket1/hinton/Insecta/GenusSpecies/Pachylobius/picivorus/Pachylobius-picivorus-8109200.jpg,picivorus
gs://bugoff-bucket1/hinton/Insecta/GenusSpecies/Pachylobius/picivorus/Pachylobius-picivorus-8479383.jpg,picivorus
gs://bugoff-bucket1/hinton/Insecta/GenusSpecies/Pachylobius/picivorus/Pachylobius-picivorus-9211965.jpg,picivorus
gs://bugoff-bucket1/hinton/Insecta/GenusSpecies/Pachyrhinus/californicus/Pachyrhinus-californicus-819660.jpg,californicus
gs://bugoff-bucket1/hinton/Insecta/GenusSpecies/Pachyrhinus/elegans/Pachyrhinus-elegans-8285210.jpg,elegans
gs://bugoff-bucket1/hinton/Insecta/GenusSpecies/Pandeleteinus/submetallicus/Pandeleteinus-submetallicus-8172490.jpg,submetallicus
gs://bugoff-bucket1/hinton/Insecta/GenusSpecies/Pandeleteius/defectus/Pandeleteius-defectus-8574295.jpg,defectus
gs://bugoff-bucket1/hinton/Insecta/GenusSpecies/Panscopus/gemmatus/Panscopus-gemmatus-8713803.jpg,gemmatus
gs://bugoff-bucket1/hinton/Insecta/GenusSpecies/Panscopus/rugicollis/Panscopus-rugicollis-8893686.jpg,rugicollis
gs://bugoff-bucket1/hinton/Insecta/GenusSpecies/Paraptochus/variegatus/Paraptochus-variegatus-8014011.jpg,variegatus
gs://bugoff-bucket1/hinton/Insecta/GenusSpecies/Philopedon/plagiatum/Philopedon-plagiatum-8094695.jpg,plagiatum
gs://bugoff-bucket1/hinton/Insecta/GenusSpecies/Phyllobius/argentatus/Phyllobius-argentatus-8443783.jpg,argentatus
gs://bugoff-bucket1/hinton/Insecta/GenusSpecies/Phyllobius/argentatus/Phyllobius-argentatus-8445403.jpg,argentatus
gs://bugoff-bucket1/hinton/Insecta/GenusSpecies/Phyllobius/argentatus/Phyllobius-argentatus-8631350.jpg,argentatus
gs://bugoff-bucket1/hinton/Insecta/GenusSpecies/Phyllobius/argentatus/Phyllobius-argentatus-9037292.jpg,argentatus
gs://bugoff-bucket1/hinton/Insecta/GenusSpecies/Phyllobius/betulinus/Phyllobius-betulinus-8125764.jpg,betulinus
gs://bugoff-bucket1/hinton/Insecta/GenusSpecies/Phyllobius/betulinus/Phyllobius-betulinus-8571150.jpg,betulinus
gs://bugoff-bucket1/hinton/Insecta/GenusSpecies/Phyllobius/brevitarsis/Phyllobius-brevitarsis-9513736.jpg,brevitarsis
gs://bugoff-bucket1/hinton/Insecta/GenusSpecies/Phyllobius/glaucus/Phyllobius-glaucus-8300698.jpg,glaucus
gs://bugoff-bucket1/hinton/Insecta/GenusSpecies/Phyllobius/glaucus/Phyllobius-glaucus-8409558.jpg,glaucus
gs://bugoff-bucket1/hinton/Insecta/GenusSpecies/Phyllobius/intrusus/Phyllobius-intrusus-8281285.jpg,intrusus
gs://bugoff-bucket1/hinton/Insecta/GenusSpecies/Phyllobius/intrusus/Phyllobius-intrusus-8650705.jpg,intrusus
gs://bugoff-bucket1/hinton/Insecta/GenusSpecies/Phyllobius/maculicornis/Phyllobius-maculicornis-8741118.jpg,maculicornis
gs://bugoff-bucket1/hinton/Insecta/GenusSpecies/Phyllobius/oblongus/Phyllobius-oblongus-8037853.jpg,oblongus
gs://bugoff-bucket1/hinton/Insecta/GenusSpecies/Phyllobius/oblongus/Phyllobius-oblongus-8040937.jpg,oblongus
gs://bugoff-bucket1/hinton/Insecta/GenusSpecies/Phyllobius/oblongus/Phyllobius-oblongus-8055976.jpg,oblongus
gs://bugoff-bucket1/hinton/Insecta/GenusSpecies/Phyllobius/oblongus/Phyllobius-oblongus-8061875.jpg,oblongus
gs://bugoff-bucket1/hinton/Insecta/GenusSpecies/Phyllobius/oblongus/Phyllobius-oblongus-8074944.jpg,oblongus
gs://bugoff-bucket1/hinton/Insecta/GenusSpecies/Phyllobius/oblongus/Phyllobius-oblongus-8111098.jpg,oblongus
gs://bugoff-bucket1/hinton/Insecta/GenusSpecies/Phyllobius/oblongus/Phyllobius-oblongus-8171573.jpg,oblongus
gs://bugoff-bucket1/hinton/Insecta/GenusSpecies/Phyllobius/oblongus/Phyllobius-oblongus-8171574.jpg,oblongus
gs://bugoff-bucket1/hinton/Insecta/GenusSpecies/Phyllobius/oblongus/Phyllobius-oblongus-8171713.jpg,oblongus
gs://bugoff-bucket1/hinton/Insecta/GenusSpecies/Phyllobius/oblongus/Phyllobius-oblongus-8314350.jpg,oblongus
gs://bugoff-bucket1/hinton/Insecta/GenusSpecies/Phyllobius/oblongus/Phyllobius-oblongus-8330574.jpg,oblongus
gs://bugoff-bucket1/hinton/Insecta/GenusSpecies/Phyllobius/oblongus/Phyllobius-oblongus-8370110.jpg,oblongus
gs://bugoff-bucket1/hinton/Insecta/GenusSpecies/Phyllobius/oblongus/Phyllobius-oblongus-8390259.jpg,oblongus
gs://bugoff-bucket1/hinton/Insecta/GenusSpecies/Phyllobius/oblongus/Phyllobius-oblongus-8402292.jpg,oblongus
gs://bugoff-bucket1/hinton/Insecta/GenusSpecies/Phyllobius/oblongus/Phyllobius-oblongus-8405078.jpg,oblongus
gs://bugoff-bucket1/hinton/Insecta/GenusSpecies/Phyllobius/oblongus/Phyllobius-oblongus-8435635.jpg,oblongus
gs://bugoff-bucket1/hinton/Insecta/GenusSpecies/Phyllobius/oblongus/Phyllobius-oblongus-8641887.jpg,oblongus
gs://bugoff-bucket1/hinton/Insecta/GenusSpecies/Phyllobius/oblongus/Phyllobius-oblongus-8816316.jpg,oblongus
gs://bugoff-bucket1/hinton/Insecta/GenusSpecies/Phyllobius/oblongus/Phyllobius-oblongus-8827664.jpg,oblongus
gs://bugoff-bucket1/hinton/Insecta/GenusSpecies/Phyllobius/oblongus/Phyllobius-oblongus-8827686.jpg,oblongus
gs://bugoff-bucket1/hinton/Insecta/GenusSpecies/Phyllobius/oblongus/Phyllobius-oblongus-8833006.jpg,oblongus
gs://bugoff-bucket1/hinton/Insecta/GenusSpecies/Phyllobius/picipes/Phyllobius-picipes-8361945.jpg,picipes
gs://bugoff-bucket1/hinton/Insecta/GenusSpecies/Phyllobius/picipes/Phyllobius-picipes-993936.jpg,picipes
gs://bugoff-bucket1/hinton/Insecta/GenusSpecies/Phyllobius/pomaceus/Phyllobius-pomaceus-8034888.jpg,pomaceus
gs://bugoff-bucket1/hinton/Insecta/GenusSpecies/Phyllobius/pomaceus/Phyllobius-pomaceus-8142769.jpg,pomaceus
gs://bugoff-bucket1/hinton/Insecta/GenusSpecies/Phyllobius/pomaceus/Phyllobius-pomaceus-8146206.jpg,pomaceus
gs://bugoff-bucket1/hinton/Insecta/GenusSpecies/Phyllobius/pomaceus/Phyllobius-pomaceus-8146228.jpg,pomaceus
gs://bugoff-bucket1/hinton/Insecta/GenusSpecies/Phyllobius/pomaceus/Phyllobius-pomaceus-8413455.jpg,pomaceus
gs://bugoff-bucket1/hinton/Insecta/GenusSpecies/Phyllobius/pomaceus/Phyllobius-pomaceus-8416771.jpg,pomaceus
gs://bugoff-bucket1/hinton/Insecta/GenusSpecies/Phyllobius/pomaceus/Phyllobius-pomaceus-8427847.jpg,pomaceus
gs://bugoff-bucket1/hinton/Insecta/GenusSpecies/Phyllobius/pomaceus/Phyllobius-pomaceus-8445406.jpg,pomaceus
gs://bugoff-bucket1/hinton/Insecta/GenusSpecies/Phyllobius/pomaceus/Phyllobius-pomaceus-8445408.jpg,pomaceus
gs://bugoff-bucket1/hinton/Insecta/GenusSpecies/Phyllobius/pomaceus/Phyllobius-pomaceus-8504576.jpg,pomaceus
gs://bugoff-bucket1/hinton/Insecta/GenusSpecies/Phyllobius/pomaceus/Phyllobius-pomaceus-8521188.jpg,pomaceus
gs://bugoff-bucket1/hinton/Insecta/GenusSpecies/Phyllobius/pomaceus/Phyllobius-pomaceus-8521197.jpg,pomaceus
gs://bugoff-bucket1/hinton/Insecta/GenusSpecies/Phyllobius/pomaceus/Phyllobius-pomaceus-8575840.jpg,pomaceus
gs://bugoff-bucket1/hinton/Insecta/GenusSpecies/Phyllobius/pomaceus/Phyllobius-pomaceus-8636342.jpg,pomaceus
gs://bugoff-bucket1/hinton/Insecta/GenusSpecies/Phyllobius/pomaceus/Phyllobius-pomaceus-8636596.jpg,pomaceus
gs://bugoff-bucket1/hinton/Insecta/GenusSpecies/Phyllobius/pomaceus/Phyllobius-pomaceus-8686838.jpg,pomaceus
gs://bugoff-bucket1/hinton/Insecta/GenusSpecies/Phyllobius/pomaceus/Phyllobius-pomaceus-8788990.jpg,pomaceus
gs://bugoff-bucket1/hinton/Insecta/GenusSpecies/Phyllobius/pyri/Phyllobius-pyri-8040877.jpg,pyri
gs://bugoff-bucket1/hinton/Insecta/GenusSpecies/Phyllobius/pyri/Phyllobius-pyri-8238502.jpg,pyri
gs://bugoff-bucket1/hinton/Insecta/GenusSpecies/Phyllobius/pyri/Phyllobius-pyri-8408427.jpg,pyri
gs://bugoff-bucket1/hinton/Insecta/GenusSpecies/Phyllobius/pyri/Phyllobius-pyri-8408431.jpg,pyri
gs://bugoff-bucket1/hinton/Insecta/GenusSpecies/Phyllobius/pyri/Phyllobius-pyri-8680875.jpg,pyri
gs://bugoff-bucket1/hinton/Insecta/GenusSpecies/Phyllobius/pyri/Phyllobius-pyri-927030.jpg,pyri
gs://bugoff-bucket1/hinton/Insecta/GenusSpecies/Phyrdenus/divergens/Phyrdenus-divergens-8229593.jpg,divergens
gs://bugoff-bucket1/hinton/Insecta/GenusSpecies/Piazorhinus/scutellaris/Piazorhinus-scutellaris-9179484.jpg,scutellaris
gs://bugoff-bucket1/hinton/Insecta/GenusSpecies/Piazorhinus/scutellaris/Piazorhinus-scutellaris-9301963.jpg,scutellaris
gs://bugoff-bucket1/hinton/Insecta/GenusSpecies/Pissodes/striatulus/Pissodes-striatulus-8962625.jpg,striatulus
gs://bugoff-bucket1/hinton/Insecta/GenusSpecies/Pityogenes/bidentatus/Pityogenes-bidentatus-829948.jpg,bidentatus
gs://bugoff-bucket1/hinton/Insecta/GenusSpecies/Polydrusus/cervinus/Polydrusus-cervinus-8207834.jpg,cervinus
gs://bugoff-bucket1/hinton/Insecta/GenusSpecies/Polydrusus/cervinus/Polydrusus-cervinus-8278565.jpg,cervinus
gs://bugoff-bucket1/hinton/Insecta/GenusSpecies/Polydrusus/cervinus/Polydrusus-cervinus-8413435.jpg,cervinus
gs://bugoff-bucket1/hinton/Insecta/GenusSpecies/Polydrusus/cervinus/Polydrusus-cervinus-8631352.jpg,cervinus
gs://bugoff-bucket1/hinton/Insecta/GenusSpecies/Polydrusus/cervinus/Polydrusus-cervinus-8701802.jpg,cervinus
gs://bugoff-bucket1/hinton/Insecta/GenusSpecies/Polydrusus/cervinus/Polydrusus-cervinus-8722323.jpg,cervinus
gs://bugoff-bucket1/hinton/Insecta/GenusSpecies/Polydrusus/cervinus/Polydrusus-cervinus-8722514.jpg,cervinus
gs://bugoff-bucket1/hinton/Insecta/GenusSpecies/Polydrusus/cervinus/Polydrusus-cervinus-8815322.jpg,cervinus
gs://bugoff-bucket1/hinton/Insecta/GenusSpecies/Polydrusus/cervinus/Polydrusus-cervinus-8948878.jpg,cervinus
gs://bugoff-bucket1/hinton/Insecta/GenusSpecies/Polydrusus/cervinus/Polydrusus-cervinus-9158446.jpg,cervinus
gs://bugoff-bucket1/hinton/Insecta/GenusSpecies/Polydrusus/formosus/Polydrusus-formosus-8009902.jpg,formosus
gs://bugoff-bucket1/hinton/Insecta/GenusSpecies/Polydrusus/formosus/Polydrusus-formosus-8034119.jpg,formosus
gs://bugoff-bucket1/hinton/Insecta/GenusSpecies/Polydrusus/formosus/Polydrusus-formosus-8040611.jpg,formosus
gs://bugoff-bucket1/hinton/Insecta/GenusSpecies/Polydrusus/formosus/Polydrusus-formosus-8054457.jpg,formosus
gs://bugoff-bucket1/hinton/Insecta/GenusSpecies/Polydrusus/formosus/Polydrusus-formosus-8060955.jpg,formosus
gs://bugoff-bucket1/hinton/Insecta/GenusSpecies/Polydrusus/formosus/Polydrusus-formosus-8106367.jpg,formosus
gs://bugoff-bucket1/hinton/Insecta/GenusSpecies/Polydrusus/formosus/Polydrusus-formosus-8110871.jpg,formosus
gs://bugoff-bucket1/hinton/Insecta/GenusSpecies/Polydrusus/formosus/Polydrusus-formosus-8172538.jpg,formosus
gs://bugoff-bucket1/hinton/Insecta/GenusSpecies/Polydrusus/formosus/Polydrusus-formosus-8225143.jpg,formosus
gs://bugoff-bucket1/hinton/Insecta/GenusSpecies/Polydrusus/formosus/Polydrusus-formosus-8257149.jpg,formosus
gs://bugoff-bucket1/hinton/Insecta/GenusSpecies/Polydrusus/formosus/Polydrusus-formosus-8267942.jpg,formosus
gs://bugoff-bucket1/hinton/Insecta/GenusSpecies/Polydrusus/formosus/Polydrusus-formosus-8367053.jpg,formosus
gs://bugoff-bucket1/hinton/Insecta/GenusSpecies/Polydrusus/formosus/Polydrusus-formosus-8414779.jpg,formosus
gs://bugoff-bucket1/hinton/Insecta/GenusSpecies/Polydrusus/formosus/Polydrusus-formosus-8431250.jpg,formosus
gs://bugoff-bucket1/hinton/Insecta/GenusSpecies/Polydrusus/formosus/Polydrusus-formosus-8442621.jpg,formosus
gs://bugoff-bucket1/hinton/Insecta/GenusSpecies/Polydrusus/formosus/Polydrusus-formosus-8454673.jpg,formosus
gs://bugoff-bucket1/hinton/Insecta/GenusSpecies/Polydrusus/formosus/Polydrusus-formosus-8477629.jpg,formosus
gs://bugoff-bucket1/hinton/Insecta/GenusSpecies/Polydrusus/formosus/Polydrusus-formosus-8477697.jpg,formosus
gs://bugoff-bucket1/hinton/Insecta/GenusSpecies/Polydrusus/formosus/Polydrusus-formosus-8509536.jpg,formosus
gs://bugoff-bucket1/hinton/Insecta/GenusSpecies/Polydrusus/formosus/Polydrusus-formosus-8520725.jpg,formosus
gs://bugoff-bucket1/hinton/Insecta/GenusSpecies/Polydrusus/formosus/Polydrusus-formosus-8542599.jpg,formosus
gs://bugoff-bucket1/hinton/Insecta/GenusSpecies/Polydrusus/formosus/Polydrusus-formosus-8548034.jpg,formosus
gs://bugoff-bucket1/hinton/Insecta/GenusSpecies/Polydrusus/formosus/Polydrusus-formosus-8548201.jpg,formosus
gs://bugoff-bucket1/hinton/Insecta/GenusSpecies/Polydrusus/formosus/Polydrusus-formosus-8557340.jpg,formosus
gs://bugoff-bucket1/hinton/Insecta/GenusSpecies/Polydrusus/formosus/Polydrusus-formosus-8613428.jpg,formosus
gs://bugoff-bucket1/hinton/Insecta/GenusSpecies/Polydrusus/formosus/Polydrusus-formosus-8720173.jpg,formosus
gs://bugoff-bucket1/hinton/Insecta/GenusSpecies/Polydrusus/formosus/Polydrusus-formosus-8728576.jpg,formosus
gs://bugoff-bucket1/hinton/Insecta/GenusSpecies/Polydrusus/formosus/Polydrusus-formosus-8757041.jpg,formosus
gs://bugoff-bucket1/hinton/Insecta/GenusSpecies/Polydrusus/formosus/Polydrusus-formosus-8762151.jpg,formosus
gs://bugoff-bucket1/hinton/Insecta/GenusSpecies/Polydrusus/formosus/Polydrusus-formosus-8796795.jpg,formosus
gs://bugoff-bucket1/hinton/Insecta/GenusSpecies/Polydrusus/formosus/Polydrusus-formosus-8802532.jpg,formosus
gs://bugoff-bucket1/hinton/Insecta/GenusSpecies/Polydrusus/formosus/Polydrusus-formosus-8816371.jpg,formosus
gs://bugoff-bucket1/hinton/Insecta/GenusSpecies/Polydrusus/formosus/Polydrusus-formosus-8819462.jpg,formosus
gs://bugoff-bucket1/hinton/Insecta/GenusSpecies/Polydrusus/formosus/Polydrusus-formosus-8824036.jpg,formosus
gs://bugoff-bucket1/hinton/Insecta/GenusSpecies/Polydrusus/formosus/Polydrusus-formosus-8842037.jpg,formosus
gs://bugoff-bucket1/hinton/Insecta/GenusSpecies/Polydrusus/formosus/Polydrusus-formosus-8852006.jpg,formosus
gs://bugoff-bucket1/hinton/Insecta/GenusSpecies/Polydrusus/formosus/Polydrusus-formosus-8857989.jpg,formosus
gs://bugoff-bucket1/hinton/Insecta/GenusSpecies/Polydrusus/formosus/Polydrusus-formosus-8887396.jpg,formosus
gs://bugoff-bucket1/hinton/Insecta/GenusSpecies/Polydrusus/formosus/Polydrusus-formosus-8895569.jpg,formosus
gs://bugoff-bucket1/hinton/Insecta/GenusSpecies/Polydrusus/formosus/Polydrusus-formosus-8933752.jpg,formosus
gs://bugoff-bucket1/hinton/Insecta/GenusSpecies/Polydrusus/formosus/Polydrusus-formosus-8945439.jpg,formosus
gs://bugoff-bucket1/hinton/Insecta/GenusSpecies/Polydrusus/formosus/Polydrusus-formosus-8990806.jpg,formosus
gs://bugoff-bucket1/hinton/Insecta/GenusSpecies/Polydrusus/formosus/Polydrusus-formosus-8991532.jpg,formosus
gs://bugoff-bucket1/hinton/Insecta/GenusSpecies/Polydrusus/formosus/Polydrusus-formosus-8994606.jpg,formosus
gs://bugoff-bucket1/hinton/Insecta/GenusSpecies/Polydrusus/formosus/Polydrusus-formosus-9005813.jpg,formosus
gs://bugoff-bucket1/hinton/Insecta/GenusSpecies/Polydrusus/formosus/Polydrusus-formosus-9020621.jpg,formosus
gs://bugoff-bucket1/hinton/Insecta/GenusSpecies/Polydrusus/formosus/Polydrusus-formosus-9106283.jpg,formosus
gs://bugoff-bucket1/hinton/Insecta/GenusSpecies/Polydrusus/formosus/Polydrusus-formosus-9163541.jpg,formosus
gs://bugoff-bucket1/hinton/Insecta/GenusSpecies/Polydrusus/formosus/Polydrusus-formosus-9200853.jpg,formosus
gs://bugoff-bucket1/hinton/Insecta/GenusSpecies/Polydrusus/formosus/Polydrusus-formosus-9316119.jpg,formosus
gs://bugoff-bucket1/hinton/Insecta/GenusSpecies/Polydrusus/formosus/Polydrusus-formosus-9336553.jpg,formosus
gs://bugoff-bucket1/hinton/Insecta/GenusSpecies/Polydrusus/formosus/Polydrusus-formosus-9348905.jpg,formosus
gs://bugoff-bucket1/hinton/Insecta/GenusSpecies/Polydrusus/formosus/Polydrusus-formosus-9365070.jpg,formosus
gs://bugoff-bucket1/hinton/Insecta/GenusSpecies/Polydrusus/formosus/Polydrusus-formosus-9377386.jpg,formosus
gs://bugoff-bucket1/hinton/Insecta/GenusSpecies/Polydrusus/formosus/Polydrusus-formosus-9455790.jpg,formosus
gs://bugoff-bucket1/hinton/Insecta/GenusSpecies/Polydrusus/formosus/Polydrusus-formosus-9472454.jpg,formosus
gs://bugoff-bucket1/hinton/Insecta/GenusSpecies/Polydrusus/formosus/Polydrusus-formosus-9483502.jpg,formosus
gs://bugoff-bucket1/hinton/Insecta/GenusSpecies/Polydrusus/formosus/Polydrusus-formosus-9574833.jpg,formosus
gs://bugoff-bucket1/hinton/Insecta/GenusSpecies/Polydrusus/formosus/Polydrusus-formosus-9578791.jpg,formosus
gs://bugoff-bucket1/hinton/Insecta/GenusSpecies/Polydrusus/impar/Polydrusus-impar-8502660.jpg,impar
gs://bugoff-bucket1/hinton/Insecta/GenusSpecies/Polydrusus/impressifrons/Polydrusus-impressifrons-8025176.jpg,impressifrons
gs://bugoff-bucket1/hinton/Insecta/GenusSpecies/Polydrusus/impressifrons/Polydrusus-impressifrons-8057102.jpg,impressifrons
gs://bugoff-bucket1/hinton/Insecta/GenusSpecies/Polydrusus/impressifrons/Polydrusus-impressifrons-8207582.jpg,impressifrons
gs://bugoff-bucket1/hinton/Insecta/GenusSpecies/Polydrusus/impressifrons/Polydrusus-impressifrons-8533105.jpg,impressifrons
gs://bugoff-bucket1/hinton/Insecta/GenusSpecies/Polydrusus/impressifrons/Polydrusus-impressifrons-8554834.jpg,impressifrons
gs://bugoff-bucket1/hinton/Insecta/GenusSpecies/Polydrusus/impressifrons/Polydrusus-impressifrons-8932399.jpg,impressifrons
gs://bugoff-bucket1/hinton/Insecta/GenusSpecies/Polydrusus/impressifrons/Polydrusus-impressifrons-8987072.jpg,impressifrons
gs://bugoff-bucket1/hinton/Insecta/GenusSpecies/Polydrusus/impressifrons/Polydrusus-impressifrons-9014800.jpg,impressifrons
gs://bugoff-bucket1/hinton/Insecta/GenusSpecies/Polydrusus/impressifrons/Polydrusus-impressifrons-9060557.jpg,impressifrons
gs://bugoff-bucket1/hinton/Insecta/GenusSpecies/Polydrusus/impressifrons/Polydrusus-impressifrons-9517667.jpg,impressifrons
gs://bugoff-bucket1/hinton/Insecta/GenusSpecies/Polydrusus/impressifrons/Polydrusus-impressifrons-9576390.jpg,impressifrons
gs://bugoff-bucket1/hinton/Insecta/GenusSpecies/Polydrusus/mollis/Polydrusus-mollis-807144.jpg,mollis
gs://bugoff-bucket1/hinton/Insecta/GenusSpecies/Polydrusus/mollis/Polydrusus-mollis-8409559.jpg,mollis
gs://bugoff-bucket1/hinton/Insecta/GenusSpecies/Polydrusus/sericeus/Polydrusus-sericeus-800696.jpg,sericeus
gs://bugoff-bucket1/hinton/Insecta/GenusSpecies/Polydrusus/sericeus/Polydrusus-sericeus-954037.jpg,sericeus
gs://bugoff-bucket1/hinton/Insecta/GenusSpecies/Pselactus/spadix/Pselactus-spadix-8838774.jpg,spadix
gs://bugoff-bucket1/hinton/Insecta/GenusSpecies/Pseudocneorhinus/bifasciatus/Pseudocneorhinus-bifasciatus-8596671.jpg,bifasciatus
gs://bugoff-bucket1/hinton/Insecta/GenusSpecies/Pseudocneorhinus/bifasciatus/Pseudocneorhinus-bifasciatus-8950580.jpg,bifasciatus
gs://bugoff-bucket1/hinton/Insecta/GenusSpecies/Pseudocneorhinus/bifasciatus/Pseudocneorhinus-bifasciatus-8979119.jpg,bifasciatus
gs://bugoff-bucket1/hinton/Insecta/GenusSpecies/Pseudocneorhinus/bifasciatus/Pseudocneorhinus-bifasciatus-9029986.jpg,bifasciatus
gs://bugoff-bucket1/hinton/Insecta/GenusSpecies/Pseudocneorhinus/bifasciatus/Pseudocneorhinus-bifasciatus-9059613.jpg,bifasciatus
gs://bugoff-bucket1/hinton/Insecta/GenusSpecies/Pseudocneorhinus/bifasciatus/Pseudocneorhinus-bifasciatus-9122968.jpg,bifasciatus
gs://bugoff-bucket1/hinton/Insecta/GenusSpecies/Pseudocneorhinus/bifasciatus/Pseudocneorhinus-bifasciatus-9165290.jpg,bifasciatus
gs://bugoff-bucket1/hinton/Insecta/GenusSpecies/Pseudocneorhinus/bifasciatus/Pseudocneorhinus-bifasciatus-9292097.jpg,bifasciatus
gs://bugoff-bucket1/hinton/Insecta/GenusSpecies/Pseudocneorhinus/bifasciatus/Pseudocneorhinus-bifasciatus-9426501.jpg,bifasciatus
gs://bugoff-bucket1/hinton/Insecta/GenusSpecies/Pseudoedophrys/hilleri/Pseudoedophrys-hilleri-8048637.jpg,hilleri
gs://bugoff-bucket1/hinton/Insecta/GenusSpecies/Pseudoedophrys/hilleri/Pseudoedophrys-hilleri-8906662.jpg,hilleri
gs://bugoff-bucket1/hinton/Insecta/GenusSpecies/Pseudoedophrys/hilleri/Pseudoedophrys-hilleri-9124010.jpg,hilleri
gs://bugoff-bucket1/hinton/Insecta/GenusSpecies/Rhinocyllus/conicus/Rhinocyllus-conicus-8002706.jpg,conicus
gs://bugoff-bucket1/hinton/Insecta/GenusSpecies/Rhinocyllus/conicus/Rhinocyllus-conicus-8023293.jpg,conicus
gs://bugoff-bucket1/hinton/Insecta/GenusSpecies/Rhinocyllus/conicus/Rhinocyllus-conicus-8104509.jpg,conicus
gs://bugoff-bucket1/hinton/Insecta/GenusSpecies/Rhinocyllus/conicus/Rhinocyllus-conicus-8105428.jpg,conicus
gs://bugoff-bucket1/hinton/Insecta/GenusSpecies/Rhinocyllus/conicus/Rhinocyllus-conicus-819682.jpg,conicus
gs://bugoff-bucket1/hinton/Insecta/GenusSpecies/Rhinocyllus/conicus/Rhinocyllus-conicus-8222057.jpg,conicus
gs://bugoff-bucket1/hinton/Insecta/GenusSpecies/Rhinocyllus/conicus/Rhinocyllus-conicus-8299383.jpg,conicus
gs://bugoff-bucket1/hinton/Insecta/GenusSpecies/Rhinocyllus/conicus/Rhinocyllus-conicus-8336355.jpg,conicus
gs://bugoff-bucket1/hinton/Insecta/GenusSpecies/Rhinocyllus/conicus/Rhinocyllus-conicus-8426313.jpg,conicus
gs://bugoff-bucket1/hinton/Insecta/GenusSpecies/Rhinocyllus/conicus/Rhinocyllus-conicus-8494919.jpg,conicus
gs://bugoff-bucket1/hinton/Insecta/GenusSpecies/Rhinocyllus/conicus/Rhinocyllus-conicus-8578424.jpg,conicus
gs://bugoff-bucket1/hinton/Insecta/GenusSpecies/Rhinocyllus/conicus/Rhinocyllus-conicus-8612178.jpg,conicus
gs://bugoff-bucket1/hinton/Insecta/GenusSpecies/Rhinocyllus/conicus/Rhinocyllus-conicus-869235.jpg,conicus
gs://bugoff-bucket1/hinton/Insecta/GenusSpecies/Rhinocyllus/conicus/Rhinocyllus-conicus-8792707.jpg,conicus
gs://bugoff-bucket1/hinton/Insecta/GenusSpecies/Rhinoncomimus/latipes/Rhinoncomimus-latipes-8435250.jpg,latipes
gs://bugoff-bucket1/hinton/Insecta/GenusSpecies/Rhinoncomimus/latipes/Rhinoncomimus-latipes-952848.jpg,latipes
gs://bugoff-bucket1/hinton/Insecta/GenusSpecies/Rhinoncus/longulus/Rhinoncus-longulus-8513752.jpg,longulus
gs://bugoff-bucket1/hinton/Insecta/GenusSpecies/Rhinusa/tetra/Rhinusa-tetra-8145635.jpg,tetra
gs://bugoff-bucket1/hinton/Insecta/GenusSpecies/Rhinusa/tetra/Rhinusa-tetra-8379200.jpg,tetra
gs://bugoff-bucket1/hinton/Insecta/GenusSpecies/Rhinusa/tetra/Rhinusa-tetra-8409060.jpg,tetra
gs://bugoff-bucket1/hinton/Insecta/GenusSpecies/Rhinusa/tetra/Rhinusa-tetra-8470701.jpg,tetra
gs://bugoff-bucket1/hinton/Insecta/GenusSpecies/Rhinusa/tetra/Rhinusa-tetra-8750807.jpg,tetra
gs://bugoff-bucket1/hinton/Insecta/GenusSpecies/Rhinusa/tetra/Rhinusa-tetra-9026230.jpg,tetra
gs://bugoff-bucket1/hinton/Insecta/GenusSpecies/Rhinusa/tetra/Rhinusa-tetra-9352437.jpg,tetra
gs://bugoff-bucket1/hinton/Insecta/GenusSpecies/Rhodobaenus/leucographus/Rhodobaenus-leucographus-8642366.jpg,leucographus
gs://bugoff-bucket1/hinton/Insecta/GenusSpecies/Rhodobaenus/quinquepunctatus/Rhodobaenus-quinquepunctatus-8201900.jpg,quinquepunctatus
gs://bugoff-bucket1/hinton/Insecta/GenusSpecies/Rhodobaenus/quinquepunctatus/Rhodobaenus-quinquepunctatus-8207435.jpg,quinquepunctatus
gs://bugoff-bucket1/hinton/Insecta/GenusSpecies/Rhodobaenus/quinquepunctatus/Rhodobaenus-quinquepunctatus-8223868.jpg,quinquepunctatus
gs://bugoff-bucket1/hinton/Insecta/GenusSpecies/Rhodobaenus/quinquepunctatus/Rhodobaenus-quinquepunctatus-8307982.jpg,quinquepunctatus
gs://bugoff-bucket1/hinton/Insecta/GenusSpecies/Rhodobaenus/quinquepunctatus/Rhodobaenus-quinquepunctatus-8322539.jpg,quinquepunctatus
gs://bugoff-bucket1/hinton/Insecta/GenusSpecies/Rhodobaenus/quinquepunctatus/Rhodobaenus-quinquepunctatus-8439431.jpg,quinquepunctatus
gs://bugoff-bucket1/hinton/Insecta/GenusSpecies/Rhodobaenus/quinquepunctatus/Rhodobaenus-quinquepunctatus-8472105.jpg,quinquepunctatus
gs://bugoff-bucket1/hinton/Insecta/GenusSpecies/Rhodobaenus/quinquepunctatus/Rhodobaenus-quinquepunctatus-8525564.jpg,quinquepunctatus
gs://bugoff-bucket1/hinton/Insecta/GenusSpecies/Rhodobaenus/quinquepunctatus/Rhodobaenus-quinquepunctatus-8547571.jpg,quinquepunctatus
gs://bugoff-bucket1/hinton/Insecta/GenusSpecies/Rhodobaenus/quinquepunctatus/Rhodobaenus-quinquepunctatus-8554280.jpg,quinquepunctatus
gs://bugoff-bucket1/hinton/Insecta/GenusSpecies/Rhodobaenus/quinquepunctatus/Rhodobaenus-quinquepunctatus-8586311.jpg,quinquepunctatus
gs://bugoff-bucket1/hinton/Insecta/GenusSpecies/Rhodobaenus/quinquepunctatus/Rhodobaenus-quinquepunctatus-8627630.jpg,quinquepunctatus
gs://bugoff-bucket1/hinton/Insecta/GenusSpecies/Rhodobaenus/quinquepunctatus/Rhodobaenus-quinquepunctatus-8654597.jpg,quinquepunctatus
gs://bugoff-bucket1/hinton/Insecta/GenusSpecies/Rhodobaenus/quinquepunctatus/Rhodobaenus-quinquepunctatus-8824853.jpg,quinquepunctatus
gs://bugoff-bucket1/hinton/Insecta/GenusSpecies/Rhodobaenus/quinquepunctatus/Rhodobaenus-quinquepunctatus-8841237.jpg,quinquepunctatus
gs://bugoff-bucket1/hinton/Insecta/GenusSpecies/Rhodobaenus/quinquepunctatus/Rhodobaenus-quinquepunctatus-8863626.jpg,quinquepunctatus
gs://bugoff-bucket1/hinton/Insecta/GenusSpecies/Rhodobaenus/quinquepunctatus/Rhodobaenus-quinquepunctatus-8881796.jpg,quinquepunctatus
gs://bugoff-bucket1/hinton/Insecta/GenusSpecies/Rhodobaenus/quinquepunctatus/Rhodobaenus-quinquepunctatus-898663.jpg,quinquepunctatus
gs://bugoff-bucket1/hinton/Insecta/GenusSpecies/Rhodobaenus/quinquepunctatus/Rhodobaenus-quinquepunctatus-9090793.jpg,quinquepunctatus
gs://bugoff-bucket1/hinton/Insecta/GenusSpecies/Rhodobaenus/quinquepunctatus/Rhodobaenus-quinquepunctatus-9119610.jpg,quinquepunctatus
gs://bugoff-bucket1/hinton/Insecta/GenusSpecies/Rhodobaenus/quinquepunctatus/Rhodobaenus-quinquepunctatus-9295524.jpg,quinquepunctatus
gs://bugoff-bucket1/hinton/Insecta/GenusSpecies/Rhodobaenus/quinquepunctatus/Rhodobaenus-quinquepunctatus-9300103.jpg,quinquepunctatus
gs://bugoff-bucket1/hinton/Insecta/GenusSpecies/Rhodobaenus/quinquepunctatus/Rhodobaenus-quinquepunctatus-9510179.jpg,quinquepunctatus
gs://bugoff-bucket1/hinton/Insecta/GenusSpecies/Rhodobaenus/quinquepunctatus/Rhodobaenus-quinquepunctatus-9661274.jpg,quinquepunctatus
gs://bugoff-bucket1/hinton/Insecta/GenusSpecies/Rhodobaenus/quinquepunctatus/Rhodobaenus-quinquepunctatus-997928.jpg,quinquepunctatus
gs://bugoff-bucket1/hinton/Insecta/GenusSpecies/Rhodobaenus/sanguineus/Rhodobaenus-sanguineus-8614149.jpg,sanguineus
gs://bugoff-bucket1/hinton/Insecta/GenusSpecies/Rhodobaenus/sanguineus/Rhodobaenus-sanguineus-9171004.jpg,sanguineus
gs://bugoff-bucket1/hinton/Insecta/GenusSpecies/Rhodobaenus/sanguineus/Rhodobaenus-sanguineus-9531574.jpg,sanguineus
gs://bugoff-bucket1/hinton/Insecta/GenusSpecies/Rhodobaenus/tredecimpunctatus/Rhodobaenus-tredecimpunctatus-8184093.jpg,tredecimpunctatus
gs://bugoff-bucket1/hinton/Insecta/GenusSpecies/Rhodobaenus/tredecimpunctatus/Rhodobaenus-tredecimpunctatus-8215040.jpg,tredecimpunctatus
gs://bugoff-bucket1/hinton/Insecta/GenusSpecies/Rhodobaenus/tredecimpunctatus/Rhodobaenus-tredecimpunctatus-8242070.jpg,tredecimpunctatus
gs://bugoff-bucket1/hinton/Insecta/GenusSpecies/Rhodobaenus/tredecimpunctatus/Rhodobaenus-tredecimpunctatus-8334654.jpg,tredecimpunctatus
gs://bugoff-bucket1/hinton/Insecta/GenusSpecies/Rhodobaenus/tredecimpunctatus/Rhodobaenus-tredecimpunctatus-8405492.jpg,tredecimpunctatus
gs://bugoff-bucket1/hinton/Insecta/GenusSpecies/Rhodobaenus/tredecimpunctatus/Rhodobaenus-tredecimpunctatus-8431141.jpg,tredecimpunctatus
gs://bugoff-bucket1/hinton/Insecta/GenusSpecies/Rhodobaenus/tredecimpunctatus/Rhodobaenus-tredecimpunctatus-8918941.jpg,tredecimpunctatus
gs://bugoff-bucket1/hinton/Insecta/GenusSpecies/Rhodobaenus/tredecimpunctatus/Rhodobaenus-tredecimpunctatus-9119911.jpg,tredecimpunctatus
gs://bugoff-bucket1/hinton/Insecta/GenusSpecies/Rhodobaenus/tredecimpunctatus/Rhodobaenus-tredecimpunctatus-990708.jpg,tredecimpunctatus
gs://bugoff-bucket1/hinton/Insecta/GenusSpecies/Rhynchophorus/cruentatus/Rhynchophorus-cruentatus-8571826.jpg,cruentatus
gs://bugoff-bucket1/hinton/Insecta/GenusSpecies/Rhynchophorus/ferrugineus/Rhynchophorus-ferrugineus-8029855.jpg,ferrugineus
gs://bugoff-bucket1/hinton/Insecta/GenusSpecies/Rhynchophorus/ferrugineus/Rhynchophorus-ferrugineus-8122148.jpg,ferrugineus
gs://bugoff-bucket1/hinton/Insecta/GenusSpecies/Rhynchophorus/ferrugineus/Rhynchophorus-ferrugineus-8372737.jpg,ferrugineus
gs://bugoff-bucket1/hinton/Insecta/GenusSpecies/Rhynchophorus/ferrugineus/Rhynchophorus-ferrugineus-8409788.jpg,ferrugineus
gs://bugoff-bucket1/hinton/Insecta/GenusSpecies/Rhynchophorus/ferrugineus/Rhynchophorus-ferrugineus-8589882.jpg,ferrugineus
gs://bugoff-bucket1/hinton/Insecta/GenusSpecies/Rhynchophorus/ferrugineus/Rhynchophorus-ferrugineus-8703472.jpg,ferrugineus
gs://bugoff-bucket1/hinton/Insecta/GenusSpecies/Rhynchophorus/ferrugineus/Rhynchophorus-ferrugineus-9240854.jpg,ferrugineus
gs://bugoff-bucket1/hinton/Insecta/GenusSpecies/Rhynchophorus/ferrugineus/Rhynchophorus-ferrugineus-9240860.jpg,ferrugineus
gs://bugoff-bucket1/hinton/Insecta/GenusSpecies/Rhynchophorus/ferrugineus/Rhynchophorus-ferrugineus-9433147.jpg,ferrugineus
gs://bugoff-bucket1/hinton/Insecta/GenusSpecies/Rhynchophorus/ferrugineus/Rhynchophorus-ferrugineus-9479404.jpg,ferrugineus
gs://bugoff-bucket1/hinton/Insecta/GenusSpecies/Rhynchophorus/ferrugineus/Rhynchophorus-ferrugineus-9595775.jpg,ferrugineus
gs://bugoff-bucket1/hinton/Insecta/GenusSpecies/Rhynchophorus/palmarum/Rhynchophorus-palmarum-8425756.jpg,palmarum
gs://bugoff-bucket1/hinton/Insecta/GenusSpecies/Rhynchophorus/palmarum/Rhynchophorus-palmarum-8588598.jpg,palmarum
gs://bugoff-bucket1/hinton/Insecta/GenusSpecies/Rhynchophorus/palmarum/Rhynchophorus-palmarum-8588718.jpg,palmarum
gs://bugoff-bucket1/hinton/Insecta/GenusSpecies/Rhyssomatus/lineaticollis/Rhyssomatus-lineaticollis-8057734.jpg,lineaticollis
gs://bugoff-bucket1/hinton/Insecta/GenusSpecies/Rhyssomatus/lineaticollis/Rhyssomatus-lineaticollis-8641704.jpg,lineaticollis
gs://bugoff-bucket1/hinton/Insecta/GenusSpecies/Rhyssomatus/lineaticollis/Rhyssomatus-lineaticollis-8739707.jpg,lineaticollis
gs://bugoff-bucket1/hinton/Insecta/GenusSpecies/Rhyssomatus/lineaticollis/Rhyssomatus-lineaticollis-8801832.jpg,lineaticollis
gs://bugoff-bucket1/hinton/Insecta/GenusSpecies/Rhyssomatus/lineaticollis/Rhyssomatus-lineaticollis-8969264.jpg,lineaticollis
gs://bugoff-bucket1/hinton/Insecta/GenusSpecies/Rhyssomatus/lineaticollis/Rhyssomatus-lineaticollis-9247795.jpg,lineaticollis
gs://bugoff-bucket1/hinton/Insecta/GenusSpecies/Rhyssomatus/lineaticollis/Rhyssomatus-lineaticollis-9286151.jpg,lineaticollis
gs://bugoff-bucket1/hinton/Insecta/GenusSpecies/Rhyssomatus/lineaticollis/Rhyssomatus-lineaticollis-9292787.jpg,lineaticollis
gs://bugoff-bucket1/hinton/Insecta/GenusSpecies/Rhyssomatus/lineaticollis/Rhyssomatus-lineaticollis-9320547.jpg,lineaticollis
gs://bugoff-bucket1/hinton/Insecta/GenusSpecies/Sciaphilus/asperatus/Sciaphilus-asperatus-8055424.jpg,asperatus
gs://bugoff-bucket1/hinton/Insecta/GenusSpecies/Sciaphilus/asperatus/Sciaphilus-asperatus-8141934.jpg,asperatus
gs://bugoff-bucket1/hinton/Insecta/GenusSpecies/Sciaphilus/asperatus/Sciaphilus-asperatus-8171728.jpg,asperatus
gs://bugoff-bucket1/hinton/Insecta/GenusSpecies/Sciaphilus/asperatus/Sciaphilus-asperatus-8442297.jpg,asperatus
gs://bugoff-bucket1/hinton/Insecta/GenusSpecies/Sciaphilus/asperatus/Sciaphilus-asperatus-8531799.jpg,asperatus
gs://bugoff-bucket1/hinton/Insecta/GenusSpecies/Sciaphilus/asperatus/Sciaphilus-asperatus-8743176.jpg,asperatus
gs://bugoff-bucket1/hinton/Insecta/GenusSpecies/Sciaphilus/asperatus/Sciaphilus-asperatus-8795518.jpg,asperatus
gs://bugoff-bucket1/hinton/Insecta/GenusSpecies/Sciaphilus/asperatus/Sciaphilus-asperatus-9330044.jpg,asperatus
gs://bugoff-bucket1/hinton/Insecta/GenusSpecies/Sciaphilus/asperatus/Sciaphilus-asperatus-9425078.jpg,asperatus
gs://bugoff-bucket1/hinton/Insecta/GenusSpecies/Sciopithes/obscurus/Sciopithes-obscurus-8590147.jpg,obscurus
gs://bugoff-bucket1/hinton/Insecta/GenusSpecies/Scolytus/multistriatus/Scolytus-multistriatus-8263555.jpg,multistriatus
gs://bugoff-bucket1/hinton/Insecta/GenusSpecies/Scolytus/multistriatus/Scolytus-multistriatus-8742140.jpg,multistriatus
gs://bugoff-bucket1/hinton/Insecta/GenusSpecies/Scolytus/ratzeburgi/Scolytus-ratzeburgi-8543461.jpg,ratzeburgi
gs://bugoff-bucket1/hinton/Insecta/GenusSpecies/Scyphophorus/acupunctatus/Scyphophorus-acupunctatus-8817911.jpg,acupunctatus
gs://bugoff-bucket1/hinton/Insecta/GenusSpecies/Scyphophorus/yuccae/Scyphophorus-yuccae-8610429.jpg,yuccae
gs://bugoff-bucket1/hinton/Insecta/GenusSpecies/Scyphophorus/yuccae/Scyphophorus-yuccae-8677908.jpg,yuccae
gs://bugoff-bucket1/hinton/Insecta/GenusSpecies/Scyphophorus/yuccae/Scyphophorus-yuccae-9300130.jpg,yuccae
gs://bugoff-bucket1/hinton/Insecta/GenusSpecies/Sibinia/viscariae/Sibinia-viscariae-8523496.jpg,viscariae
gs://bugoff-bucket1/hinton/Insecta/GenusSpecies/Sitona/hispidulus/Sitona-hispidulus-8361376.jpg,hispidulus
gs://bugoff-bucket1/hinton/Insecta/GenusSpecies/Sitona/hispidulus/Sitona-hispidulus-8524436.jpg,hispidulus
gs://bugoff-bucket1/hinton/Insecta/GenusSpecies/Sitona/hispidulus/Sitona-hispidulus-8598591.jpg,hispidulus
gs://bugoff-bucket1/hinton/Insecta/GenusSpecies/Sitona/humeralis/Sitona-humeralis-8050697.jpg,humeralis
gs://bugoff-bucket1/hinton/Insecta/GenusSpecies/Sitona/lineatus/Sitona-lineatus-9087663.jpg,lineatus
gs://bugoff-bucket1/hinton/Insecta/GenusSpecies/Sitona/lineatus/Sitona-lineatus-9109036.jpg,lineatus
gs://bugoff-bucket1/hinton/Insecta/GenusSpecies/Sitona/lineatus/Sitona-lineatus-9126113.jpg,lineatus
gs://bugoff-bucket1/hinton/Insecta/GenusSpecies/Sitona/lineatus/Sitona-lineatus-9385539.jpg,lineatus
gs://bugoff-bucket1/hinton/Insecta/GenusSpecies/Sitona/lineatus/Sitona-lineatus-9652501.jpg,lineatus
gs://bugoff-bucket1/hinton/Insecta/GenusSpecies/Sitophilus/granarius/Sitophilus-granarius-857854.jpg,granarius
gs://bugoff-bucket1/hinton/Insecta/GenusSpecies/Sitophilus/linearis/Sitophilus-linearis-9041069.jpg,linearis
gs://bugoff-bucket1/hinton/Insecta/GenusSpecies/Sitophilus/linearis/Sitophilus-linearis-9042280.jpg,linearis
gs://bugoff-bucket1/hinton/Insecta/GenusSpecies/Sitophilus/oryzae/Sitophilus-oryzae-8370176.jpg,oryzae
gs://bugoff-bucket1/hinton/Insecta/GenusSpecies/Sitophilus/zeamais/Sitophilus-zeamais-8889139.jpg,zeamais
gs://bugoff-bucket1/hinton/Insecta/GenusSpecies/Smicronyx/fulvus/Smicronyx-fulvus-8735317.jpg,fulvus
gs://bugoff-bucket1/hinton/Insecta/GenusSpecies/Sphenophorus/aequalis/Sphenophorus-aequalis-9274001.jpg,aequalis
gs://bugoff-bucket1/hinton/Insecta/GenusSpecies/Sphenophorus/aequalis/Sphenophorus-aequalis-9432503.jpg,aequalis
gs://bugoff-bucket1/hinton/Insecta/GenusSpecies/Sphenophorus/brunnipennis/Sphenophorus-brunnipennis-8681309.jpg,brunnipennis
gs://bugoff-bucket1/hinton/Insecta/GenusSpecies/Sphenophorus/callosus/Sphenophorus-callosus-8100991.jpg,callosus
gs://bugoff-bucket1/hinton/Insecta/GenusSpecies/Sphenophorus/coesifrons/Sphenophorus-coesifrons-8198219.jpg,coesifrons
gs://bugoff-bucket1/hinton/Insecta/GenusSpecies/Sphenophorus/coesifrons/Sphenophorus-coesifrons-8199256.jpg,coesifrons
gs://bugoff-bucket1/hinton/Insecta/GenusSpecies/Sphenophorus/costipennis/Sphenophorus-costipennis-8361009.jpg,costipennis
gs://bugoff-bucket1/hinton/Insecta/GenusSpecies/Sphenophorus/costipennis/Sphenophorus-costipennis-8865635.jpg,costipennis
gs://bugoff-bucket1/hinton/Insecta/GenusSpecies/Sphenophorus/gentilis/Sphenophorus-gentilis-986965.jpg,gentilis
gs://bugoff-bucket1/hinton/Insecta/GenusSpecies/Sphenophorus/venatus/Sphenophorus-venatus-8005270.jpg,venatus
gs://bugoff-bucket1/hinton/Insecta/GenusSpecies/Sphenophorus/venatus/Sphenophorus-venatus-8364194.jpg,venatus
gs://bugoff-bucket1/hinton/Insecta/GenusSpecies/Sphenophorus/venatus/Sphenophorus-venatus-8466668.jpg,venatus
gs://bugoff-bucket1/hinton/Insecta/GenusSpecies/Sphenophorus/venatus/Sphenophorus-venatus-8610715.jpg,venatus
gs://bugoff-bucket1/hinton/Insecta/GenusSpecies/Sphenophorus/venatus/Sphenophorus-venatus-8896198.jpg,venatus
gs://bugoff-bucket1/hinton/Insecta/GenusSpecies/Stenoscelis/brevis/Stenoscelis-brevis-8315163.jpg,brevis
gs://bugoff-bucket1/hinton/Insecta/GenusSpecies/Steremnius/carinatus/Steremnius-carinatus-8512968.jpg,carinatus
gs://bugoff-bucket1/hinton/Insecta/GenusSpecies/Strophosoma/melanogrammum/Strophosoma-melanogrammum-8360988.jpg,melanogrammum
gs://bugoff-bucket1/hinton/Insecta/GenusSpecies/Strophosoma/melanogrammum/Strophosoma-melanogrammum-8385242.jpg,melanogrammum
gs://bugoff-bucket1/hinton/Insecta/GenusSpecies/Strophosoma/melanogrammum/Strophosoma-melanogrammum-8411879.jpg,melanogrammum
gs://bugoff-bucket1/hinton/Insecta/GenusSpecies/Strophosoma/melanogrammum/Strophosoma-melanogrammum-8445398.jpg,melanogrammum
gs://bugoff-bucket1/hinton/Insecta/GenusSpecies/Strophosoma/melanogrammum/Strophosoma-melanogrammum-8722508.jpg,melanogrammum
gs://bugoff-bucket1/hinton/Insecta/GenusSpecies/Strophosoma/melanogrammum/Strophosoma-melanogrammum-8764629.jpg,melanogrammum
gs://bugoff-bucket1/hinton/Insecta/GenusSpecies/Strophosoma/melanogrammum/Strophosoma-melanogrammum-9359784.jpg,melanogrammum
gs://bugoff-bucket1/hinton/Insecta/GenusSpecies/Tachyerges/stigma/Tachyerges-stigma-8706488.jpg,stigma
gs://bugoff-bucket1/hinton/Insecta/GenusSpecies/Thricolepis/inornata/Thricolepis-inornata-8208377.jpg,inornata
gs://bugoff-bucket1/hinton/Insecta/GenusSpecies/Tomicus/piniperda/Tomicus-piniperda-8880454.jpg,piniperda
gs://bugoff-bucket1/hinton/Insecta/GenusSpecies/Tomicus/piniperda/Tomicus-piniperda-8957046.jpg,piniperda
gs://bugoff-bucket1/hinton/Insecta/GenusSpecies/Trachyphloeus/aristatus/Trachyphloeus-aristatus-8730077.jpg,aristatus
gs://bugoff-bucket1/hinton/Insecta/GenusSpecies/Trachyphloeus/bifoveolatus/Trachyphloeus-bifoveolatus-8661605.jpg,bifoveolatus
gs://bugoff-bucket1/hinton/Insecta/GenusSpecies/Trachyphloeus/scabriculus/Trachyphloeus-scabriculus-8361677.jpg,scabriculus
gs://bugoff-bucket1/hinton/Insecta/GenusSpecies/Trichalophus/alternatus/Trichalophus-alternatus-8400311.jpg,alternatus
gs://bugoff-bucket1/hinton/Insecta/GenusSpecies/Trichobaris/compacta/Trichobaris-compacta-8452632.jpg,compacta
gs://bugoff-bucket1/hinton/Insecta/GenusSpecies/Trichobaris/compacta/Trichobaris-compacta-8549842.jpg,compacta
gs://bugoff-bucket1/hinton/Insecta/GenusSpecies/Trichobaris/compacta/Trichobaris-compacta-8875222.jpg,compacta
gs://bugoff-bucket1/hinton/Insecta/GenusSpecies/Trichosirocalus/horridus/Trichosirocalus-horridus-8002720.jpg,horridus
gs://bugoff-bucket1/hinton/Insecta/GenusSpecies/Trigonoscuta/stantoni/Trigonoscuta-stantoni-8047809.jpg,stantoni
gs://bugoff-bucket1/hinton/Insecta/GenusSpecies/Tychius/meliloti/Tychius-meliloti-8203437.jpg,meliloti
gs://bugoff-bucket1/hinton/Insecta/GenusSpecies/Tychius/picirostris/Tychius-picirostris-8264283.jpg,picirostris
gs://bugoff-bucket1/hinton/Insecta/GenusSpecies/Tychius/picirostris/Tychius-picirostris-8762138.jpg,picirostris
gs://bugoff-bucket1/hinton/Insecta/GenusSpecies/Tychius/picirostris/Tychius-picirostris-9395797.jpg,picirostris
gs://bugoff-bucket1/hinton/Insecta/GenusSpecies/Tychius/stephensi/Tychius-stephensi-8440504.jpg,stephensi
gs://bugoff-bucket1/hinton/Insecta/GenusSpecies/Xylosandrus/crassiusculus/Xylosandrus-crassiusculus-9132016.jpg,crassiusculus
