gs://bugoff-bucket1/hinton/Insecta/GenusSpecies/Anastrangalia/douglasii/Anastrangalia-douglasii-8374443.jpg,douglasii
gs://bugoff-bucket1/hinton/Insecta/GenusSpecies/Anastrangalia/dubia/Anastrangalia-dubia-8174570.jpg,dubia
gs://bugoff-bucket1/hinton/Insecta/GenusSpecies/Anastrangalia/dubia/Anastrangalia-dubia-8769638.jpg,dubia
gs://bugoff-bucket1/hinton/Insecta/GenusSpecies/Anastrangalia/dubia/Anastrangalia-dubia-8784598.jpg,dubia
gs://bugoff-bucket1/hinton/Insecta/GenusSpecies/Anastrangalia/dubia/Anastrangalia-dubia-8785730.jpg,dubia
gs://bugoff-bucket1/hinton/Insecta/GenusSpecies/Anastrangalia/laetifica/Anastrangalia-laetifica-8085365.jpg,laetifica
gs://bugoff-bucket1/hinton/Insecta/GenusSpecies/Anastrangalia/laetifica/Anastrangalia-laetifica-8112334.jpg,laetifica
gs://bugoff-bucket1/hinton/Insecta/GenusSpecies/Anastrangalia/laetifica/Anastrangalia-laetifica-8119009.jpg,laetifica
gs://bugoff-bucket1/hinton/Insecta/GenusSpecies/Anastrangalia/laetifica/Anastrangalia-laetifica-8172347.jpg,laetifica
gs://bugoff-bucket1/hinton/Insecta/GenusSpecies/Anastrangalia/laetifica/Anastrangalia-laetifica-8206437.jpg,laetifica
gs://bugoff-bucket1/hinton/Insecta/GenusSpecies/Anastrangalia/laetifica/Anastrangalia-laetifica-8223947.jpg,laetifica
gs://bugoff-bucket1/hinton/Insecta/GenusSpecies/Anastrangalia/laetifica/Anastrangalia-laetifica-835775.jpg,laetifica
gs://bugoff-bucket1/hinton/Insecta/GenusSpecies/Anastrangalia/laetifica/Anastrangalia-laetifica-8430904.jpg,laetifica
gs://bugoff-bucket1/hinton/Insecta/GenusSpecies/Anastrangalia/laetifica/Anastrangalia-laetifica-844358.jpg,laetifica
gs://bugoff-bucket1/hinton/Insecta/GenusSpecies/Anastrangalia/laetifica/Anastrangalia-laetifica-8444914.jpg,laetifica
gs://bugoff-bucket1/hinton/Insecta/GenusSpecies/Anastrangalia/laetifica/Anastrangalia-laetifica-851179.jpg,laetifica
gs://bugoff-bucket1/hinton/Insecta/GenusSpecies/Anastrangalia/laetifica/Anastrangalia-laetifica-8582645.jpg,laetifica
gs://bugoff-bucket1/hinton/Insecta/GenusSpecies/Anastrangalia/laetifica/Anastrangalia-laetifica-859753.jpg,laetifica
gs://bugoff-bucket1/hinton/Insecta/GenusSpecies/Anastrangalia/laetifica/Anastrangalia-laetifica-871120.jpg,laetifica
gs://bugoff-bucket1/hinton/Insecta/GenusSpecies/Anastrangalia/laetifica/Anastrangalia-laetifica-8717585.jpg,laetifica
gs://bugoff-bucket1/hinton/Insecta/GenusSpecies/Anastrangalia/laetifica/Anastrangalia-laetifica-872879.jpg,laetifica
gs://bugoff-bucket1/hinton/Insecta/GenusSpecies/Anastrangalia/laetifica/Anastrangalia-laetifica-884011.jpg,laetifica
gs://bugoff-bucket1/hinton/Insecta/GenusSpecies/Anastrangalia/laetifica/Anastrangalia-laetifica-8971496.jpg,laetifica
gs://bugoff-bucket1/hinton/Insecta/GenusSpecies/Anastrangalia/laetifica/Anastrangalia-laetifica-9011909.jpg,laetifica
gs://bugoff-bucket1/hinton/Insecta/GenusSpecies/Anastrangalia/laetifica/Anastrangalia-laetifica-9418164.jpg,laetifica
gs://bugoff-bucket1/hinton/Insecta/GenusSpecies/Anastrangalia/laetifica/Anastrangalia-laetifica-9443837.jpg,laetifica
gs://bugoff-bucket1/hinton/Insecta/GenusSpecies/Anastrangalia/micranthum/Anastrangalia-micranthum-8372730.jpg,micranthum
gs://bugoff-bucket1/hinton/Insecta/GenusSpecies/Anastrangalia/micranthum/Anastrangalia-micranthum-8373245.jpg,micranthum
gs://bugoff-bucket1/hinton/Insecta/GenusSpecies/Anastrangalia/micranthum/Anastrangalia-micranthum-8407667.jpg,micranthum
gs://bugoff-bucket1/hinton/Insecta/GenusSpecies/Anastrangalia/sanguinea/Anastrangalia-sanguinea-8461132.jpg,sanguinea
gs://bugoff-bucket1/hinton/Insecta/GenusSpecies/Anastrangalia/sanguinolenta/Anastrangalia-sanguinolenta-8528533.jpg,sanguinolenta
gs://bugoff-bucket1/hinton/Insecta/GenusSpecies/Anastrangalia/sanguinolenta/Anastrangalia-sanguinolenta-8782153.jpg,sanguinolenta
gs://bugoff-bucket1/hinton/Insecta/GenusSpecies/Anastrangalia/sanguinolenta/Anastrangalia-sanguinolenta-9035582.jpg,sanguinolenta
gs://bugoff-bucket1/hinton/Insecta/GenusSpecies/Anastrangalia/scotodes/Anastrangalia-scotodes-8855806.jpg,scotodes
gs://bugoff-bucket1/hinton/Insecta/GenusSpecies/Anastrangalia/douglasii/Anastrangalia-douglasii-8374443.jpg,douglasii
gs://bugoff-bucket1/hinton/Insecta/GenusSpecies/Anastrangalia/dubia/Anastrangalia-dubia-8174570.jpg,dubia
gs://bugoff-bucket1/hinton/Insecta/GenusSpecies/Anastrangalia/dubia/Anastrangalia-dubia-8769638.jpg,dubia
gs://bugoff-bucket1/hinton/Insecta/GenusSpecies/Anastrangalia/dubia/Anastrangalia-dubia-8784598.jpg,dubia
gs://bugoff-bucket1/hinton/Insecta/GenusSpecies/Anastrangalia/dubia/Anastrangalia-dubia-8785730.jpg,dubia
gs://bugoff-bucket1/hinton/Insecta/GenusSpecies/Anastrangalia/laetifica/Anastrangalia-laetifica-8085365.jpg,laetifica
gs://bugoff-bucket1/hinton/Insecta/GenusSpecies/Anastrangalia/laetifica/Anastrangalia-laetifica-8112334.jpg,laetifica
gs://bugoff-bucket1/hinton/Insecta/GenusSpecies/Anastrangalia/laetifica/Anastrangalia-laetifica-8119009.jpg,laetifica
gs://bugoff-bucket1/hinton/Insecta/GenusSpecies/Anastrangalia/laetifica/Anastrangalia-laetifica-8172347.jpg,laetifica
gs://bugoff-bucket1/hinton/Insecta/GenusSpecies/Anastrangalia/laetifica/Anastrangalia-laetifica-8206437.jpg,laetifica
gs://bugoff-bucket1/hinton/Insecta/GenusSpecies/Anastrangalia/laetifica/Anastrangalia-laetifica-8223947.jpg,laetifica
gs://bugoff-bucket1/hinton/Insecta/GenusSpecies/Anastrangalia/laetifica/Anastrangalia-laetifica-835775.jpg,laetifica
gs://bugoff-bucket1/hinton/Insecta/GenusSpecies/Anastrangalia/laetifica/Anastrangalia-laetifica-8430904.jpg,laetifica
gs://bugoff-bucket1/hinton/Insecta/GenusSpecies/Anastrangalia/laetifica/Anastrangalia-laetifica-844358.jpg,laetifica
gs://bugoff-bucket1/hinton/Insecta/GenusSpecies/Anastrangalia/laetifica/Anastrangalia-laetifica-8444914.jpg,laetifica
gs://bugoff-bucket1/hinton/Insecta/GenusSpecies/Anastrangalia/laetifica/Anastrangalia-laetifica-851179.jpg,laetifica
gs://bugoff-bucket1/hinton/Insecta/GenusSpecies/Anastrangalia/laetifica/Anastrangalia-laetifica-8582645.jpg,laetifica
gs://bugoff-bucket1/hinton/Insecta/GenusSpecies/Anastrangalia/laetifica/Anastrangalia-laetifica-859753.jpg,laetifica
gs://bugoff-bucket1/hinton/Insecta/GenusSpecies/Anastrangalia/laetifica/Anastrangalia-laetifica-871120.jpg,laetifica
gs://bugoff-bucket1/hinton/Insecta/GenusSpecies/Anastrangalia/laetifica/Anastrangalia-laetifica-8717585.jpg,laetifica
gs://bugoff-bucket1/hinton/Insecta/GenusSpecies/Anastrangalia/laetifica/Anastrangalia-laetifica-872879.jpg,laetifica
gs://bugoff-bucket1/hinton/Insecta/GenusSpecies/Anastrangalia/laetifica/Anastrangalia-laetifica-884011.jpg,laetifica
gs://bugoff-bucket1/hinton/Insecta/GenusSpecies/Anastrangalia/laetifica/Anastrangalia-laetifica-8971496.jpg,laetifica
gs://bugoff-bucket1/hinton/Insecta/GenusSpecies/Anastrangalia/laetifica/Anastrangalia-laetifica-9011909.jpg,laetifica
gs://bugoff-bucket1/hinton/Insecta/GenusSpecies/Anastrangalia/laetifica/Anastrangalia-laetifica-9418164.jpg,laetifica
gs://bugoff-bucket1/hinton/Insecta/GenusSpecies/Anastrangalia/laetifica/Anastrangalia-laetifica-9443837.jpg,laetifica
gs://bugoff-bucket1/hinton/Insecta/GenusSpecies/Anastrangalia/micranthum/Anastrangalia-micranthum-8372730.jpg,micranthum
gs://bugoff-bucket1/hinton/Insecta/GenusSpecies/Anastrangalia/micranthum/Anastrangalia-micranthum-8373245.jpg,micranthum
gs://bugoff-bucket1/hinton/Insecta/GenusSpecies/Anastrangalia/micranthum/Anastrangalia-micranthum-8407667.jpg,micranthum
gs://bugoff-bucket1/hinton/Insecta/GenusSpecies/Anastrangalia/sanguinea/Anastrangalia-sanguinea-8461132.jpg,sanguinea
gs://bugoff-bucket1/hinton/Insecta/GenusSpecies/Anastrangalia/sanguinolenta/Anastrangalia-sanguinolenta-8528533.jpg,sanguinolenta
gs://bugoff-bucket1/hinton/Insecta/GenusSpecies/Anastrangalia/sanguinolenta/Anastrangalia-sanguinolenta-8782153.jpg,sanguinolenta
gs://bugoff-bucket1/hinton/Insecta/GenusSpecies/Anastrangalia/sanguinolenta/Anastrangalia-sanguinolenta-9035582.jpg,sanguinolenta
gs://bugoff-bucket1/hinton/Insecta/GenusSpecies/Anastrangalia/scotodes/Anastrangalia-scotodes-8855806.jpg,scotodes
gs://bugoff-bucket1/hinton/Insecta/GenusSpecies/Anastrangalia/douglasii/Anastrangalia-douglasii-8374443.jpg,douglasii
gs://bugoff-bucket1/hinton/Insecta/GenusSpecies/Anastrangalia/dubia/Anastrangalia-dubia-8174570.jpg,dubia
gs://bugoff-bucket1/hinton/Insecta/GenusSpecies/Anastrangalia/dubia/Anastrangalia-dubia-8769638.jpg,dubia
gs://bugoff-bucket1/hinton/Insecta/GenusSpecies/Anastrangalia/dubia/Anastrangalia-dubia-8784598.jpg,dubia
gs://bugoff-bucket1/hinton/Insecta/GenusSpecies/Anastrangalia/dubia/Anastrangalia-dubia-8785730.jpg,dubia
gs://bugoff-bucket1/hinton/Insecta/GenusSpecies/Anastrangalia/laetifica/Anastrangalia-laetifica-8085365.jpg,laetifica
gs://bugoff-bucket1/hinton/Insecta/GenusSpecies/Anastrangalia/laetifica/Anastrangalia-laetifica-8112334.jpg,laetifica
gs://bugoff-bucket1/hinton/Insecta/GenusSpecies/Anastrangalia/laetifica/Anastrangalia-laetifica-8119009.jpg,laetifica
gs://bugoff-bucket1/hinton/Insecta/GenusSpecies/Anastrangalia/laetifica/Anastrangalia-laetifica-8172347.jpg,laetifica
gs://bugoff-bucket1/hinton/Insecta/GenusSpecies/Anastrangalia/laetifica/Anastrangalia-laetifica-8206437.jpg,laetifica
gs://bugoff-bucket1/hinton/Insecta/GenusSpecies/Anastrangalia/laetifica/Anastrangalia-laetifica-8223947.jpg,laetifica
gs://bugoff-bucket1/hinton/Insecta/GenusSpecies/Anastrangalia/laetifica/Anastrangalia-laetifica-835775.jpg,laetifica
gs://bugoff-bucket1/hinton/Insecta/GenusSpecies/Anastrangalia/laetifica/Anastrangalia-laetifica-8430904.jpg,laetifica
gs://bugoff-bucket1/hinton/Insecta/GenusSpecies/Anastrangalia/laetifica/Anastrangalia-laetifica-844358.jpg,laetifica
gs://bugoff-bucket1/hinton/Insecta/GenusSpecies/Anastrangalia/laetifica/Anastrangalia-laetifica-8444914.jpg,laetifica
gs://bugoff-bucket1/hinton/Insecta/GenusSpecies/Anastrangalia/laetifica/Anastrangalia-laetifica-851179.jpg,laetifica
gs://bugoff-bucket1/hinton/Insecta/GenusSpecies/Anastrangalia/laetifica/Anastrangalia-laetifica-8582645.jpg,laetifica
gs://bugoff-bucket1/hinton/Insecta/GenusSpecies/Anastrangalia/laetifica/Anastrangalia-laetifica-859753.jpg,laetifica
gs://bugoff-bucket1/hinton/Insecta/GenusSpecies/Anastrangalia/laetifica/Anastrangalia-laetifica-871120.jpg,laetifica
gs://bugoff-bucket1/hinton/Insecta/GenusSpecies/Anastrangalia/laetifica/Anastrangalia-laetifica-8717585.jpg,laetifica
gs://bugoff-bucket1/hinton/Insecta/GenusSpecies/Anastrangalia/laetifica/Anastrangalia-laetifica-872879.jpg,laetifica
gs://bugoff-bucket1/hinton/Insecta/GenusSpecies/Anastrangalia/laetifica/Anastrangalia-laetifica-884011.jpg,laetifica
gs://bugoff-bucket1/hinton/Insecta/GenusSpecies/Anastrangalia/laetifica/Anastrangalia-laetifica-8971496.jpg,laetifica
gs://bugoff-bucket1/hinton/Insecta/GenusSpecies/Anastrangalia/laetifica/Anastrangalia-laetifica-9011909.jpg,laetifica
gs://bugoff-bucket1/hinton/Insecta/GenusSpecies/Anastrangalia/laetifica/Anastrangalia-laetifica-9418164.jpg,laetifica
gs://bugoff-bucket1/hinton/Insecta/GenusSpecies/Anastrangalia/laetifica/Anastrangalia-laetifica-9443837.jpg,laetifica
gs://bugoff-bucket1/hinton/Insecta/GenusSpecies/Anastrangalia/micranthum/Anastrangalia-micranthum-8372730.jpg,micranthum
gs://bugoff-bucket1/hinton/Insecta/GenusSpecies/Anastrangalia/micranthum/Anastrangalia-micranthum-8373245.jpg,micranthum
gs://bugoff-bucket1/hinton/Insecta/GenusSpecies/Anastrangalia/micranthum/Anastrangalia-micranthum-8407667.jpg,micranthum
gs://bugoff-bucket1/hinton/Insecta/GenusSpecies/Anastrangalia/sanguinea/Anastrangalia-sanguinea-8461132.jpg,sanguinea
gs://bugoff-bucket1/hinton/Insecta/GenusSpecies/Anastrangalia/sanguinolenta/Anastrangalia-sanguinolenta-8528533.jpg,sanguinolenta
gs://bugoff-bucket1/hinton/Insecta/GenusSpecies/Anastrangalia/sanguinolenta/Anastrangalia-sanguinolenta-8782153.jpg,sanguinolenta
gs://bugoff-bucket1/hinton/Insecta/GenusSpecies/Anastrangalia/sanguinolenta/Anastrangalia-sanguinolenta-9035582.jpg,sanguinolenta
gs://bugoff-bucket1/hinton/Insecta/GenusSpecies/Anastrangalia/scotodes/Anastrangalia-scotodes-8855806.jpg,scotodes
