gs://bugoff-bucket1/hinton/Insecta/GenusSpecies/Carcinops/pumilio/Carcinops-pumilio-1256482.jpg,pumilio
gs://bugoff-bucket1/hinton/Insecta/GenusSpecies/Carcinops/pumilio/Carcinops-pumilio-1818331.jpg,pumilio
gs://bugoff-bucket1/hinton/Insecta/GenusSpecies/Carcinops/pumilio/Carcinops-pumilio-1990036.jpg,pumilio
gs://bugoff-bucket1/hinton/Insecta/GenusSpecies/Eblisia/bakewelli/Eblisia-bakewelli-1838606.jpg,bakewelli
gs://bugoff-bucket1/hinton/Insecta/GenusSpecies/Hister/major/Hister-major-7599525.jpg,major
gs://bugoff-bucket1/hinton/Insecta/GenusSpecies/Hister/militaris/Hister-militaris-290550.jpg,militaris
gs://bugoff-bucket1/hinton/Insecta/GenusSpecies/Hister/militaris/Hister-militaris-3093568.jpg,militaris
gs://bugoff-bucket1/hinton/Insecta/GenusSpecies/Hister/quadrimaculatus/Hister-quadrimaculatus-3659392.jpg,quadrimaculatus
gs://bugoff-bucket1/hinton/Insecta/GenusSpecies/Hister/quadrimaculatus/Hister-quadrimaculatus-4947144.jpg,quadrimaculatus
gs://bugoff-bucket1/hinton/Insecta/GenusSpecies/Hister/quadrimaculatus/Hister-quadrimaculatus-6006070.jpg,quadrimaculatus
gs://bugoff-bucket1/hinton/Insecta/GenusSpecies/Hister/quadrimaculatus/Hister-quadrimaculatus-6130292.jpg,quadrimaculatus
gs://bugoff-bucket1/hinton/Insecta/GenusSpecies/Hister/quadrimaculatus/Hister-quadrimaculatus-6879887.jpg,quadrimaculatus
gs://bugoff-bucket1/hinton/Insecta/GenusSpecies/Hister/quadrimaculatus/Hister-quadrimaculatus-7520502.jpg,quadrimaculatus
gs://bugoff-bucket1/hinton/Insecta/GenusSpecies/Hister/quadrimaculatus/Hister-quadrimaculatus-7776985.jpg,quadrimaculatus
gs://bugoff-bucket1/hinton/Insecta/GenusSpecies/Hister/striola/Hister-striola-137035.jpg,striola
gs://bugoff-bucket1/hinton/Insecta/GenusSpecies/Hololepta/aequalis/Hololepta-aequalis-3303243.jpg,aequalis
gs://bugoff-bucket1/hinton/Insecta/GenusSpecies/Hololepta/aequalis/Hololepta-aequalis-6038232.jpg,aequalis
gs://bugoff-bucket1/hinton/Insecta/GenusSpecies/Hololepta/aequalis/Hololepta-aequalis-6799861.jpg,aequalis
gs://bugoff-bucket1/hinton/Insecta/GenusSpecies/Hololepta/aequalis/Hololepta-aequalis-7236983.jpg,aequalis
gs://bugoff-bucket1/hinton/Insecta/GenusSpecies/Hololepta/amurensis/Hololepta-amurensis-1965983.jpg,amurensis
gs://bugoff-bucket1/hinton/Insecta/GenusSpecies/Hololepta/plana/Hololepta-plana-699054.jpg,plana
gs://bugoff-bucket1/hinton/Insecta/GenusSpecies/Hololepta/plana/Hololepta-plana-7098042.jpg,plana
gs://bugoff-bucket1/hinton/Insecta/GenusSpecies/Hololepta/plana/Hololepta-plana-7613646.jpg,plana
gs://bugoff-bucket1/hinton/Insecta/GenusSpecies/Hololepta/plana/Hololepta-plana-7880598.jpg,plana
gs://bugoff-bucket1/hinton/Insecta/GenusSpecies/Hypocaccus/dimidiatipennis/Hypocaccus-dimidiatipennis-4038965.jpg,dimidiatipennis
gs://bugoff-bucket1/hinton/Insecta/GenusSpecies/Hypocaccus/dimidiatus/Hypocaccus-dimidiatus-134556.jpg,dimidiatus
gs://bugoff-bucket1/hinton/Insecta/GenusSpecies/Margarinotus/merdarius/Margarinotus-merdarius-137034.jpg,merdarius
gs://bugoff-bucket1/hinton/Insecta/GenusSpecies/Margarinotus/purpurascens/Margarinotus-purpurascens-138758.jpg,purpurascens
gs://bugoff-bucket1/hinton/Insecta/GenusSpecies/Margarinotus/purpurascens/Margarinotus-purpurascens-2943608.jpg,purpurascens
gs://bugoff-bucket1/hinton/Insecta/GenusSpecies/Neopachylopus/sulcifrons/Neopachylopus-sulcifrons-5648110.jpg,sulcifrons
gs://bugoff-bucket1/hinton/Insecta/GenusSpecies/Paromalus/flavicornis/Paromalus-flavicornis-7871152.jpg,flavicornis
gs://bugoff-bucket1/hinton/Insecta/GenusSpecies/Platysoma/leconti/Platysoma-leconti-2626987.jpg,leconti
gs://bugoff-bucket1/hinton/Insecta/GenusSpecies/Platysoma/leconti/Platysoma-leconti-2687168.jpg,leconti
gs://bugoff-bucket1/hinton/Insecta/GenusSpecies/Platysoma/leconti/Platysoma-leconti-6331550.jpg,leconti
gs://bugoff-bucket1/hinton/Insecta/GenusSpecies/Saprinus/detritus/Saprinus-detritus-6326980.jpg,detritus
gs://bugoff-bucket1/hinton/Insecta/GenusSpecies/Spilodiscus/arcuatus/Spilodiscus-arcuatus-5852411.jpg,arcuatus
gs://bugoff-bucket1/hinton/Insecta/GenusSpecies/Spilodiscus/arcuatus/Spilodiscus-arcuatus-6561780.jpg,arcuatus
gs://bugoff-bucket1/hinton/Insecta/GenusSpecies/Spilodiscus/sellatus/Spilodiscus-sellatus-2148187.jpg,sellatus
gs://bugoff-bucket1/hinton/Insecta/GenusSpecies/Spilodiscus/ulkei/Spilodiscus-ulkei-3043061.jpg,ulkei
