gs://bugoff-bucket1/hinton/Insecta/GenusSpecies/Platynus/angustatus/Platynus-angustatus-3918457.jpg,angustatus
gs://bugoff-bucket1/hinton/Insecta/GenusSpecies/Platynus/angustatus/Platynus-angustatus-5036591.jpg,angustatus
gs://bugoff-bucket1/hinton/Insecta/GenusSpecies/Platynus/assimilis/Platynus-assimilis-2206426.jpg,assimilis
gs://bugoff-bucket1/hinton/Insecta/GenusSpecies/Platynus/assimilis/Platynus-assimilis-2301240.jpg,assimilis
gs://bugoff-bucket1/hinton/Insecta/GenusSpecies/Platynus/assimilis/Platynus-assimilis-3282403.jpg,assimilis
gs://bugoff-bucket1/hinton/Insecta/GenusSpecies/Platynus/assimilis/Platynus-assimilis-3323616.jpg,assimilis
gs://bugoff-bucket1/hinton/Insecta/GenusSpecies/Platynus/assimilis/Platynus-assimilis-3544702.jpg,assimilis
gs://bugoff-bucket1/hinton/Insecta/GenusSpecies/Platynus/brunneomarginatus/Platynus-brunneomarginatus-3391126.jpg,brunneomarginatus
gs://bugoff-bucket1/hinton/Insecta/GenusSpecies/Platynus/brunneomarginatus/Platynus-brunneomarginatus-3821342.jpg,brunneomarginatus
gs://bugoff-bucket1/hinton/Insecta/GenusSpecies/Platynus/brunneomarginatus/Platynus-brunneomarginatus-3998460.jpg,brunneomarginatus
gs://bugoff-bucket1/hinton/Insecta/GenusSpecies/Platynus/brunneomarginatus/Platynus-brunneomarginatus-4077647.jpg,brunneomarginatus
gs://bugoff-bucket1/hinton/Insecta/GenusSpecies/Platynus/brunneomarginatus/Platynus-brunneomarginatus-4083521.jpg,brunneomarginatus
gs://bugoff-bucket1/hinton/Insecta/GenusSpecies/Platynus/brunneomarginatus/Platynus-brunneomarginatus-5016999.jpg,brunneomarginatus
gs://bugoff-bucket1/hinton/Insecta/GenusSpecies/Platynus/brunneomarginatus/Platynus-brunneomarginatus-5178287.jpg,brunneomarginatus
gs://bugoff-bucket1/hinton/Insecta/GenusSpecies/Platynus/brunneomarginatus/Platynus-brunneomarginatus-5611640.jpg,brunneomarginatus
gs://bugoff-bucket1/hinton/Insecta/GenusSpecies/Platynus/brunneomarginatus/Platynus-brunneomarginatus-6642463.jpg,brunneomarginatus
gs://bugoff-bucket1/hinton/Insecta/GenusSpecies/Platynus/brunneomarginatus/Platynus-brunneomarginatus-7942088.jpg,brunneomarginatus
gs://bugoff-bucket1/hinton/Insecta/GenusSpecies/Platynus/brunneomarginatus/Platynus-brunneomarginatus-7961090.jpg,brunneomarginatus
gs://bugoff-bucket1/hinton/Insecta/GenusSpecies/Platynus/cincticollis/Platynus-cincticollis-6340136.jpg,cincticollis
gs://bugoff-bucket1/hinton/Insecta/GenusSpecies/Platynus/daviesi/Platynus-daviesi-2143733.jpg,daviesi
gs://bugoff-bucket1/hinton/Insecta/GenusSpecies/Platynus/hypolithos/Platynus-hypolithos-7313239.jpg,hypolithos
gs://bugoff-bucket1/hinton/Insecta/GenusSpecies/Platynus/livens/Platynus-livens-3323633.jpg,livens
gs://bugoff-bucket1/hinton/Insecta/GenusSpecies/Platynus/livens/Platynus-livens-5727156.jpg,livens
gs://bugoff-bucket1/hinton/Insecta/GenusSpecies/Platynus/megalops/Platynus-megalops-1085938.jpg,megalops
gs://bugoff-bucket1/hinton/Insecta/GenusSpecies/Platynus/megalops/Platynus-megalops-1087550.jpg,megalops
gs://bugoff-bucket1/hinton/Insecta/GenusSpecies/Platynus/megalops/Platynus-megalops-1172014.jpg,megalops
gs://bugoff-bucket1/hinton/Insecta/GenusSpecies/Platynus/megalops/Platynus-megalops-1309800.jpg,megalops
gs://bugoff-bucket1/hinton/Insecta/GenusSpecies/Platynus/ovipennis/Platynus-ovipennis-1618282.jpg,ovipennis
gs://bugoff-bucket1/hinton/Insecta/GenusSpecies/Platynus/ovipennis/Platynus-ovipennis-248156.jpg,ovipennis
gs://bugoff-bucket1/hinton/Insecta/GenusSpecies/Platynus/ovipennis/Platynus-ovipennis-320724.jpg,ovipennis
gs://bugoff-bucket1/hinton/Insecta/GenusSpecies/Platynus/ovipennis/Platynus-ovipennis-6276777.jpg,ovipennis
gs://bugoff-bucket1/hinton/Insecta/GenusSpecies/Platynus/ovipennis/Platynus-ovipennis-6299681.jpg,ovipennis
gs://bugoff-bucket1/hinton/Insecta/GenusSpecies/Platynus/ovipennis/Platynus-ovipennis-756808.jpg,ovipennis
gs://bugoff-bucket1/hinton/Insecta/GenusSpecies/Platynus/ruficornis/Platynus-ruficornis-7544573.jpg,ruficornis
gs://bugoff-bucket1/hinton/Insecta/GenusSpecies/Platynus/angustatus/Platynus-angustatus-3918457.jpg,angustatus
gs://bugoff-bucket1/hinton/Insecta/GenusSpecies/Platynus/angustatus/Platynus-angustatus-5036591.jpg,angustatus
gs://bugoff-bucket1/hinton/Insecta/GenusSpecies/Platynus/assimilis/Platynus-assimilis-2206426.jpg,assimilis
gs://bugoff-bucket1/hinton/Insecta/GenusSpecies/Platynus/assimilis/Platynus-assimilis-2301240.jpg,assimilis
gs://bugoff-bucket1/hinton/Insecta/GenusSpecies/Platynus/assimilis/Platynus-assimilis-3282403.jpg,assimilis
gs://bugoff-bucket1/hinton/Insecta/GenusSpecies/Platynus/assimilis/Platynus-assimilis-3323616.jpg,assimilis
gs://bugoff-bucket1/hinton/Insecta/GenusSpecies/Platynus/assimilis/Platynus-assimilis-3544702.jpg,assimilis
gs://bugoff-bucket1/hinton/Insecta/GenusSpecies/Platynus/brunneomarginatus/Platynus-brunneomarginatus-3391126.jpg,brunneomarginatus
gs://bugoff-bucket1/hinton/Insecta/GenusSpecies/Platynus/brunneomarginatus/Platynus-brunneomarginatus-3821342.jpg,brunneomarginatus
gs://bugoff-bucket1/hinton/Insecta/GenusSpecies/Platynus/brunneomarginatus/Platynus-brunneomarginatus-3998460.jpg,brunneomarginatus
gs://bugoff-bucket1/hinton/Insecta/GenusSpecies/Platynus/brunneomarginatus/Platynus-brunneomarginatus-4077647.jpg,brunneomarginatus
gs://bugoff-bucket1/hinton/Insecta/GenusSpecies/Platynus/brunneomarginatus/Platynus-brunneomarginatus-4083521.jpg,brunneomarginatus
gs://bugoff-bucket1/hinton/Insecta/GenusSpecies/Platynus/brunneomarginatus/Platynus-brunneomarginatus-5016999.jpg,brunneomarginatus
gs://bugoff-bucket1/hinton/Insecta/GenusSpecies/Platynus/brunneomarginatus/Platynus-brunneomarginatus-5178287.jpg,brunneomarginatus
gs://bugoff-bucket1/hinton/Insecta/GenusSpecies/Platynus/brunneomarginatus/Platynus-brunneomarginatus-5611640.jpg,brunneomarginatus
gs://bugoff-bucket1/hinton/Insecta/GenusSpecies/Platynus/brunneomarginatus/Platynus-brunneomarginatus-6642463.jpg,brunneomarginatus
gs://bugoff-bucket1/hinton/Insecta/GenusSpecies/Platynus/brunneomarginatus/Platynus-brunneomarginatus-7942088.jpg,brunneomarginatus
gs://bugoff-bucket1/hinton/Insecta/GenusSpecies/Platynus/brunneomarginatus/Platynus-brunneomarginatus-7961090.jpg,brunneomarginatus
gs://bugoff-bucket1/hinton/Insecta/GenusSpecies/Platynus/cincticollis/Platynus-cincticollis-6340136.jpg,cincticollis
gs://bugoff-bucket1/hinton/Insecta/GenusSpecies/Platynus/daviesi/Platynus-daviesi-2143733.jpg,daviesi
gs://bugoff-bucket1/hinton/Insecta/GenusSpecies/Platynus/hypolithos/Platynus-hypolithos-7313239.jpg,hypolithos
gs://bugoff-bucket1/hinton/Insecta/GenusSpecies/Platynus/livens/Platynus-livens-3323633.jpg,livens
gs://bugoff-bucket1/hinton/Insecta/GenusSpecies/Platynus/livens/Platynus-livens-5727156.jpg,livens
gs://bugoff-bucket1/hinton/Insecta/GenusSpecies/Platynus/megalops/Platynus-megalops-1085938.jpg,megalops
gs://bugoff-bucket1/hinton/Insecta/GenusSpecies/Platynus/megalops/Platynus-megalops-1087550.jpg,megalops
gs://bugoff-bucket1/hinton/Insecta/GenusSpecies/Platynus/megalops/Platynus-megalops-1172014.jpg,megalops
gs://bugoff-bucket1/hinton/Insecta/GenusSpecies/Platynus/megalops/Platynus-megalops-1309800.jpg,megalops
gs://bugoff-bucket1/hinton/Insecta/GenusSpecies/Platynus/ovipennis/Platynus-ovipennis-1618282.jpg,ovipennis
gs://bugoff-bucket1/hinton/Insecta/GenusSpecies/Platynus/ovipennis/Platynus-ovipennis-248156.jpg,ovipennis
gs://bugoff-bucket1/hinton/Insecta/GenusSpecies/Platynus/ovipennis/Platynus-ovipennis-320724.jpg,ovipennis
gs://bugoff-bucket1/hinton/Insecta/GenusSpecies/Platynus/ovipennis/Platynus-ovipennis-6276777.jpg,ovipennis
gs://bugoff-bucket1/hinton/Insecta/GenusSpecies/Platynus/ovipennis/Platynus-ovipennis-6299681.jpg,ovipennis
gs://bugoff-bucket1/hinton/Insecta/GenusSpecies/Platynus/ovipennis/Platynus-ovipennis-756808.jpg,ovipennis
gs://bugoff-bucket1/hinton/Insecta/GenusSpecies/Platynus/ruficornis/Platynus-ruficornis-7544573.jpg,ruficornis
