gs://bugoff-bucket1/hinton/Insecta/GenusSpecies/Axarus/festivus/Axarus-festivus-8197668.jpg,festivus
gs://bugoff-bucket1/hinton/Insecta/GenusSpecies/Axarus/festivus/Axarus-festivus-8471418.jpg,festivus
gs://bugoff-bucket1/hinton/Insecta/GenusSpecies/Axarus/festivus/Axarus-festivus-8570707.jpg,festivus
gs://bugoff-bucket1/hinton/Insecta/GenusSpecies/Axarus/festivus/Axarus-festivus-882383.jpg,festivus
gs://bugoff-bucket1/hinton/Insecta/GenusSpecies/Axarus/festivus/Axarus-festivus-9157214.jpg,festivus
gs://bugoff-bucket1/hinton/Insecta/GenusSpecies/Axarus/festivus/Axarus-festivus-9675388.jpg,festivus
gs://bugoff-bucket1/hinton/Insecta/GenusSpecies/Chironomus/atroviridis/Chironomus-atroviridis-8222465.jpg,atroviridis
gs://bugoff-bucket1/hinton/Insecta/GenusSpecies/Chironomus/plumosus/Chironomus-plumosus-8087925.jpg,plumosus
gs://bugoff-bucket1/hinton/Insecta/GenusSpecies/Chironomus/plumosus/Chironomus-plumosus-8160613.jpg,plumosus
gs://bugoff-bucket1/hinton/Insecta/GenusSpecies/Chironomus/plumosus/Chironomus-plumosus-9337370.jpg,plumosus
gs://bugoff-bucket1/hinton/Insecta/GenusSpecies/Chironomus/salinarius/Chironomus-salinarius-8100201.jpg,salinarius
gs://bugoff-bucket1/hinton/Insecta/GenusSpecies/Chironomus/yoshimatsui/Chironomus-yoshimatsui-857973.jpg,yoshimatsui
gs://bugoff-bucket1/hinton/Insecta/GenusSpecies/Chironomus/zealandicus/Chironomus-zealandicus-8085476.jpg,zealandicus
gs://bugoff-bucket1/hinton/Insecta/GenusSpecies/Chironomus/zealandicus/Chironomus-zealandicus-8134707.jpg,zealandicus
gs://bugoff-bucket1/hinton/Insecta/GenusSpecies/Chironomus/zealandicus/Chironomus-zealandicus-8282038.jpg,zealandicus
gs://bugoff-bucket1/hinton/Insecta/GenusSpecies/Chironomus/zealandicus/Chironomus-zealandicus-8472669.jpg,zealandicus
gs://bugoff-bucket1/hinton/Insecta/GenusSpecies/Chironomus/zealandicus/Chironomus-zealandicus-8956206.jpg,zealandicus
gs://bugoff-bucket1/hinton/Insecta/GenusSpecies/Coelotanypus/tricolor/Coelotanypus-tricolor-9428905.jpg,tricolor
gs://bugoff-bucket1/hinton/Insecta/GenusSpecies/Endochironomus/albipennis/Endochironomus-albipennis-8271264.jpg,albipennis
gs://bugoff-bucket1/hinton/Insecta/GenusSpecies/Glyptotendipes/paripes/Glyptotendipes-paripes-8267319.jpg,paripes
gs://bugoff-bucket1/hinton/Insecta/GenusSpecies/Glyptotendipes/paripes/Glyptotendipes-paripes-94824.jpg,paripes
gs://bugoff-bucket1/hinton/Insecta/GenusSpecies/Paratendipes/albimanus/Paratendipes-albimanus-8251722.jpg,albimanus
gs://bugoff-bucket1/hinton/Insecta/GenusSpecies/Polypedilum/trigonus/Polypedilum-trigonus-8945032.jpg,trigonus
gs://bugoff-bucket1/hinton/Insecta/GenusSpecies/Procladius/bellus/Procladius-bellus-8067210.jpg,bellus
gs://bugoff-bucket1/hinton/Insecta/GenusSpecies/Procladius/bellus/Procladius-bellus-8409878.jpg,bellus
gs://bugoff-bucket1/hinton/Insecta/GenusSpecies/Psectrotanypus/dyari/Psectrotanypus-dyari-9392853.jpg,dyari
gs://bugoff-bucket1/hinton/Insecta/GenusSpecies/Stenochironomus/hilaris/Stenochironomus-hilaris-8154518.jpg,hilaris
gs://bugoff-bucket1/hinton/Insecta/GenusSpecies/Stenochironomus/hilaris/Stenochironomus-hilaris-8384622.jpg,hilaris
gs://bugoff-bucket1/hinton/Insecta/GenusSpecies/Stenochironomus/hilaris/Stenochironomus-hilaris-8406066.jpg,hilaris
gs://bugoff-bucket1/hinton/Insecta/GenusSpecies/Stenochironomus/hilaris/Stenochironomus-hilaris-8884732.jpg,hilaris
gs://bugoff-bucket1/hinton/Insecta/GenusSpecies/Stenochironomus/hilaris/Stenochironomus-hilaris-8905874.jpg,hilaris
gs://bugoff-bucket1/hinton/Insecta/GenusSpecies/Telmatogeton/alaskensis/Telmatogeton-alaskensis-912592.jpg,alaskensis
gs://bugoff-bucket1/hinton/Insecta/GenusSpecies/Telmatogeton/japonicus/Telmatogeton-japonicus-8689389.jpg,japonicus
