gs://bugoff-bucket1/hinton/Insecta/GenusSpecies/Anagyrus/fusciventris/Anagyrus-fusciventris-1210128.jpg,fusciventris
gs://bugoff-bucket1/hinton/Insecta/GenusSpecies/Anagyrus/fusciventris/Anagyrus-fusciventris-1210188.jpg,fusciventris
gs://bugoff-bucket1/hinton/Insecta/GenusSpecies/Anagyrus/fusciventris/Anagyrus-fusciventris-1210978.jpg,fusciventris
gs://bugoff-bucket1/hinton/Insecta/GenusSpecies/Anagyrus/fusciventris/Anagyrus-fusciventris-1257230.jpg,fusciventris
gs://bugoff-bucket1/hinton/Insecta/GenusSpecies/Anagyrus/fusciventris/Anagyrus-fusciventris-1557210.jpg,fusciventris
gs://bugoff-bucket1/hinton/Insecta/GenusSpecies/Anagyrus/fusciventris/Anagyrus-fusciventris-1631562.jpg,fusciventris
gs://bugoff-bucket1/hinton/Insecta/GenusSpecies/Anagyrus/fusciventris/Anagyrus-fusciventris-1657167.jpg,fusciventris
gs://bugoff-bucket1/hinton/Insecta/GenusSpecies/Anagyrus/fusciventris/Anagyrus-fusciventris-1694197.jpg,fusciventris
gs://bugoff-bucket1/hinton/Insecta/GenusSpecies/Anagyrus/fusciventris/Anagyrus-fusciventris-1886992.jpg,fusciventris
gs://bugoff-bucket1/hinton/Insecta/GenusSpecies/Anagyrus/fusciventris/Anagyrus-fusciventris-6224538.jpg,fusciventris
gs://bugoff-bucket1/hinton/Insecta/GenusSpecies/Anagyrus/longispinus/Anagyrus-longispinus-1655486.jpg,longispinus
gs://bugoff-bucket1/hinton/Insecta/GenusSpecies/Anagyrus/longispinus/Anagyrus-longispinus-1657192.jpg,longispinus
gs://bugoff-bucket1/hinton/Insecta/GenusSpecies/Anagyrus/paralia/Anagyrus-paralia-4773521.jpg,paralia
gs://bugoff-bucket1/hinton/Insecta/GenusSpecies/Anagyrus/regis/Anagyrus-regis-3156037.jpg,regis
gs://bugoff-bucket1/hinton/Insecta/GenusSpecies/Cheiloneurus/flaccus/Cheiloneurus-flaccus-1210649.jpg,flaccus
gs://bugoff-bucket1/hinton/Insecta/GenusSpecies/Cheiloneurus/flaccus/Cheiloneurus-flaccus-1212670.jpg,flaccus
gs://bugoff-bucket1/hinton/Insecta/GenusSpecies/Cheiloneurus/flaccus/Cheiloneurus-flaccus-1249791.jpg,flaccus
gs://bugoff-bucket1/hinton/Insecta/GenusSpecies/Cheiloneurus/flaccus/Cheiloneurus-flaccus-1697404.jpg,flaccus
gs://bugoff-bucket1/hinton/Insecta/GenusSpecies/Cheiloneurus/flaccus/Cheiloneurus-flaccus-1943632.jpg,flaccus
gs://bugoff-bucket1/hinton/Insecta/GenusSpecies/Cheiloneurus/gonatopodis/Cheiloneurus-gonatopodis-1251249.jpg,gonatopodis
gs://bugoff-bucket1/hinton/Insecta/GenusSpecies/Cheiloneurus/st1/Cheiloneurus-st1-1222611.jpg,st1
gs://bugoff-bucket1/hinton/Insecta/GenusSpecies/Cheiloneurus/st2/Cheiloneurus-st2-5486861.jpg,st2
gs://bugoff-bucket1/hinton/Insecta/GenusSpecies/Cheiloneurus/st3/Cheiloneurus-st3-1631885.jpg,st3
gs://bugoff-bucket1/hinton/Insecta/GenusSpecies/Cheiloneurus/st3/Cheiloneurus-st3-1640863.jpg,st3
gs://bugoff-bucket1/hinton/Insecta/GenusSpecies/Cheiloneurus/st3/Cheiloneurus-st3-1682024.jpg,st3
gs://bugoff-bucket1/hinton/Insecta/GenusSpecies/Cheiloneurus/st3/Cheiloneurus-st3-3105004.jpg,st3
gs://bugoff-bucket1/hinton/Insecta/GenusSpecies/Cheiloneurus/st3/Cheiloneurus-st3-3173049.jpg,st3
gs://bugoff-bucket1/hinton/Insecta/GenusSpecies/Cheiloneurus/st3/Cheiloneurus-st3-3199115.jpg,st3
gs://bugoff-bucket1/hinton/Insecta/GenusSpecies/Cheiloneurus/st3/Cheiloneurus-st3-3218381.jpg,st3
gs://bugoff-bucket1/hinton/Insecta/GenusSpecies/Copidosoma/bucculatricis/Copidosoma-bucculatricis-1354719.jpg,bucculatricis
gs://bugoff-bucket1/hinton/Insecta/GenusSpecies/Copidosoma/bucculatricis/Copidosoma-bucculatricis-5443276.jpg,bucculatricis
gs://bugoff-bucket1/hinton/Insecta/GenusSpecies/Copidosoma/bucculatricis/Copidosoma-bucculatricis-5454391.jpg,bucculatricis
gs://bugoff-bucket1/hinton/Insecta/GenusSpecies/Copidosoma/floridanum/Copidosoma-floridanum-5485465.jpg,floridanum
gs://bugoff-bucket1/hinton/Insecta/GenusSpecies/Diversinervus/elegans/Diversinervus-elegans-5595313.jpg,elegans
gs://bugoff-bucket1/hinton/Insecta/GenusSpecies/Diversinervus/st1/Diversinervus-st1-5486853.jpg,st1
gs://bugoff-bucket1/hinton/Insecta/GenusSpecies/Encyrtus/aurantii/Encyrtus-aurantii-1208244.jpg,aurantii
gs://bugoff-bucket1/hinton/Insecta/GenusSpecies/Encyrtus/aurantii/Encyrtus-aurantii-1567252.jpg,aurantii
gs://bugoff-bucket1/hinton/Insecta/GenusSpecies/Encyrtus/aurantii/Encyrtus-aurantii-1576970.jpg,aurantii
gs://bugoff-bucket1/hinton/Insecta/GenusSpecies/Encyrtus/aurantii/Encyrtus-aurantii-1587788.jpg,aurantii
gs://bugoff-bucket1/hinton/Insecta/GenusSpecies/Encyrtus/aurantii/Encyrtus-aurantii-1648809.jpg,aurantii
gs://bugoff-bucket1/hinton/Insecta/GenusSpecies/Encyrtus/aurantii/Encyrtus-aurantii-1675071.jpg,aurantii
gs://bugoff-bucket1/hinton/Insecta/GenusSpecies/Encyrtus/aurantii/Encyrtus-aurantii-5653058.jpg,aurantii
gs://bugoff-bucket1/hinton/Insecta/GenusSpecies/Encyrtus/aurantii/Encyrtus-aurantii-5801982.jpg,aurantii
gs://bugoff-bucket1/hinton/Insecta/GenusSpecies/Encyrtus/infelix/Encyrtus-infelix-1210634.jpg,infelix
gs://bugoff-bucket1/hinton/Insecta/GenusSpecies/Encyrtus/infelix/Encyrtus-infelix-1211402.jpg,infelix
gs://bugoff-bucket1/hinton/Insecta/GenusSpecies/Encyrtus/infelix/Encyrtus-infelix-1586045.jpg,infelix
gs://bugoff-bucket1/hinton/Insecta/GenusSpecies/Encyrtus/infelix/Encyrtus-infelix-1651530.jpg,infelix
gs://bugoff-bucket1/hinton/Insecta/GenusSpecies/Encyrtus/infelix/Encyrtus-infelix-1667791.jpg,infelix
gs://bugoff-bucket1/hinton/Insecta/GenusSpecies/Encyrtus/infelix/Encyrtus-infelix-1682069.jpg,infelix
gs://bugoff-bucket1/hinton/Insecta/GenusSpecies/Encyrtus/infelix/Encyrtus-infelix-1880819.jpg,infelix
gs://bugoff-bucket1/hinton/Insecta/GenusSpecies/Gyranusoidea/advena/Gyranusoidea-advena-1640695.jpg,advena
gs://bugoff-bucket1/hinton/Insecta/GenusSpecies/Gyranusoidea/advena/Gyranusoidea-advena-1759447.jpg,advena
gs://bugoff-bucket1/hinton/Insecta/GenusSpecies/Gyranusoidea/advena/Gyranusoidea-advena-1759484.jpg,advena
gs://bugoff-bucket1/hinton/Insecta/GenusSpecies/Gyranusoidea/advena/Gyranusoidea-advena-1829163.jpg,advena
gs://bugoff-bucket1/hinton/Insecta/GenusSpecies/Gyranusoidea/longispinus/Gyranusoidea-longispinus-1210461.jpg,longispinus
gs://bugoff-bucket1/hinton/Insecta/GenusSpecies/Habrolepis/dalmanni/Habrolepis-dalmanni-2757979.jpg,dalmanni
gs://bugoff-bucket1/hinton/Insecta/GenusSpecies/Homalotylus/st1/Homalotylus-st1-5486869.jpg,st1
gs://bugoff-bucket1/hinton/Insecta/GenusSpecies/Metaphycus/alberti/Metaphycus-alberti-2969043.jpg,alberti
gs://bugoff-bucket1/hinton/Insecta/GenusSpecies/Metaphycus/alberti/Metaphycus-alberti-3046721.jpg,alberti
gs://bugoff-bucket1/hinton/Insecta/GenusSpecies/Metaphycus/claviger/Metaphycus-claviger-3019800.jpg,claviger
gs://bugoff-bucket1/hinton/Insecta/GenusSpecies/Metaphycus/maculipennis/Metaphycus-maculipennis-5653971.jpg,maculipennis
gs://bugoff-bucket1/hinton/Insecta/GenusSpecies/Microterys/nietneri/Microterys-nietneri-1210734.jpg,nietneri
gs://bugoff-bucket1/hinton/Insecta/GenusSpecies/Microterys/nietneri/Microterys-nietneri-1211110.jpg,nietneri
gs://bugoff-bucket1/hinton/Insecta/GenusSpecies/Microterys/nietneri/Microterys-nietneri-1241439.jpg,nietneri
gs://bugoff-bucket1/hinton/Insecta/GenusSpecies/Microterys/nietneri/Microterys-nietneri-1325583.jpg,nietneri
gs://bugoff-bucket1/hinton/Insecta/GenusSpecies/Microterys/nietneri/Microterys-nietneri-1548155.jpg,nietneri
gs://bugoff-bucket1/hinton/Insecta/GenusSpecies/Microterys/nietneri/Microterys-nietneri-1587984.jpg,nietneri
gs://bugoff-bucket1/hinton/Insecta/GenusSpecies/Microterys/nietneri/Microterys-nietneri-1885495.jpg,nietneri
gs://bugoff-bucket1/hinton/Insecta/GenusSpecies/Microterys/nietneri/Microterys-nietneri-5987102.jpg,nietneri
gs://bugoff-bucket1/hinton/Insecta/GenusSpecies/Psyllaephagus/acaciae/Psyllaephagus-acaciae-1209904.jpg,acaciae
gs://bugoff-bucket1/hinton/Insecta/GenusSpecies/Psyllaephagus/acaciae/Psyllaephagus-acaciae-3604774.jpg,acaciae
gs://bugoff-bucket1/hinton/Insecta/GenusSpecies/Psyllaephagus/bliteus/Psyllaephagus-bliteus-1727709.jpg,bliteus
gs://bugoff-bucket1/hinton/Insecta/GenusSpecies/Psyllaephagus/bliteus/Psyllaephagus-bliteus-3554993.jpg,bliteus
gs://bugoff-bucket1/hinton/Insecta/GenusSpecies/Psyllaephagus/bliteus/Psyllaephagus-bliteus-4741614.jpg,bliteus
gs://bugoff-bucket1/hinton/Insecta/GenusSpecies/Psyllaephagus/cornwallensis/Psyllaephagus-cornwallensis-1202065.jpg,cornwallensis
gs://bugoff-bucket1/hinton/Insecta/GenusSpecies/Psyllaephagus/cornwallensis/Psyllaephagus-cornwallensis-6592466.jpg,cornwallensis
gs://bugoff-bucket1/hinton/Insecta/GenusSpecies/Psyllaephagus/gemitus/Psyllaephagus-gemitus-1209862.jpg,gemitus
gs://bugoff-bucket1/hinton/Insecta/GenusSpecies/Psyllaephagus/gemitus/Psyllaephagus-gemitus-1209891.jpg,gemitus
gs://bugoff-bucket1/hinton/Insecta/GenusSpecies/Psyllaephagus/gemitus/Psyllaephagus-gemitus-1245796.jpg,gemitus
gs://bugoff-bucket1/hinton/Insecta/GenusSpecies/Psyllaephagus/gemitus/Psyllaephagus-gemitus-1245801.jpg,gemitus
gs://bugoff-bucket1/hinton/Insecta/GenusSpecies/Psyllaephagus/gemitus/Psyllaephagus-gemitus-6643105.jpg,gemitus
gs://bugoff-bucket1/hinton/Insecta/GenusSpecies/Psyllaephagus/pilosus/Psyllaephagus-pilosus-1209304.jpg,pilosus
gs://bugoff-bucket1/hinton/Insecta/GenusSpecies/Psyllaephagus/pilosus/Psyllaephagus-pilosus-7856237.jpg,pilosus
gs://bugoff-bucket1/hinton/Insecta/GenusSpecies/Psyllaephagus/st1/Psyllaephagus-st1-4623602.jpg,st1
gs://bugoff-bucket1/hinton/Insecta/GenusSpecies/Psyllaephagus/st1/Psyllaephagus-st1-4647408.jpg,st1
gs://bugoff-bucket1/hinton/Insecta/GenusSpecies/Psyllaephagus/st1/Psyllaephagus-st1-5398756.jpg,st1
gs://bugoff-bucket1/hinton/Insecta/GenusSpecies/Psyllaephagus/st1/Psyllaephagus-st1-5529708.jpg,st1
gs://bugoff-bucket1/hinton/Insecta/GenusSpecies/Psyllaephagus/st1/Psyllaephagus-st1-5530775.jpg,st1
gs://bugoff-bucket1/hinton/Insecta/GenusSpecies/Psyllaephagus/st1/Psyllaephagus-st1-5540195.jpg,st1
gs://bugoff-bucket1/hinton/Insecta/GenusSpecies/Psyllaephagus/st1/Psyllaephagus-st1-5545983.jpg,st1
gs://bugoff-bucket1/hinton/Insecta/GenusSpecies/Psyllaephagus/st1/Psyllaephagus-st1-5546014.jpg,st1
gs://bugoff-bucket1/hinton/Insecta/GenusSpecies/Psyllaephagus/st1/Psyllaephagus-st1-5547582.jpg,st1
gs://bugoff-bucket1/hinton/Insecta/GenusSpecies/Tetracnemoidea/bicolor/Tetracnemoidea-bicolor-1265540.jpg,bicolor
gs://bugoff-bucket1/hinton/Insecta/GenusSpecies/Tetracnemoidea/bicolor/Tetracnemoidea-bicolor-1265600.jpg,bicolor
gs://bugoff-bucket1/hinton/Insecta/GenusSpecies/Tetracnemoidea/sydneyensis/Tetracnemoidea-sydneyensis-1208334.jpg,sydneyensis
gs://bugoff-bucket1/hinton/Insecta/GenusSpecies/Tetracnemoidea/sydneyensis/Tetracnemoidea-sydneyensis-1257243.jpg,sydneyensis
gs://bugoff-bucket1/hinton/Insecta/GenusSpecies/Tetracnemoidea/sydneyensis/Tetracnemoidea-sydneyensis-1257481.jpg,sydneyensis
gs://bugoff-bucket1/hinton/Insecta/GenusSpecies/Tetracnemoidea/sydneyensis/Tetracnemoidea-sydneyensis-1651383.jpg,sydneyensis
gs://bugoff-bucket1/hinton/Insecta/GenusSpecies/Tetracnemoidea/sydneyensis/Tetracnemoidea-sydneyensis-1713595.jpg,sydneyensis
gs://bugoff-bucket1/hinton/Insecta/GenusSpecies/Tetracnemoidea/sydneyensis/Tetracnemoidea-sydneyensis-1730755.jpg,sydneyensis
gs://bugoff-bucket1/hinton/Insecta/GenusSpecies/Tetracnemoidea/sydneyensis/Tetracnemoidea-sydneyensis-6326931.jpg,sydneyensis
gs://bugoff-bucket1/hinton/Insecta/GenusSpecies/Tetracnemoidea/sydneyensis/Tetracnemoidea-sydneyensis-6827765.jpg,sydneyensis
gs://bugoff-bucket1/hinton/Insecta/GenusSpecies/Tetracnemoidea/sydneyensis/Tetracnemoidea-sydneyensis-7303722.jpg,sydneyensis
