gs://bugoff-bucket1/hinton/Insecta/GenusSpecies/Andrenosoma/fulvicaudum/Andrenosoma-fulvicaudum-9047496.jpg,fulvicaudum
gs://bugoff-bucket1/hinton/Insecta/GenusSpecies/Andrenosoma/fulvicaudum/Andrenosoma-fulvicaudum-940816.jpg,fulvicaudum
gs://bugoff-bucket1/hinton/Insecta/GenusSpecies/Andrenosoma/xanthocnemum/Andrenosoma-xanthocnemum-8694094.jpg,xanthocnemum
gs://bugoff-bucket1/hinton/Insecta/GenusSpecies/Archilestris/magnificus/Archilestris-magnificus-9494370.jpg,magnificus
gs://bugoff-bucket1/hinton/Insecta/GenusSpecies/Asilus/crabroniformis/Asilus-crabroniformis-9225387.jpg,crabroniformis
gs://bugoff-bucket1/hinton/Insecta/GenusSpecies/Asilus/sericeus/Asilus-sericeus-8110885.jpg,sericeus
gs://bugoff-bucket1/hinton/Insecta/GenusSpecies/Asilus/sericeus/Asilus-sericeus-8230509.jpg,sericeus
gs://bugoff-bucket1/hinton/Insecta/GenusSpecies/Asilus/sericeus/Asilus-sericeus-8375439.jpg,sericeus
gs://bugoff-bucket1/hinton/Insecta/GenusSpecies/Asilus/sericeus/Asilus-sericeus-8434966.jpg,sericeus
gs://bugoff-bucket1/hinton/Insecta/GenusSpecies/Asilus/sericeus/Asilus-sericeus-8570278.jpg,sericeus
gs://bugoff-bucket1/hinton/Insecta/GenusSpecies/Asilus/sericeus/Asilus-sericeus-8909894.jpg,sericeus
gs://bugoff-bucket1/hinton/Insecta/GenusSpecies/Asilus/sericeus/Asilus-sericeus-9135446.jpg,sericeus
gs://bugoff-bucket1/hinton/Insecta/GenusSpecies/Asilus/sericeus/Asilus-sericeus-9388306.jpg,sericeus
gs://bugoff-bucket1/hinton/Insecta/GenusSpecies/Asilus/sericeus/Asilus-sericeus-953082.jpg,sericeus
gs://bugoff-bucket1/hinton/Insecta/GenusSpecies/Asilus/sericeus/Asilus-sericeus-995912.jpg,sericeus
gs://bugoff-bucket1/hinton/Insecta/GenusSpecies/Asilus/sericeus/Asilus-sericeus-998983.jpg,sericeus
gs://bugoff-bucket1/hinton/Insecta/GenusSpecies/Atomosia/puella/Atomosia-puella-8181992.jpg,puella
gs://bugoff-bucket1/hinton/Insecta/GenusSpecies/Atomosia/puella/Atomosia-puella-8182555.jpg,puella
gs://bugoff-bucket1/hinton/Insecta/GenusSpecies/Atomosia/puella/Atomosia-puella-8183008.jpg,puella
gs://bugoff-bucket1/hinton/Insecta/GenusSpecies/Atomosia/puella/Atomosia-puella-8183014.jpg,puella
gs://bugoff-bucket1/hinton/Insecta/GenusSpecies/Atomosia/puella/Atomosia-puella-8197636.jpg,puella
gs://bugoff-bucket1/hinton/Insecta/GenusSpecies/Atomosia/puella/Atomosia-puella-8471789.jpg,puella
gs://bugoff-bucket1/hinton/Insecta/GenusSpecies/Atomosia/puella/Atomosia-puella-8694751.jpg,puella
gs://bugoff-bucket1/hinton/Insecta/GenusSpecies/Atomosia/puella/Atomosia-puella-8897681.jpg,puella
gs://bugoff-bucket1/hinton/Insecta/GenusSpecies/Atomosia/puella/Atomosia-puella-9093130.jpg,puella
gs://bugoff-bucket1/hinton/Insecta/GenusSpecies/Callinicus/pictitarsis/Callinicus-pictitarsis-8311928.jpg,pictitarsis
gs://bugoff-bucket1/hinton/Insecta/GenusSpecies/Callinicus/pictitarsis/Callinicus-pictitarsis-8329004.jpg,pictitarsis
gs://bugoff-bucket1/hinton/Insecta/GenusSpecies/Callinicus/pictitarsis/Callinicus-pictitarsis-8437262.jpg,pictitarsis
gs://bugoff-bucket1/hinton/Insecta/GenusSpecies/Callinicus/pollenius/Callinicus-pollenius-9534690.jpg,pollenius
gs://bugoff-bucket1/hinton/Insecta/GenusSpecies/Callinicus/pollenius/Callinicus-pollenius-9535123.jpg,pollenius
gs://bugoff-bucket1/hinton/Insecta/GenusSpecies/Ceraturgus/elizabethae/Ceraturgus-elizabethae-8518244.jpg,elizabethae
gs://bugoff-bucket1/hinton/Insecta/GenusSpecies/Cerotainia/albipilosa/Cerotainia-albipilosa-9377418.jpg,albipilosa
gs://bugoff-bucket1/hinton/Insecta/GenusSpecies/Cerotainia/macrocera/Cerotainia-macrocera-9217118.jpg,macrocera
gs://bugoff-bucket1/hinton/Insecta/GenusSpecies/Cerotainia/macrocera/Cerotainia-macrocera-9281932.jpg,macrocera
gs://bugoff-bucket1/hinton/Insecta/GenusSpecies/Cerotainia/macrocera/Cerotainia-macrocera-9354675.jpg,macrocera
gs://bugoff-bucket1/hinton/Insecta/GenusSpecies/Cyrtopogon/falto/Cyrtopogon-falto-8618948.jpg,falto
gs://bugoff-bucket1/hinton/Insecta/GenusSpecies/Cyrtopogon/falto/Cyrtopogon-falto-8618955.jpg,falto
gs://bugoff-bucket1/hinton/Insecta/GenusSpecies/Cyrtopogon/willistoni/Cyrtopogon-willistoni-8499232.jpg,willistoni
gs://bugoff-bucket1/hinton/Insecta/GenusSpecies/Dasylechia/atrox/Dasylechia-atrox-9532286.jpg,atrox
gs://bugoff-bucket1/hinton/Insecta/GenusSpecies/Dasylechia/atrox/Dasylechia-atrox-9599462.jpg,atrox
gs://bugoff-bucket1/hinton/Insecta/GenusSpecies/Dioctria/hyalipennis/Dioctria-hyalipennis-833606.jpg,hyalipennis
gs://bugoff-bucket1/hinton/Insecta/GenusSpecies/Dioctria/hyalipennis/Dioctria-hyalipennis-8618934.jpg,hyalipennis
gs://bugoff-bucket1/hinton/Insecta/GenusSpecies/Dioctria/hyalipennis/Dioctria-hyalipennis-8723928.jpg,hyalipennis
gs://bugoff-bucket1/hinton/Insecta/GenusSpecies/Dioctria/hyalipennis/Dioctria-hyalipennis-8748116.jpg,hyalipennis
gs://bugoff-bucket1/hinton/Insecta/GenusSpecies/Dioctria/hyalipennis/Dioctria-hyalipennis-8762028.jpg,hyalipennis
gs://bugoff-bucket1/hinton/Insecta/GenusSpecies/Dioctria/hyalipennis/Dioctria-hyalipennis-8891300.jpg,hyalipennis
gs://bugoff-bucket1/hinton/Insecta/GenusSpecies/Dioctria/hyalipennis/Dioctria-hyalipennis-9227625.jpg,hyalipennis
gs://bugoff-bucket1/hinton/Insecta/GenusSpecies/Dioctria/hyalipennis/Dioctria-hyalipennis-9365190.jpg,hyalipennis
gs://bugoff-bucket1/hinton/Insecta/GenusSpecies/Dioctria/hyalipennis/Dioctria-hyalipennis-9417327.jpg,hyalipennis
gs://bugoff-bucket1/hinton/Insecta/GenusSpecies/Dioctria/hyalipennis/Dioctria-hyalipennis-9513968.jpg,hyalipennis
gs://bugoff-bucket1/hinton/Insecta/GenusSpecies/Dioctria/linearis/Dioctria-linearis-8509319.jpg,linearis
gs://bugoff-bucket1/hinton/Insecta/GenusSpecies/Dioctria/linearis/Dioctria-linearis-927128.jpg,linearis
gs://bugoff-bucket1/hinton/Insecta/GenusSpecies/Dioctria/linearis/Dioctria-linearis-946958.jpg,linearis
gs://bugoff-bucket1/hinton/Insecta/GenusSpecies/Dioctria/pleuralis/Dioctria-pleuralis-9507639.jpg,pleuralis
gs://bugoff-bucket1/hinton/Insecta/GenusSpecies/Dioctria/rufipes/Dioctria-rufipes-8159355.jpg,rufipes
gs://bugoff-bucket1/hinton/Insecta/GenusSpecies/Dioctria/rufipes/Dioctria-rufipes-9011606.jpg,rufipes
gs://bugoff-bucket1/hinton/Insecta/GenusSpecies/Diogmites/angustipennis/Diogmites-angustipennis-8028222.jpg,angustipennis
gs://bugoff-bucket1/hinton/Insecta/GenusSpecies/Diogmites/angustipennis/Diogmites-angustipennis-8250839.jpg,angustipennis
gs://bugoff-bucket1/hinton/Insecta/GenusSpecies/Diogmites/angustipennis/Diogmites-angustipennis-8251242.jpg,angustipennis
gs://bugoff-bucket1/hinton/Insecta/GenusSpecies/Diogmites/angustipennis/Diogmites-angustipennis-951330.jpg,angustipennis
gs://bugoff-bucket1/hinton/Insecta/GenusSpecies/Diogmites/angustipennis/Diogmites-angustipennis-9588006.jpg,angustipennis
gs://bugoff-bucket1/hinton/Insecta/GenusSpecies/Diogmites/angustipennis/Diogmites-angustipennis-9608384.jpg,angustipennis
gs://bugoff-bucket1/hinton/Insecta/GenusSpecies/Diogmites/apicalis/Diogmites-apicalis-9428081.jpg,apicalis
gs://bugoff-bucket1/hinton/Insecta/GenusSpecies/Diogmites/carolina/Diogmites-carolina-9276909.jpg,carolina
gs://bugoff-bucket1/hinton/Insecta/GenusSpecies/Diogmites/jaliscoensis/Diogmites-jaliscoensis-9431519.jpg,jaliscoensis
gs://bugoff-bucket1/hinton/Insecta/GenusSpecies/Diogmites/missouriensis/Diogmites-missouriensis-9066303.jpg,missouriensis
gs://bugoff-bucket1/hinton/Insecta/GenusSpecies/Diogmites/neoternatus/Diogmites-neoternatus-8091644.jpg,neoternatus
gs://bugoff-bucket1/hinton/Insecta/GenusSpecies/Diogmites/neoternatus/Diogmites-neoternatus-8099697.jpg,neoternatus
gs://bugoff-bucket1/hinton/Insecta/GenusSpecies/Diogmites/neoternatus/Diogmites-neoternatus-8562470.jpg,neoternatus
gs://bugoff-bucket1/hinton/Insecta/GenusSpecies/Diogmites/neoternatus/Diogmites-neoternatus-8938266.jpg,neoternatus
gs://bugoff-bucket1/hinton/Insecta/GenusSpecies/Diogmites/neoternatus/Diogmites-neoternatus-9008228.jpg,neoternatus
gs://bugoff-bucket1/hinton/Insecta/GenusSpecies/Diogmites/neoternatus/Diogmites-neoternatus-9047656.jpg,neoternatus
gs://bugoff-bucket1/hinton/Insecta/GenusSpecies/Diogmites/neoternatus/Diogmites-neoternatus-9116793.jpg,neoternatus
gs://bugoff-bucket1/hinton/Insecta/GenusSpecies/Diogmites/neoternatus/Diogmites-neoternatus-9117450.jpg,neoternatus
gs://bugoff-bucket1/hinton/Insecta/GenusSpecies/Diogmites/neoternatus/Diogmites-neoternatus-9200025.jpg,neoternatus
gs://bugoff-bucket1/hinton/Insecta/GenusSpecies/Diogmites/neoternatus/Diogmites-neoternatus-9242046.jpg,neoternatus
gs://bugoff-bucket1/hinton/Insecta/GenusSpecies/Diogmites/neoternatus/Diogmites-neoternatus-9272175.jpg,neoternatus
gs://bugoff-bucket1/hinton/Insecta/GenusSpecies/Diogmites/neoternatus/Diogmites-neoternatus-9279791.jpg,neoternatus
gs://bugoff-bucket1/hinton/Insecta/GenusSpecies/Diogmites/neoternatus/Diogmites-neoternatus-9318195.jpg,neoternatus
gs://bugoff-bucket1/hinton/Insecta/GenusSpecies/Diogmites/neoternatus/Diogmites-neoternatus-9345643.jpg,neoternatus
gs://bugoff-bucket1/hinton/Insecta/GenusSpecies/Diogmites/neoternatus/Diogmites-neoternatus-9461971.jpg,neoternatus
gs://bugoff-bucket1/hinton/Insecta/GenusSpecies/Diogmites/neoternatus/Diogmites-neoternatus-9488194.jpg,neoternatus
gs://bugoff-bucket1/hinton/Insecta/GenusSpecies/Diogmites/neoternatus/Diogmites-neoternatus-9597753.jpg,neoternatus
gs://bugoff-bucket1/hinton/Insecta/GenusSpecies/Diogmites/neoternatus/Diogmites-neoternatus-9613523.jpg,neoternatus
gs://bugoff-bucket1/hinton/Insecta/GenusSpecies/Diogmites/peregrinus/Diogmites-peregrinus-998310.jpg,peregrinus
gs://bugoff-bucket1/hinton/Insecta/GenusSpecies/Diogmites/sallei/Diogmites-sallei-8592797.jpg,sallei
gs://bugoff-bucket1/hinton/Insecta/GenusSpecies/Diogmites/salutans/Diogmites-salutans-8147960.jpg,salutans
gs://bugoff-bucket1/hinton/Insecta/GenusSpecies/Diogmites/umbrata/Diogmites-umbrata-9073620.jpg,umbrata
gs://bugoff-bucket1/hinton/Insecta/GenusSpecies/Eccritosia/zamon/Eccritosia-zamon-8529726.jpg,zamon
gs://bugoff-bucket1/hinton/Insecta/GenusSpecies/Eccritosia/zamon/Eccritosia-zamon-971494.jpg,zamon
gs://bugoff-bucket1/hinton/Insecta/GenusSpecies/Efferia/aestuans/Efferia-aestuans-8075709.jpg,aestuans
gs://bugoff-bucket1/hinton/Insecta/GenusSpecies/Efferia/aestuans/Efferia-aestuans-8252040.jpg,aestuans
gs://bugoff-bucket1/hinton/Insecta/GenusSpecies/Efferia/aestuans/Efferia-aestuans-8260292.jpg,aestuans
gs://bugoff-bucket1/hinton/Insecta/GenusSpecies/Efferia/aestuans/Efferia-aestuans-8260326.jpg,aestuans
gs://bugoff-bucket1/hinton/Insecta/GenusSpecies/Efferia/aestuans/Efferia-aestuans-8294481.jpg,aestuans
gs://bugoff-bucket1/hinton/Insecta/GenusSpecies/Efferia/aestuans/Efferia-aestuans-8294488.jpg,aestuans
gs://bugoff-bucket1/hinton/Insecta/GenusSpecies/Efferia/aestuans/Efferia-aestuans-8496299.jpg,aestuans
gs://bugoff-bucket1/hinton/Insecta/GenusSpecies/Efferia/aestuans/Efferia-aestuans-8558057.jpg,aestuans
gs://bugoff-bucket1/hinton/Insecta/GenusSpecies/Efferia/aestuans/Efferia-aestuans-8570652.jpg,aestuans
gs://bugoff-bucket1/hinton/Insecta/GenusSpecies/Efferia/aestuans/Efferia-aestuans-8572710.jpg,aestuans
gs://bugoff-bucket1/hinton/Insecta/GenusSpecies/Efferia/aestuans/Efferia-aestuans-8791349.jpg,aestuans
gs://bugoff-bucket1/hinton/Insecta/GenusSpecies/Efferia/aestuans/Efferia-aestuans-8898158.jpg,aestuans
gs://bugoff-bucket1/hinton/Insecta/GenusSpecies/Efferia/aestuans/Efferia-aestuans-8909898.jpg,aestuans
gs://bugoff-bucket1/hinton/Insecta/GenusSpecies/Efferia/aestuans/Efferia-aestuans-8952150.jpg,aestuans
gs://bugoff-bucket1/hinton/Insecta/GenusSpecies/Efferia/aestuans/Efferia-aestuans-8971406.jpg,aestuans
gs://bugoff-bucket1/hinton/Insecta/GenusSpecies/Efferia/aestuans/Efferia-aestuans-9032773.jpg,aestuans
gs://bugoff-bucket1/hinton/Insecta/GenusSpecies/Efferia/aestuans/Efferia-aestuans-9205174.jpg,aestuans
gs://bugoff-bucket1/hinton/Insecta/GenusSpecies/Efferia/aestuans/Efferia-aestuans-9223940.jpg,aestuans
gs://bugoff-bucket1/hinton/Insecta/GenusSpecies/Efferia/aestuans/Efferia-aestuans-9227878.jpg,aestuans
gs://bugoff-bucket1/hinton/Insecta/GenusSpecies/Efferia/aestuans/Efferia-aestuans-9353040.jpg,aestuans
gs://bugoff-bucket1/hinton/Insecta/GenusSpecies/Efferia/aestuans/Efferia-aestuans-9370149.jpg,aestuans
gs://bugoff-bucket1/hinton/Insecta/GenusSpecies/Efferia/aestuans/Efferia-aestuans-9435471.jpg,aestuans
gs://bugoff-bucket1/hinton/Insecta/GenusSpecies/Efferia/aestuans/Efferia-aestuans-9435480.jpg,aestuans
gs://bugoff-bucket1/hinton/Insecta/GenusSpecies/Efferia/aestuans/Efferia-aestuans-9506481.jpg,aestuans
gs://bugoff-bucket1/hinton/Insecta/GenusSpecies/Efferia/aestuans/Efferia-aestuans-9533758.jpg,aestuans
gs://bugoff-bucket1/hinton/Insecta/GenusSpecies/Efferia/aestuans/Efferia-aestuans-9583424.jpg,aestuans
gs://bugoff-bucket1/hinton/Insecta/GenusSpecies/Efferia/aestuans/Efferia-aestuans-9595963.jpg,aestuans
gs://bugoff-bucket1/hinton/Insecta/GenusSpecies/Efferia/aestuans/Efferia-aestuans-9596388.jpg,aestuans
gs://bugoff-bucket1/hinton/Insecta/GenusSpecies/Efferia/aestuans/Efferia-aestuans-9603723.jpg,aestuans
gs://bugoff-bucket1/hinton/Insecta/GenusSpecies/Efferia/albibarbis/Efferia-albibarbis-8156986.jpg,albibarbis
gs://bugoff-bucket1/hinton/Insecta/GenusSpecies/Efferia/albibarbis/Efferia-albibarbis-8182049.jpg,albibarbis
gs://bugoff-bucket1/hinton/Insecta/GenusSpecies/Efferia/albibarbis/Efferia-albibarbis-8462035.jpg,albibarbis
gs://bugoff-bucket1/hinton/Insecta/GenusSpecies/Efferia/albibarbis/Efferia-albibarbis-8462037.jpg,albibarbis
gs://bugoff-bucket1/hinton/Insecta/GenusSpecies/Efferia/albibarbis/Efferia-albibarbis-8462055.jpg,albibarbis
gs://bugoff-bucket1/hinton/Insecta/GenusSpecies/Efferia/albibarbis/Efferia-albibarbis-8509618.jpg,albibarbis
gs://bugoff-bucket1/hinton/Insecta/GenusSpecies/Efferia/albibarbis/Efferia-albibarbis-8750215.jpg,albibarbis
gs://bugoff-bucket1/hinton/Insecta/GenusSpecies/Efferia/albibarbis/Efferia-albibarbis-881244.jpg,albibarbis
gs://bugoff-bucket1/hinton/Insecta/GenusSpecies/Efferia/albibarbis/Efferia-albibarbis-8886122.jpg,albibarbis
gs://bugoff-bucket1/hinton/Insecta/GenusSpecies/Efferia/albibarbis/Efferia-albibarbis-9040303.jpg,albibarbis
gs://bugoff-bucket1/hinton/Insecta/GenusSpecies/Efferia/albibarbis/Efferia-albibarbis-9189944.jpg,albibarbis
gs://bugoff-bucket1/hinton/Insecta/GenusSpecies/Efferia/albibarbis/Efferia-albibarbis-9391370.jpg,albibarbis
gs://bugoff-bucket1/hinton/Insecta/GenusSpecies/Efferia/albibarbis/Efferia-albibarbis-9558964.jpg,albibarbis
gs://bugoff-bucket1/hinton/Insecta/GenusSpecies/Efferia/albibarbis/Efferia-albibarbis-979155.jpg,albibarbis
gs://bugoff-bucket1/hinton/Insecta/GenusSpecies/Efferia/apicalis/Efferia-apicalis-8294460.jpg,apicalis
gs://bugoff-bucket1/hinton/Insecta/GenusSpecies/Efferia/apicalis/Efferia-apicalis-9583634.jpg,apicalis
gs://bugoff-bucket1/hinton/Insecta/GenusSpecies/Efferia/nemoralis/Efferia-nemoralis-8252081.jpg,nemoralis
gs://bugoff-bucket1/hinton/Insecta/GenusSpecies/Efferia/nemoralis/Efferia-nemoralis-8718805.jpg,nemoralis
gs://bugoff-bucket1/hinton/Insecta/GenusSpecies/Efferia/pogonias/Efferia-pogonias-8250887.jpg,pogonias
gs://bugoff-bucket1/hinton/Insecta/GenusSpecies/Efferia/pogonias/Efferia-pogonias-8250906.jpg,pogonias
gs://bugoff-bucket1/hinton/Insecta/GenusSpecies/Efferia/pogonias/Efferia-pogonias-9373660.jpg,pogonias
gs://bugoff-bucket1/hinton/Insecta/GenusSpecies/Efferia/prairiensis/Efferia-prairiensis-9003648.jpg,prairiensis
gs://bugoff-bucket1/hinton/Insecta/GenusSpecies/Efferia/snowi/Efferia-snowi-8458000.jpg,snowi
gs://bugoff-bucket1/hinton/Insecta/GenusSpecies/Efferia/snowi/Efferia-snowi-8471593.jpg,snowi
gs://bugoff-bucket1/hinton/Insecta/GenusSpecies/Efferia/snowi/Efferia-snowi-8534097.jpg,snowi
gs://bugoff-bucket1/hinton/Insecta/GenusSpecies/Efferia/snowi/Efferia-snowi-8583708.jpg,snowi
gs://bugoff-bucket1/hinton/Insecta/GenusSpecies/Efferia/snowi/Efferia-snowi-8607573.jpg,snowi
gs://bugoff-bucket1/hinton/Insecta/GenusSpecies/Eudioctria/albius/Eudioctria-albius-8058873.jpg,albius
gs://bugoff-bucket1/hinton/Insecta/GenusSpecies/Eudioctria/albius/Eudioctria-albius-8068386.jpg,albius
gs://bugoff-bucket1/hinton/Insecta/GenusSpecies/Eudioctria/albius/Eudioctria-albius-8072012.jpg,albius
gs://bugoff-bucket1/hinton/Insecta/GenusSpecies/Eudioctria/albius/Eudioctria-albius-8230190.jpg,albius
gs://bugoff-bucket1/hinton/Insecta/GenusSpecies/Eudioctria/albius/Eudioctria-albius-8568177.jpg,albius
gs://bugoff-bucket1/hinton/Insecta/GenusSpecies/Eudioctria/albius/Eudioctria-albius-8625969.jpg,albius
gs://bugoff-bucket1/hinton/Insecta/GenusSpecies/Eudioctria/sackeni/Eudioctria-sackeni-8912931.jpg,sackeni
gs://bugoff-bucket1/hinton/Insecta/GenusSpecies/Eudioctria/sackeni/Eudioctria-sackeni-9649757.jpg,sackeni
gs://bugoff-bucket1/hinton/Insecta/GenusSpecies/Eudioctria/sackeni/Eudioctria-sackeni-9677744.jpg,sackeni
gs://bugoff-bucket1/hinton/Insecta/GenusSpecies/Hadrokolos/texanus/Hadrokolos-texanus-9270094.jpg,texanus
gs://bugoff-bucket1/hinton/Insecta/GenusSpecies/Hadrokolos/texanus/Hadrokolos-texanus-9328714.jpg,texanus
gs://bugoff-bucket1/hinton/Insecta/GenusSpecies/Hadrokolos/texanus/Hadrokolos-texanus-9601181.jpg,texanus
gs://bugoff-bucket1/hinton/Insecta/GenusSpecies/Holcocephala/abdominalis/Holcocephala-abdominalis-9516679.jpg,abdominalis
gs://bugoff-bucket1/hinton/Insecta/GenusSpecies/Holcocephala/fusca/Holcocephala-fusca-8938226.jpg,fusca
gs://bugoff-bucket1/hinton/Insecta/GenusSpecies/Holcocephala/fusca/Holcocephala-fusca-90780.jpg,fusca
gs://bugoff-bucket1/hinton/Insecta/GenusSpecies/Holcocephala/illucens/Holcocephala-illucens-9350460.jpg,illucens
gs://bugoff-bucket1/hinton/Insecta/GenusSpecies/Lampria/bicolor/Lampria-bicolor-8471781.jpg,bicolor
gs://bugoff-bucket1/hinton/Insecta/GenusSpecies/Lampria/bicolor/Lampria-bicolor-8897674.jpg,bicolor
gs://bugoff-bucket1/hinton/Insecta/GenusSpecies/Lampria/bicolor/Lampria-bicolor-8947189.jpg,bicolor
gs://bugoff-bucket1/hinton/Insecta/GenusSpecies/Laphria/aktis/Laphria-aktis-8997155.jpg,aktis
gs://bugoff-bucket1/hinton/Insecta/GenusSpecies/Laphria/aktis/Laphria-aktis-9003716.jpg,aktis
gs://bugoff-bucket1/hinton/Insecta/GenusSpecies/Laphria/astur/Laphria-astur-8145702.jpg,astur
gs://bugoff-bucket1/hinton/Insecta/GenusSpecies/Laphria/canis/Laphria-canis-8087457.jpg,canis
gs://bugoff-bucket1/hinton/Insecta/GenusSpecies/Laphria/canis/Laphria-canis-8518245.jpg,canis
gs://bugoff-bucket1/hinton/Insecta/GenusSpecies/Laphria/canis/Laphria-canis-9036850.jpg,canis
gs://bugoff-bucket1/hinton/Insecta/GenusSpecies/Laphria/canis/Laphria-canis-9036856.jpg,canis
gs://bugoff-bucket1/hinton/Insecta/GenusSpecies/Laphria/canis/Laphria-canis-933182.jpg,canis
gs://bugoff-bucket1/hinton/Insecta/GenusSpecies/Laphria/canis/Laphria-canis-9544547.jpg,canis
gs://bugoff-bucket1/hinton/Insecta/GenusSpecies/Laphria/columbica/Laphria-columbica-8641522.jpg,columbica
gs://bugoff-bucket1/hinton/Insecta/GenusSpecies/Laphria/divisor/Laphria-divisor-8506326.jpg,divisor
gs://bugoff-bucket1/hinton/Insecta/GenusSpecies/Laphria/divisor/Laphria-divisor-8533099.jpg,divisor
gs://bugoff-bucket1/hinton/Insecta/GenusSpecies/Laphria/divisor/Laphria-divisor-8534071.jpg,divisor
gs://bugoff-bucket1/hinton/Insecta/GenusSpecies/Laphria/divisor/Laphria-divisor-9036797.jpg,divisor
gs://bugoff-bucket1/hinton/Insecta/GenusSpecies/Laphria/ephippium/Laphria-ephippium-8742405.jpg,ephippium
gs://bugoff-bucket1/hinton/Insecta/GenusSpecies/Laphria/flava/Laphria-flava-8015829.jpg,flava
gs://bugoff-bucket1/hinton/Insecta/GenusSpecies/Laphria/flava/Laphria-flava-8829004.jpg,flava
gs://bugoff-bucket1/hinton/Insecta/GenusSpecies/Laphria/flavicollis/Laphria-flavicollis-8060592.jpg,flavicollis
gs://bugoff-bucket1/hinton/Insecta/GenusSpecies/Laphria/flavicollis/Laphria-flavicollis-8145501.jpg,flavicollis
gs://bugoff-bucket1/hinton/Insecta/GenusSpecies/Laphria/flavicollis/Laphria-flavicollis-8223469.jpg,flavicollis
gs://bugoff-bucket1/hinton/Insecta/GenusSpecies/Laphria/flavicollis/Laphria-flavicollis-8251312.jpg,flavicollis
gs://bugoff-bucket1/hinton/Insecta/GenusSpecies/Laphria/flavicollis/Laphria-flavicollis-8506377.jpg,flavicollis
gs://bugoff-bucket1/hinton/Insecta/GenusSpecies/Laphria/flavicollis/Laphria-flavicollis-8508405.jpg,flavicollis
gs://bugoff-bucket1/hinton/Insecta/GenusSpecies/Laphria/flavicollis/Laphria-flavicollis-8515025.jpg,flavicollis
gs://bugoff-bucket1/hinton/Insecta/GenusSpecies/Laphria/flavicollis/Laphria-flavicollis-8695691.jpg,flavicollis
gs://bugoff-bucket1/hinton/Insecta/GenusSpecies/Laphria/flavicollis/Laphria-flavicollis-887852.jpg,flavicollis
gs://bugoff-bucket1/hinton/Insecta/GenusSpecies/Laphria/flavicollis/Laphria-flavicollis-8977219.jpg,flavicollis
gs://bugoff-bucket1/hinton/Insecta/GenusSpecies/Laphria/flavicollis/Laphria-flavicollis-9134939.jpg,flavicollis
gs://bugoff-bucket1/hinton/Insecta/GenusSpecies/Laphria/flavicollis/Laphria-flavicollis-9153827.jpg,flavicollis
gs://bugoff-bucket1/hinton/Insecta/GenusSpecies/Laphria/flavicollis/Laphria-flavicollis-9384963.jpg,flavicollis
gs://bugoff-bucket1/hinton/Insecta/GenusSpecies/Laphria/flavicollis/Laphria-flavicollis-950170.jpg,flavicollis
gs://bugoff-bucket1/hinton/Insecta/GenusSpecies/Laphria/grossa/Laphria-grossa-8040905.jpg,grossa
gs://bugoff-bucket1/hinton/Insecta/GenusSpecies/Laphria/grossa/Laphria-grossa-8101182.jpg,grossa
gs://bugoff-bucket1/hinton/Insecta/GenusSpecies/Laphria/grossa/Laphria-grossa-8617183.jpg,grossa
gs://bugoff-bucket1/hinton/Insecta/GenusSpecies/Laphria/grossa/Laphria-grossa-8651510.jpg,grossa
gs://bugoff-bucket1/hinton/Insecta/GenusSpecies/Laphria/grossa/Laphria-grossa-8678581.jpg,grossa
gs://bugoff-bucket1/hinton/Insecta/GenusSpecies/Laphria/grossa/Laphria-grossa-8725760.jpg,grossa
gs://bugoff-bucket1/hinton/Insecta/GenusSpecies/Laphria/grossa/Laphria-grossa-8740038.jpg,grossa
gs://bugoff-bucket1/hinton/Insecta/GenusSpecies/Laphria/grossa/Laphria-grossa-8825542.jpg,grossa
gs://bugoff-bucket1/hinton/Insecta/GenusSpecies/Laphria/grossa/Laphria-grossa-8860202.jpg,grossa
gs://bugoff-bucket1/hinton/Insecta/GenusSpecies/Laphria/grossa/Laphria-grossa-8860233.jpg,grossa
gs://bugoff-bucket1/hinton/Insecta/GenusSpecies/Laphria/grossa/Laphria-grossa-8909897.jpg,grossa
gs://bugoff-bucket1/hinton/Insecta/GenusSpecies/Laphria/grossa/Laphria-grossa-9073854.jpg,grossa
gs://bugoff-bucket1/hinton/Insecta/GenusSpecies/Laphria/grossa/Laphria-grossa-9212228.jpg,grossa
gs://bugoff-bucket1/hinton/Insecta/GenusSpecies/Laphria/grossa/Laphria-grossa-9229712.jpg,grossa
gs://bugoff-bucket1/hinton/Insecta/GenusSpecies/Laphria/grossa/Laphria-grossa-9269274.jpg,grossa
gs://bugoff-bucket1/hinton/Insecta/GenusSpecies/Laphria/grossa/Laphria-grossa-945774.jpg,grossa
gs://bugoff-bucket1/hinton/Insecta/GenusSpecies/Laphria/index/Laphria-index-8264080.jpg,index
gs://bugoff-bucket1/hinton/Insecta/GenusSpecies/Laphria/insignis/Laphria-insignis-8618949.jpg,insignis
gs://bugoff-bucket1/hinton/Insecta/GenusSpecies/Laphria/ithypyga/Laphria-ithypyga-935002.jpg,ithypyga
gs://bugoff-bucket1/hinton/Insecta/GenusSpecies/Laphria/janus/Laphria-janus-8777842.jpg,janus
gs://bugoff-bucket1/hinton/Insecta/GenusSpecies/Laphria/janus/Laphria-janus-9167971.jpg,janus
gs://bugoff-bucket1/hinton/Insecta/GenusSpecies/Laphria/lata/Laphria-lata-8478649.jpg,lata
gs://bugoff-bucket1/hinton/Insecta/GenusSpecies/Laphria/lata/Laphria-lata-913808.jpg,lata
gs://bugoff-bucket1/hinton/Insecta/GenusSpecies/Laphria/lata/Laphria-lata-913812.jpg,lata
gs://bugoff-bucket1/hinton/Insecta/GenusSpecies/Laphria/macquarti/Laphria-macquarti-8017162.jpg,macquarti
gs://bugoff-bucket1/hinton/Insecta/GenusSpecies/Laphria/macquarti/Laphria-macquarti-8041654.jpg,macquarti
gs://bugoff-bucket1/hinton/Insecta/GenusSpecies/Laphria/macquarti/Laphria-macquarti-8048463.jpg,macquarti
gs://bugoff-bucket1/hinton/Insecta/GenusSpecies/Laphria/macquarti/Laphria-macquarti-8063436.jpg,macquarti
gs://bugoff-bucket1/hinton/Insecta/GenusSpecies/Laphria/macquarti/Laphria-macquarti-8113412.jpg,macquarti
gs://bugoff-bucket1/hinton/Insecta/GenusSpecies/Laphria/macquarti/Laphria-macquarti-8121465.jpg,macquarti
gs://bugoff-bucket1/hinton/Insecta/GenusSpecies/Laphria/macquarti/Laphria-macquarti-8164740.jpg,macquarti
gs://bugoff-bucket1/hinton/Insecta/GenusSpecies/Laphria/macquarti/Laphria-macquarti-8170665.jpg,macquarti
gs://bugoff-bucket1/hinton/Insecta/GenusSpecies/Laphria/macquarti/Laphria-macquarti-8195623.jpg,macquarti
gs://bugoff-bucket1/hinton/Insecta/GenusSpecies/Laphria/macquarti/Laphria-macquarti-831982.jpg,macquarti
gs://bugoff-bucket1/hinton/Insecta/GenusSpecies/Laphria/macquarti/Laphria-macquarti-856357.jpg,macquarti
gs://bugoff-bucket1/hinton/Insecta/GenusSpecies/Laphria/macquarti/Laphria-macquarti-8573886.jpg,macquarti
gs://bugoff-bucket1/hinton/Insecta/GenusSpecies/Laphria/macquarti/Laphria-macquarti-8599558.jpg,macquarti
gs://bugoff-bucket1/hinton/Insecta/GenusSpecies/Laphria/macquarti/Laphria-macquarti-863438.jpg,macquarti
gs://bugoff-bucket1/hinton/Insecta/GenusSpecies/Laphria/macquarti/Laphria-macquarti-866107.jpg,macquarti
gs://bugoff-bucket1/hinton/Insecta/GenusSpecies/Laphria/macquarti/Laphria-macquarti-870609.jpg,macquarti
gs://bugoff-bucket1/hinton/Insecta/GenusSpecies/Laphria/macquarti/Laphria-macquarti-8921542.jpg,macquarti
gs://bugoff-bucket1/hinton/Insecta/GenusSpecies/Laphria/macquarti/Laphria-macquarti-9002238.jpg,macquarti
gs://bugoff-bucket1/hinton/Insecta/GenusSpecies/Laphria/macquarti/Laphria-macquarti-904061.jpg,macquarti
gs://bugoff-bucket1/hinton/Insecta/GenusSpecies/Laphria/macquarti/Laphria-macquarti-904819.jpg,macquarti
gs://bugoff-bucket1/hinton/Insecta/GenusSpecies/Laphria/macquarti/Laphria-macquarti-906922.jpg,macquarti
gs://bugoff-bucket1/hinton/Insecta/GenusSpecies/Laphria/macquarti/Laphria-macquarti-9186016.jpg,macquarti
gs://bugoff-bucket1/hinton/Insecta/GenusSpecies/Laphria/macquarti/Laphria-macquarti-934420.jpg,macquarti
gs://bugoff-bucket1/hinton/Insecta/GenusSpecies/Laphria/macquarti/Laphria-macquarti-9532742.jpg,macquarti
gs://bugoff-bucket1/hinton/Insecta/GenusSpecies/Laphria/macquarti/Laphria-macquarti-9623240.jpg,macquarti
gs://bugoff-bucket1/hinton/Insecta/GenusSpecies/Laphria/mitsukurii/Laphria-mitsukurii-925540.jpg,mitsukurii
gs://bugoff-bucket1/hinton/Insecta/GenusSpecies/Laphria/posticata/Laphria-posticata-8652216.jpg,posticata
gs://bugoff-bucket1/hinton/Insecta/GenusSpecies/Laphria/sacrator/Laphria-sacrator-8359172.jpg,sacrator
gs://bugoff-bucket1/hinton/Insecta/GenusSpecies/Laphria/sacrator/Laphria-sacrator-9035922.jpg,sacrator
gs://bugoff-bucket1/hinton/Insecta/GenusSpecies/Laphria/sacrator/Laphria-sacrator-926036.jpg,sacrator
gs://bugoff-bucket1/hinton/Insecta/GenusSpecies/Laphria/sacrator/Laphria-sacrator-928499.jpg,sacrator
gs://bugoff-bucket1/hinton/Insecta/GenusSpecies/Laphria/sacrator/Laphria-sacrator-9288556.jpg,sacrator
gs://bugoff-bucket1/hinton/Insecta/GenusSpecies/Laphria/sacrator/Laphria-sacrator-935597.jpg,sacrator
gs://bugoff-bucket1/hinton/Insecta/GenusSpecies/Laphria/sacrator/Laphria-sacrator-941827.jpg,sacrator
gs://bugoff-bucket1/hinton/Insecta/GenusSpecies/Laphria/sadales/Laphria-sadales-8578716.jpg,sadales
gs://bugoff-bucket1/hinton/Insecta/GenusSpecies/Laphria/sadales/Laphria-sadales-8904412.jpg,sadales
gs://bugoff-bucket1/hinton/Insecta/GenusSpecies/Laphria/saffrana/Laphria-saffrana-8063438.jpg,saffrana
gs://bugoff-bucket1/hinton/Insecta/GenusSpecies/Laphria/saffrana/Laphria-saffrana-8073723.jpg,saffrana
gs://bugoff-bucket1/hinton/Insecta/GenusSpecies/Laphria/saffrana/Laphria-saffrana-8252089.jpg,saffrana
gs://bugoff-bucket1/hinton/Insecta/GenusSpecies/Laphria/saffrana/Laphria-saffrana-8260520.jpg,saffrana
gs://bugoff-bucket1/hinton/Insecta/GenusSpecies/Laphria/saffrana/Laphria-saffrana-849583.jpg,saffrana
gs://bugoff-bucket1/hinton/Insecta/GenusSpecies/Laphria/sericea/Laphria-sericea-8228193.jpg,sericea
gs://bugoff-bucket1/hinton/Insecta/GenusSpecies/Laphria/sericea/Laphria-sericea-8343186.jpg,sericea
gs://bugoff-bucket1/hinton/Insecta/GenusSpecies/Laphria/sericea/Laphria-sericea-869342.jpg,sericea
gs://bugoff-bucket1/hinton/Insecta/GenusSpecies/Laphria/sericea/Laphria-sericea-9021470.jpg,sericea
gs://bugoff-bucket1/hinton/Insecta/GenusSpecies/Laphria/sericea/Laphria-sericea-916432.jpg,sericea
gs://bugoff-bucket1/hinton/Insecta/GenusSpecies/Laphria/sericea/Laphria-sericea-9254790.jpg,sericea
gs://bugoff-bucket1/hinton/Insecta/GenusSpecies/Laphria/sericea/Laphria-sericea-9514106.jpg,sericea
gs://bugoff-bucket1/hinton/Insecta/GenusSpecies/Laphria/sicula/Laphria-sicula-8110940.jpg,sicula
gs://bugoff-bucket1/hinton/Insecta/GenusSpecies/Laphria/sicula/Laphria-sicula-8617178.jpg,sicula
gs://bugoff-bucket1/hinton/Insecta/GenusSpecies/Laphria/thoracica/Laphria-thoracica-8183659.jpg,thoracica
gs://bugoff-bucket1/hinton/Insecta/GenusSpecies/Laphria/thoracica/Laphria-thoracica-8185418.jpg,thoracica
gs://bugoff-bucket1/hinton/Insecta/GenusSpecies/Laphria/thoracica/Laphria-thoracica-8185431.jpg,thoracica
gs://bugoff-bucket1/hinton/Insecta/GenusSpecies/Laphria/thoracica/Laphria-thoracica-8243242.jpg,thoracica
gs://bugoff-bucket1/hinton/Insecta/GenusSpecies/Laphria/thoracica/Laphria-thoracica-8272615.jpg,thoracica
gs://bugoff-bucket1/hinton/Insecta/GenusSpecies/Laphria/thoracica/Laphria-thoracica-8319238.jpg,thoracica
gs://bugoff-bucket1/hinton/Insecta/GenusSpecies/Laphria/thoracica/Laphria-thoracica-8400360.jpg,thoracica
gs://bugoff-bucket1/hinton/Insecta/GenusSpecies/Laphria/thoracica/Laphria-thoracica-8400397.jpg,thoracica
gs://bugoff-bucket1/hinton/Insecta/GenusSpecies/Laphria/thoracica/Laphria-thoracica-8402700.jpg,thoracica
gs://bugoff-bucket1/hinton/Insecta/GenusSpecies/Laphria/thoracica/Laphria-thoracica-8425750.jpg,thoracica
gs://bugoff-bucket1/hinton/Insecta/GenusSpecies/Laphria/thoracica/Laphria-thoracica-8440865.jpg,thoracica
gs://bugoff-bucket1/hinton/Insecta/GenusSpecies/Laphria/thoracica/Laphria-thoracica-8452414.jpg,thoracica
gs://bugoff-bucket1/hinton/Insecta/GenusSpecies/Laphria/thoracica/Laphria-thoracica-8498892.jpg,thoracica
gs://bugoff-bucket1/hinton/Insecta/GenusSpecies/Laphria/thoracica/Laphria-thoracica-8515050.jpg,thoracica
gs://bugoff-bucket1/hinton/Insecta/GenusSpecies/Laphria/thoracica/Laphria-thoracica-8554382.jpg,thoracica
gs://bugoff-bucket1/hinton/Insecta/GenusSpecies/Laphria/thoracica/Laphria-thoracica-8554558.jpg,thoracica
gs://bugoff-bucket1/hinton/Insecta/GenusSpecies/Laphria/thoracica/Laphria-thoracica-8574134.jpg,thoracica
gs://bugoff-bucket1/hinton/Insecta/GenusSpecies/Laphria/thoracica/Laphria-thoracica-8590847.jpg,thoracica
gs://bugoff-bucket1/hinton/Insecta/GenusSpecies/Laphria/thoracica/Laphria-thoracica-8592314.jpg,thoracica
gs://bugoff-bucket1/hinton/Insecta/GenusSpecies/Laphria/thoracica/Laphria-thoracica-8606925.jpg,thoracica
gs://bugoff-bucket1/hinton/Insecta/GenusSpecies/Laphria/thoracica/Laphria-thoracica-8613964.jpg,thoracica
gs://bugoff-bucket1/hinton/Insecta/GenusSpecies/Laphria/thoracica/Laphria-thoracica-8621801.jpg,thoracica
gs://bugoff-bucket1/hinton/Insecta/GenusSpecies/Laphria/thoracica/Laphria-thoracica-8658515.jpg,thoracica
gs://bugoff-bucket1/hinton/Insecta/GenusSpecies/Laphria/thoracica/Laphria-thoracica-8734982.jpg,thoracica
gs://bugoff-bucket1/hinton/Insecta/GenusSpecies/Laphria/thoracica/Laphria-thoracica-8741694.jpg,thoracica
gs://bugoff-bucket1/hinton/Insecta/GenusSpecies/Laphria/thoracica/Laphria-thoracica-8947330.jpg,thoracica
gs://bugoff-bucket1/hinton/Insecta/GenusSpecies/Laphria/thoracica/Laphria-thoracica-8949333.jpg,thoracica
gs://bugoff-bucket1/hinton/Insecta/GenusSpecies/Laphria/thoracica/Laphria-thoracica-9008630.jpg,thoracica
gs://bugoff-bucket1/hinton/Insecta/GenusSpecies/Laphria/thoracica/Laphria-thoracica-9036073.jpg,thoracica
gs://bugoff-bucket1/hinton/Insecta/GenusSpecies/Laphria/thoracica/Laphria-thoracica-9084198.jpg,thoracica
gs://bugoff-bucket1/hinton/Insecta/GenusSpecies/Laphria/thoracica/Laphria-thoracica-9084561.jpg,thoracica
gs://bugoff-bucket1/hinton/Insecta/GenusSpecies/Laphria/thoracica/Laphria-thoracica-9113768.jpg,thoracica
gs://bugoff-bucket1/hinton/Insecta/GenusSpecies/Laphria/thoracica/Laphria-thoracica-914564.jpg,thoracica
gs://bugoff-bucket1/hinton/Insecta/GenusSpecies/Laphria/thoracica/Laphria-thoracica-9280492.jpg,thoracica
gs://bugoff-bucket1/hinton/Insecta/GenusSpecies/Laphria/thoracica/Laphria-thoracica-948180.jpg,thoracica
gs://bugoff-bucket1/hinton/Insecta/GenusSpecies/Laphria/thoracica/Laphria-thoracica-964987.jpg,thoracica
gs://bugoff-bucket1/hinton/Insecta/GenusSpecies/Laphria/virginica/Laphria-virginica-8227069.jpg,virginica
gs://bugoff-bucket1/hinton/Insecta/GenusSpecies/Laphria/virginica/Laphria-virginica-8265004.jpg,virginica
gs://bugoff-bucket1/hinton/Insecta/GenusSpecies/Laphria/vorax/Laphria-vorax-8488769.jpg,vorax
gs://bugoff-bucket1/hinton/Insecta/GenusSpecies/Laphria/vultur/Laphria-vultur-8314504.jpg,vultur
gs://bugoff-bucket1/hinton/Insecta/GenusSpecies/Laphystia/litoralis/Laphystia-litoralis-8147995.jpg,litoralis
gs://bugoff-bucket1/hinton/Insecta/GenusSpecies/Laphystia/litoralis/Laphystia-litoralis-9008688.jpg,litoralis
gs://bugoff-bucket1/hinton/Insecta/GenusSpecies/Lasiopogon/cinctus/Lasiopogon-cinctus-859937.jpg,cinctus
gs://bugoff-bucket1/hinton/Insecta/GenusSpecies/Leptogaster/cylindrica/Leptogaster-cylindrica-8160925.jpg,cylindrica
gs://bugoff-bucket1/hinton/Insecta/GenusSpecies/Leptogaster/cylindrica/Leptogaster-cylindrica-8523018.jpg,cylindrica
gs://bugoff-bucket1/hinton/Insecta/GenusSpecies/Leptogaster/virgata/Leptogaster-virgata-9596449.jpg,virgata
gs://bugoff-bucket1/hinton/Insecta/GenusSpecies/Machimus/notatus/Machimus-notatus-9036330.jpg,notatus
gs://bugoff-bucket1/hinton/Insecta/GenusSpecies/Machimus/occidentalis/Machimus-occidentalis-8049420.jpg,occidentalis
gs://bugoff-bucket1/hinton/Insecta/GenusSpecies/Machimus/occidentalis/Machimus-occidentalis-8547052.jpg,occidentalis
gs://bugoff-bucket1/hinton/Insecta/GenusSpecies/Machimus/occidentalis/Machimus-occidentalis-9485911.jpg,occidentalis
gs://bugoff-bucket1/hinton/Insecta/GenusSpecies/Machimus/rusticus/Machimus-rusticus-963906.jpg,rusticus
gs://bugoff-bucket1/hinton/Insecta/GenusSpecies/Mallophora/fautrix/Mallophora-fautrix-8417348.jpg,fautrix
gs://bugoff-bucket1/hinton/Insecta/GenusSpecies/Mallophora/fautrix/Mallophora-fautrix-8867728.jpg,fautrix
gs://bugoff-bucket1/hinton/Insecta/GenusSpecies/Mallophora/fautrix/Mallophora-fautrix-8881823.jpg,fautrix
gs://bugoff-bucket1/hinton/Insecta/GenusSpecies/Mallophora/fautrix/Mallophora-fautrix-8896338.jpg,fautrix
gs://bugoff-bucket1/hinton/Insecta/GenusSpecies/Mallophora/fautrix/Mallophora-fautrix-8900247.jpg,fautrix
gs://bugoff-bucket1/hinton/Insecta/GenusSpecies/Mallophora/fautrix/Mallophora-fautrix-8904436.jpg,fautrix
gs://bugoff-bucket1/hinton/Insecta/GenusSpecies/Mallophora/fautrix/Mallophora-fautrix-8909895.jpg,fautrix
gs://bugoff-bucket1/hinton/Insecta/GenusSpecies/Mallophora/fautrix/Mallophora-fautrix-8927355.jpg,fautrix
gs://bugoff-bucket1/hinton/Insecta/GenusSpecies/Mallophora/fautrix/Mallophora-fautrix-8976131.jpg,fautrix
gs://bugoff-bucket1/hinton/Insecta/GenusSpecies/Mallophora/fautrix/Mallophora-fautrix-8989450.jpg,fautrix
gs://bugoff-bucket1/hinton/Insecta/GenusSpecies/Mallophora/fautrix/Mallophora-fautrix-9031586.jpg,fautrix
gs://bugoff-bucket1/hinton/Insecta/GenusSpecies/Mallophora/fautrix/Mallophora-fautrix-9056836.jpg,fautrix
gs://bugoff-bucket1/hinton/Insecta/GenusSpecies/Mallophora/fautrix/Mallophora-fautrix-9109782.jpg,fautrix
gs://bugoff-bucket1/hinton/Insecta/GenusSpecies/Mallophora/fautrix/Mallophora-fautrix-9117555.jpg,fautrix
gs://bugoff-bucket1/hinton/Insecta/GenusSpecies/Mallophora/fautrix/Mallophora-fautrix-9140293.jpg,fautrix
gs://bugoff-bucket1/hinton/Insecta/GenusSpecies/Mallophora/fautrix/Mallophora-fautrix-9140358.jpg,fautrix
gs://bugoff-bucket1/hinton/Insecta/GenusSpecies/Mallophora/fautrix/Mallophora-fautrix-9187598.jpg,fautrix
gs://bugoff-bucket1/hinton/Insecta/GenusSpecies/Mallophora/fautrix/Mallophora-fautrix-9190000.jpg,fautrix
gs://bugoff-bucket1/hinton/Insecta/GenusSpecies/Mallophora/fautrix/Mallophora-fautrix-9198697.jpg,fautrix
gs://bugoff-bucket1/hinton/Insecta/GenusSpecies/Mallophora/fautrix/Mallophora-fautrix-9217937.jpg,fautrix
gs://bugoff-bucket1/hinton/Insecta/GenusSpecies/Mallophora/fautrix/Mallophora-fautrix-9219283.jpg,fautrix
gs://bugoff-bucket1/hinton/Insecta/GenusSpecies/Mallophora/fautrix/Mallophora-fautrix-9220167.jpg,fautrix
gs://bugoff-bucket1/hinton/Insecta/GenusSpecies/Mallophora/fautrix/Mallophora-fautrix-9225240.jpg,fautrix
gs://bugoff-bucket1/hinton/Insecta/GenusSpecies/Mallophora/fautrix/Mallophora-fautrix-9243569.jpg,fautrix
gs://bugoff-bucket1/hinton/Insecta/GenusSpecies/Mallophora/fautrix/Mallophora-fautrix-9245119.jpg,fautrix
gs://bugoff-bucket1/hinton/Insecta/GenusSpecies/Mallophora/fautrix/Mallophora-fautrix-9247081.jpg,fautrix
gs://bugoff-bucket1/hinton/Insecta/GenusSpecies/Mallophora/fautrix/Mallophora-fautrix-9325183.jpg,fautrix
gs://bugoff-bucket1/hinton/Insecta/GenusSpecies/Mallophora/fautrix/Mallophora-fautrix-9385586.jpg,fautrix
gs://bugoff-bucket1/hinton/Insecta/GenusSpecies/Mallophora/fautrix/Mallophora-fautrix-9390704.jpg,fautrix
gs://bugoff-bucket1/hinton/Insecta/GenusSpecies/Mallophora/fautrix/Mallophora-fautrix-9516796.jpg,fautrix
gs://bugoff-bucket1/hinton/Insecta/GenusSpecies/Mallophora/fautrix/Mallophora-fautrix-9524914.jpg,fautrix
gs://bugoff-bucket1/hinton/Insecta/GenusSpecies/Mallophora/fautrix/Mallophora-fautrix-9554558.jpg,fautrix
gs://bugoff-bucket1/hinton/Insecta/GenusSpecies/Mallophora/fautrix/Mallophora-fautrix-9666315.jpg,fautrix
gs://bugoff-bucket1/hinton/Insecta/GenusSpecies/Mallophora/fautrix/Mallophora-fautrix-996213.jpg,fautrix
gs://bugoff-bucket1/hinton/Insecta/GenusSpecies/Mallophora/leschenaulti/Mallophora-leschenaulti-8851798.jpg,leschenaulti
gs://bugoff-bucket1/hinton/Insecta/GenusSpecies/Mallophora/leschenaulti/Mallophora-leschenaulti-8976588.jpg,leschenaulti
gs://bugoff-bucket1/hinton/Insecta/GenusSpecies/Mallophora/leschenaulti/Mallophora-leschenaulti-9014381.jpg,leschenaulti
gs://bugoff-bucket1/hinton/Insecta/GenusSpecies/Mallophora/leschenaulti/Mallophora-leschenaulti-9026348.jpg,leschenaulti
gs://bugoff-bucket1/hinton/Insecta/GenusSpecies/Mallophora/leschenaulti/Mallophora-leschenaulti-9140207.jpg,leschenaulti
gs://bugoff-bucket1/hinton/Insecta/GenusSpecies/Mallophora/leschenaulti/Mallophora-leschenaulti-9186201.jpg,leschenaulti
gs://bugoff-bucket1/hinton/Insecta/GenusSpecies/Mallophora/leschenaulti/Mallophora-leschenaulti-9211310.jpg,leschenaulti
gs://bugoff-bucket1/hinton/Insecta/GenusSpecies/Mallophora/leschenaulti/Mallophora-leschenaulti-9353266.jpg,leschenaulti
gs://bugoff-bucket1/hinton/Insecta/GenusSpecies/Mallophora/leschenaulti/Mallophora-leschenaulti-9450711.jpg,leschenaulti
gs://bugoff-bucket1/hinton/Insecta/GenusSpecies/Mallophora/leschenaulti/Mallophora-leschenaulti-9458943.jpg,leschenaulti
gs://bugoff-bucket1/hinton/Insecta/GenusSpecies/Mallophora/leschenaulti/Mallophora-leschenaulti-9460508.jpg,leschenaulti
gs://bugoff-bucket1/hinton/Insecta/GenusSpecies/Mallophora/leschenaulti/Mallophora-leschenaulti-9483809.jpg,leschenaulti
gs://bugoff-bucket1/hinton/Insecta/GenusSpecies/Mallophora/leschenaulti/Mallophora-leschenaulti-9493594.jpg,leschenaulti
gs://bugoff-bucket1/hinton/Insecta/GenusSpecies/Mallophora/leschenaulti/Mallophora-leschenaulti-9502363.jpg,leschenaulti
gs://bugoff-bucket1/hinton/Insecta/GenusSpecies/Mallophora/leschenaulti/Mallophora-leschenaulti-9531976.jpg,leschenaulti
gs://bugoff-bucket1/hinton/Insecta/GenusSpecies/Mallophora/leschenaulti/Mallophora-leschenaulti-9533622.jpg,leschenaulti
gs://bugoff-bucket1/hinton/Insecta/GenusSpecies/Mallophora/leschenaulti/Mallophora-leschenaulti-9533741.jpg,leschenaulti
gs://bugoff-bucket1/hinton/Insecta/GenusSpecies/Mallophora/leschenaulti/Mallophora-leschenaulti-9555576.jpg,leschenaulti
gs://bugoff-bucket1/hinton/Insecta/GenusSpecies/Mallophora/leschenaulti/Mallophora-leschenaulti-9605821.jpg,leschenaulti
gs://bugoff-bucket1/hinton/Insecta/GenusSpecies/Mallophora/leschenaulti/Mallophora-leschenaulti-9605884.jpg,leschenaulti
gs://bugoff-bucket1/hinton/Insecta/GenusSpecies/Mallophora/leschenaulti/Mallophora-leschenaulti-9651854.jpg,leschenaulti
gs://bugoff-bucket1/hinton/Insecta/GenusSpecies/Mallophora/leschenaulti/Mallophora-leschenaulti-9652242.jpg,leschenaulti
gs://bugoff-bucket1/hinton/Insecta/GenusSpecies/Mallophora/leschenaulti/Mallophora-leschenaulti-9668751.jpg,leschenaulti
gs://bugoff-bucket1/hinton/Insecta/GenusSpecies/Mallophora/leschenaulti/Mallophora-leschenaulti-9668806.jpg,leschenaulti
gs://bugoff-bucket1/hinton/Insecta/GenusSpecies/Mallophora/orcina/Mallophora-orcina-8293150.jpg,orcina
gs://bugoff-bucket1/hinton/Insecta/GenusSpecies/Mallophora/orcina/Mallophora-orcina-9423214.jpg,orcina
gs://bugoff-bucket1/hinton/Insecta/GenusSpecies/Mallophora/orcina/Mallophora-orcina-9507847.jpg,orcina
gs://bugoff-bucket1/hinton/Insecta/GenusSpecies/Mallophora/orcina/Mallophora-orcina-9576405.jpg,orcina
gs://bugoff-bucket1/hinton/Insecta/GenusSpecies/Megaphorus/acrus/Megaphorus-acrus-955393.jpg,acrus
gs://bugoff-bucket1/hinton/Insecta/GenusSpecies/Megaphorus/acrus/Megaphorus-acrus-959135.jpg,acrus
gs://bugoff-bucket1/hinton/Insecta/GenusSpecies/Microstylum/galactodes/Microstylum-galactodes-8250937.jpg,galactodes
gs://bugoff-bucket1/hinton/Insecta/GenusSpecies/Microstylum/galactodes/Microstylum-galactodes-8510684.jpg,galactodes
gs://bugoff-bucket1/hinton/Insecta/GenusSpecies/Microstylum/galactodes/Microstylum-galactodes-8796576.jpg,galactodes
gs://bugoff-bucket1/hinton/Insecta/GenusSpecies/Microstylum/galactodes/Microstylum-galactodes-9657119.jpg,galactodes
gs://bugoff-bucket1/hinton/Insecta/GenusSpecies/Microstylum/morosum/Microstylum-morosum-8163202.jpg,morosum
gs://bugoff-bucket1/hinton/Insecta/GenusSpecies/Microstylum/morosum/Microstylum-morosum-8274446.jpg,morosum
gs://bugoff-bucket1/hinton/Insecta/GenusSpecies/Microstylum/morosum/Microstylum-morosum-8405485.jpg,morosum
gs://bugoff-bucket1/hinton/Insecta/GenusSpecies/Microstylum/morosum/Microstylum-morosum-8408962.jpg,morosum
gs://bugoff-bucket1/hinton/Insecta/GenusSpecies/Microstylum/morosum/Microstylum-morosum-8410845.jpg,morosum
gs://bugoff-bucket1/hinton/Insecta/GenusSpecies/Microstylum/morosum/Microstylum-morosum-8469477.jpg,morosum
gs://bugoff-bucket1/hinton/Insecta/GenusSpecies/Microstylum/morosum/Microstylum-morosum-8476265.jpg,morosum
gs://bugoff-bucket1/hinton/Insecta/GenusSpecies/Microstylum/morosum/Microstylum-morosum-8525325.jpg,morosum
gs://bugoff-bucket1/hinton/Insecta/GenusSpecies/Microstylum/morosum/Microstylum-morosum-8575370.jpg,morosum
gs://bugoff-bucket1/hinton/Insecta/GenusSpecies/Microstylum/morosum/Microstylum-morosum-8576323.jpg,morosum
gs://bugoff-bucket1/hinton/Insecta/GenusSpecies/Microstylum/morosum/Microstylum-morosum-8590701.jpg,morosum
gs://bugoff-bucket1/hinton/Insecta/GenusSpecies/Microstylum/morosum/Microstylum-morosum-8601263.jpg,morosum
gs://bugoff-bucket1/hinton/Insecta/GenusSpecies/Microstylum/morosum/Microstylum-morosum-8606258.jpg,morosum
gs://bugoff-bucket1/hinton/Insecta/GenusSpecies/Microstylum/morosum/Microstylum-morosum-8649899.jpg,morosum
gs://bugoff-bucket1/hinton/Insecta/GenusSpecies/Microstylum/morosum/Microstylum-morosum-8730472.jpg,morosum
gs://bugoff-bucket1/hinton/Insecta/GenusSpecies/Microstylum/morosum/Microstylum-morosum-8751707.jpg,morosum
gs://bugoff-bucket1/hinton/Insecta/GenusSpecies/Microstylum/morosum/Microstylum-morosum-8751941.jpg,morosum
gs://bugoff-bucket1/hinton/Insecta/GenusSpecies/Microstylum/morosum/Microstylum-morosum-8777214.jpg,morosum
gs://bugoff-bucket1/hinton/Insecta/GenusSpecies/Microstylum/morosum/Microstylum-morosum-8794405.jpg,morosum
gs://bugoff-bucket1/hinton/Insecta/GenusSpecies/Microstylum/morosum/Microstylum-morosum-8796791.jpg,morosum
gs://bugoff-bucket1/hinton/Insecta/GenusSpecies/Microstylum/morosum/Microstylum-morosum-8798199.jpg,morosum
gs://bugoff-bucket1/hinton/Insecta/GenusSpecies/Microstylum/morosum/Microstylum-morosum-8800941.jpg,morosum
gs://bugoff-bucket1/hinton/Insecta/GenusSpecies/Microstylum/morosum/Microstylum-morosum-8821307.jpg,morosum
gs://bugoff-bucket1/hinton/Insecta/GenusSpecies/Microstylum/morosum/Microstylum-morosum-8916018.jpg,morosum
gs://bugoff-bucket1/hinton/Insecta/GenusSpecies/Microstylum/morosum/Microstylum-morosum-8922851.jpg,morosum
gs://bugoff-bucket1/hinton/Insecta/GenusSpecies/Microstylum/morosum/Microstylum-morosum-9014383.jpg,morosum
gs://bugoff-bucket1/hinton/Insecta/GenusSpecies/Microstylum/morosum/Microstylum-morosum-9020781.jpg,morosum
gs://bugoff-bucket1/hinton/Insecta/GenusSpecies/Microstylum/morosum/Microstylum-morosum-9029664.jpg,morosum
gs://bugoff-bucket1/hinton/Insecta/GenusSpecies/Microstylum/morosum/Microstylum-morosum-904815.jpg,morosum
gs://bugoff-bucket1/hinton/Insecta/GenusSpecies/Microstylum/morosum/Microstylum-morosum-9051453.jpg,morosum
gs://bugoff-bucket1/hinton/Insecta/GenusSpecies/Microstylum/morosum/Microstylum-morosum-9094635.jpg,morosum
gs://bugoff-bucket1/hinton/Insecta/GenusSpecies/Microstylum/morosum/Microstylum-morosum-9227613.jpg,morosum
gs://bugoff-bucket1/hinton/Insecta/GenusSpecies/Microstylum/morosum/Microstylum-morosum-925951.jpg,morosum
gs://bugoff-bucket1/hinton/Insecta/GenusSpecies/Microstylum/morosum/Microstylum-morosum-9293416.jpg,morosum
gs://bugoff-bucket1/hinton/Insecta/GenusSpecies/Microstylum/morosum/Microstylum-morosum-9369985.jpg,morosum
gs://bugoff-bucket1/hinton/Insecta/GenusSpecies/Microstylum/morosum/Microstylum-morosum-9419545.jpg,morosum
gs://bugoff-bucket1/hinton/Insecta/GenusSpecies/Microstylum/morosum/Microstylum-morosum-9423513.jpg,morosum
gs://bugoff-bucket1/hinton/Insecta/GenusSpecies/Microstylum/morosum/Microstylum-morosum-9461029.jpg,morosum
gs://bugoff-bucket1/hinton/Insecta/GenusSpecies/Microstylum/morosum/Microstylum-morosum-9518634.jpg,morosum
gs://bugoff-bucket1/hinton/Insecta/GenusSpecies/Microstylum/morosum/Microstylum-morosum-9527082.jpg,morosum
gs://bugoff-bucket1/hinton/Insecta/GenusSpecies/Microstylum/morosum/Microstylum-morosum-9527510.jpg,morosum
gs://bugoff-bucket1/hinton/Insecta/GenusSpecies/Microstylum/morosum/Microstylum-morosum-9532987.jpg,morosum
gs://bugoff-bucket1/hinton/Insecta/GenusSpecies/Microstylum/morosum/Microstylum-morosum-9533108.jpg,morosum
gs://bugoff-bucket1/hinton/Insecta/GenusSpecies/Microstylum/morosum/Microstylum-morosum-9533606.jpg,morosum
gs://bugoff-bucket1/hinton/Insecta/GenusSpecies/Microstylum/morosum/Microstylum-morosum-9565812.jpg,morosum
gs://bugoff-bucket1/hinton/Insecta/GenusSpecies/Microstylum/morosum/Microstylum-morosum-9580133.jpg,morosum
gs://bugoff-bucket1/hinton/Insecta/GenusSpecies/Microstylum/morosum/Microstylum-morosum-9590342.jpg,morosum
gs://bugoff-bucket1/hinton/Insecta/GenusSpecies/Microstylum/morosum/Microstylum-morosum-9597452.jpg,morosum
gs://bugoff-bucket1/hinton/Insecta/GenusSpecies/Microstylum/morosum/Microstylum-morosum-962204.jpg,morosum
gs://bugoff-bucket1/hinton/Insecta/GenusSpecies/Microstylum/morosum/Microstylum-morosum-964250.jpg,morosum
gs://bugoff-bucket1/hinton/Insecta/GenusSpecies/Microstylum/morosum/Microstylum-morosum-9644811.jpg,morosum
gs://bugoff-bucket1/hinton/Insecta/GenusSpecies/Microstylum/morosum/Microstylum-morosum-969230.jpg,morosum
gs://bugoff-bucket1/hinton/Insecta/GenusSpecies/Microstylum/morosum/Microstylum-morosum-987841.jpg,morosum
gs://bugoff-bucket1/hinton/Insecta/GenusSpecies/Neoitamus/angusticornis/Neoitamus-angusticornis-867452.jpg,angusticornis
gs://bugoff-bucket1/hinton/Insecta/GenusSpecies/Neoitamus/angusticornis/Neoitamus-angusticornis-873876.jpg,angusticornis
gs://bugoff-bucket1/hinton/Insecta/GenusSpecies/Neoitamus/angusticornis/Neoitamus-angusticornis-891844.jpg,angusticornis
gs://bugoff-bucket1/hinton/Insecta/GenusSpecies/Neoitamus/cyanurus/Neoitamus-cyanurus-8700668.jpg,cyanurus
gs://bugoff-bucket1/hinton/Insecta/GenusSpecies/Neoitamus/flavofemoratus/Neoitamus-flavofemoratus-870854.jpg,flavofemoratus
gs://bugoff-bucket1/hinton/Insecta/GenusSpecies/Neoitamus/flavofemoratus/Neoitamus-flavofemoratus-934193.jpg,flavofemoratus
gs://bugoff-bucket1/hinton/Insecta/GenusSpecies/Neoitamus/flavofemoratus/Neoitamus-flavofemoratus-9416500.jpg,flavofemoratus
gs://bugoff-bucket1/hinton/Insecta/GenusSpecies/Neoitamus/melanopogon/Neoitamus-melanopogon-9504512.jpg,melanopogon
gs://bugoff-bucket1/hinton/Insecta/GenusSpecies/Neoitamus/melanopogon/Neoitamus-melanopogon-9636119.jpg,melanopogon
gs://bugoff-bucket1/hinton/Insecta/GenusSpecies/Neoitamus/orphne/Neoitamus-orphne-8460092.jpg,orphne
gs://bugoff-bucket1/hinton/Insecta/GenusSpecies/Neomochtherus/willistoni/Neomochtherus-willistoni-9537624.jpg,willistoni
gs://bugoff-bucket1/hinton/Insecta/GenusSpecies/Ommatius/gemma/Ommatius-gemma-9361180.jpg,gemma
gs://bugoff-bucket1/hinton/Insecta/GenusSpecies/Ommatius/ouachitensis/Ommatius-ouachitensis-968721.jpg,ouachitensis
gs://bugoff-bucket1/hinton/Insecta/GenusSpecies/Ommatius/wilcoxi/Ommatius-wilcoxi-996154.jpg,wilcoxi
gs://bugoff-bucket1/hinton/Insecta/GenusSpecies/Ospriocerus/latipennis/Ospriocerus-latipennis-893569.jpg,latipennis
gs://bugoff-bucket1/hinton/Insecta/GenusSpecies/Ospriocerus/latipennis/Ospriocerus-latipennis-961951.jpg,latipennis
gs://bugoff-bucket1/hinton/Insecta/GenusSpecies/Ospriocerus/latipennis/Ospriocerus-latipennis-972972.jpg,latipennis
gs://bugoff-bucket1/hinton/Insecta/GenusSpecies/Pogonosoma/dorsatum/Pogonosoma-dorsatum-8019977.jpg,dorsatum
gs://bugoff-bucket1/hinton/Insecta/GenusSpecies/Proctacanthella/cacopiloga/Proctacanthella-cacopiloga-8306275.jpg,cacopiloga
gs://bugoff-bucket1/hinton/Insecta/GenusSpecies/Proctacanthella/cacopiloga/Proctacanthella-cacopiloga-969794.jpg,cacopiloga
gs://bugoff-bucket1/hinton/Insecta/GenusSpecies/Proctacanthus/fulviventris/Proctacanthus-fulviventris-8581114.jpg,fulviventris
gs://bugoff-bucket1/hinton/Insecta/GenusSpecies/Proctacanthus/hinei/Proctacanthus-hinei-8251197.jpg,hinei
gs://bugoff-bucket1/hinton/Insecta/GenusSpecies/Proctacanthus/hinei/Proctacanthus-hinei-8695793.jpg,hinei
gs://bugoff-bucket1/hinton/Insecta/GenusSpecies/Proctacanthus/milbertii/Proctacanthus-milbertii-8479644.jpg,milbertii
gs://bugoff-bucket1/hinton/Insecta/GenusSpecies/Proctacanthus/occidentalis/Proctacanthus-occidentalis-8027957.jpg,occidentalis
gs://bugoff-bucket1/hinton/Insecta/GenusSpecies/Proctacanthus/rufus/Proctacanthus-rufus-9443101.jpg,rufus
gs://bugoff-bucket1/hinton/Insecta/GenusSpecies/Prolepsis/tristis/Prolepsis-tristis-9488446.jpg,tristis
gs://bugoff-bucket1/hinton/Insecta/GenusSpecies/Promachus/albifacies/Promachus-albifacies-9533579.jpg,albifacies
gs://bugoff-bucket1/hinton/Insecta/GenusSpecies/Promachus/albifacies/Promachus-albifacies-9586848.jpg,albifacies
gs://bugoff-bucket1/hinton/Insecta/GenusSpecies/Promachus/bastardii/Promachus-bastardii-8020755.jpg,bastardii
gs://bugoff-bucket1/hinton/Insecta/GenusSpecies/Promachus/bastardii/Promachus-bastardii-8041016.jpg,bastardii
gs://bugoff-bucket1/hinton/Insecta/GenusSpecies/Promachus/bastardii/Promachus-bastardii-8251353.jpg,bastardii
gs://bugoff-bucket1/hinton/Insecta/GenusSpecies/Promachus/bastardii/Promachus-bastardii-8260549.jpg,bastardii
gs://bugoff-bucket1/hinton/Insecta/GenusSpecies/Promachus/bastardii/Promachus-bastardii-8288986.jpg,bastardii
gs://bugoff-bucket1/hinton/Insecta/GenusSpecies/Promachus/bastardii/Promachus-bastardii-8410848.jpg,bastardii
gs://bugoff-bucket1/hinton/Insecta/GenusSpecies/Promachus/bastardii/Promachus-bastardii-8410856.jpg,bastardii
gs://bugoff-bucket1/hinton/Insecta/GenusSpecies/Promachus/bastardii/Promachus-bastardii-8465253.jpg,bastardii
gs://bugoff-bucket1/hinton/Insecta/GenusSpecies/Promachus/bastardii/Promachus-bastardii-8503016.jpg,bastardii
gs://bugoff-bucket1/hinton/Insecta/GenusSpecies/Promachus/bastardii/Promachus-bastardii-8573024.jpg,bastardii
gs://bugoff-bucket1/hinton/Insecta/GenusSpecies/Promachus/bastardii/Promachus-bastardii-8608949.jpg,bastardii
gs://bugoff-bucket1/hinton/Insecta/GenusSpecies/Promachus/bastardii/Promachus-bastardii-8646899.jpg,bastardii
gs://bugoff-bucket1/hinton/Insecta/GenusSpecies/Promachus/bastardii/Promachus-bastardii-8656998.jpg,bastardii
gs://bugoff-bucket1/hinton/Insecta/GenusSpecies/Promachus/bastardii/Promachus-bastardii-8671490.jpg,bastardii
gs://bugoff-bucket1/hinton/Insecta/GenusSpecies/Promachus/bastardii/Promachus-bastardii-8672835.jpg,bastardii
gs://bugoff-bucket1/hinton/Insecta/GenusSpecies/Promachus/bastardii/Promachus-bastardii-8674032.jpg,bastardii
gs://bugoff-bucket1/hinton/Insecta/GenusSpecies/Promachus/bastardii/Promachus-bastardii-8674843.jpg,bastardii
gs://bugoff-bucket1/hinton/Insecta/GenusSpecies/Promachus/bastardii/Promachus-bastardii-8751275.jpg,bastardii
gs://bugoff-bucket1/hinton/Insecta/GenusSpecies/Promachus/bastardii/Promachus-bastardii-8814794.jpg,bastardii
gs://bugoff-bucket1/hinton/Insecta/GenusSpecies/Promachus/bastardii/Promachus-bastardii-8873179.jpg,bastardii
gs://bugoff-bucket1/hinton/Insecta/GenusSpecies/Promachus/bastardii/Promachus-bastardii-889511.jpg,bastardii
gs://bugoff-bucket1/hinton/Insecta/GenusSpecies/Promachus/bastardii/Promachus-bastardii-8958078.jpg,bastardii
gs://bugoff-bucket1/hinton/Insecta/GenusSpecies/Promachus/bastardii/Promachus-bastardii-9074118.jpg,bastardii
gs://bugoff-bucket1/hinton/Insecta/GenusSpecies/Promachus/bastardii/Promachus-bastardii-9209382.jpg,bastardii
gs://bugoff-bucket1/hinton/Insecta/GenusSpecies/Promachus/bastardii/Promachus-bastardii-9213522.jpg,bastardii
gs://bugoff-bucket1/hinton/Insecta/GenusSpecies/Promachus/bastardii/Promachus-bastardii-9292212.jpg,bastardii
gs://bugoff-bucket1/hinton/Insecta/GenusSpecies/Promachus/bastardii/Promachus-bastardii-9300095.jpg,bastardii
gs://bugoff-bucket1/hinton/Insecta/GenusSpecies/Promachus/bastardii/Promachus-bastardii-937594.jpg,bastardii
gs://bugoff-bucket1/hinton/Insecta/GenusSpecies/Promachus/bastardii/Promachus-bastardii-9389903.jpg,bastardii
gs://bugoff-bucket1/hinton/Insecta/GenusSpecies/Promachus/bastardii/Promachus-bastardii-969709.jpg,bastardii
gs://bugoff-bucket1/hinton/Insecta/GenusSpecies/Promachus/bastardii/Promachus-bastardii-970198.jpg,bastardii
gs://bugoff-bucket1/hinton/Insecta/GenusSpecies/Promachus/hinei/Promachus-hinei-8109404.jpg,hinei
gs://bugoff-bucket1/hinton/Insecta/GenusSpecies/Promachus/hinei/Promachus-hinei-8166749.jpg,hinei
gs://bugoff-bucket1/hinton/Insecta/GenusSpecies/Promachus/hinei/Promachus-hinei-8195071.jpg,hinei
gs://bugoff-bucket1/hinton/Insecta/GenusSpecies/Promachus/hinei/Promachus-hinei-8250969.jpg,hinei
gs://bugoff-bucket1/hinton/Insecta/GenusSpecies/Promachus/hinei/Promachus-hinei-8251034.jpg,hinei
gs://bugoff-bucket1/hinton/Insecta/GenusSpecies/Promachus/hinei/Promachus-hinei-8260607.jpg,hinei
gs://bugoff-bucket1/hinton/Insecta/GenusSpecies/Promachus/hinei/Promachus-hinei-8390521.jpg,hinei
gs://bugoff-bucket1/hinton/Insecta/GenusSpecies/Promachus/hinei/Promachus-hinei-8471757.jpg,hinei
gs://bugoff-bucket1/hinton/Insecta/GenusSpecies/Promachus/hinei/Promachus-hinei-8471762.jpg,hinei
gs://bugoff-bucket1/hinton/Insecta/GenusSpecies/Promachus/hinei/Promachus-hinei-8514568.jpg,hinei
gs://bugoff-bucket1/hinton/Insecta/GenusSpecies/Promachus/hinei/Promachus-hinei-8570679.jpg,hinei
gs://bugoff-bucket1/hinton/Insecta/GenusSpecies/Promachus/hinei/Promachus-hinei-8570713.jpg,hinei
gs://bugoff-bucket1/hinton/Insecta/GenusSpecies/Promachus/hinei/Promachus-hinei-8607800.jpg,hinei
gs://bugoff-bucket1/hinton/Insecta/GenusSpecies/Promachus/hinei/Promachus-hinei-8619236.jpg,hinei
gs://bugoff-bucket1/hinton/Insecta/GenusSpecies/Promachus/hinei/Promachus-hinei-8638716.jpg,hinei
gs://bugoff-bucket1/hinton/Insecta/GenusSpecies/Promachus/hinei/Promachus-hinei-8664089.jpg,hinei
gs://bugoff-bucket1/hinton/Insecta/GenusSpecies/Promachus/hinei/Promachus-hinei-8739925.jpg,hinei
gs://bugoff-bucket1/hinton/Insecta/GenusSpecies/Promachus/hinei/Promachus-hinei-8768061.jpg,hinei
gs://bugoff-bucket1/hinton/Insecta/GenusSpecies/Promachus/hinei/Promachus-hinei-8792519.jpg,hinei
gs://bugoff-bucket1/hinton/Insecta/GenusSpecies/Promachus/hinei/Promachus-hinei-8820130.jpg,hinei
gs://bugoff-bucket1/hinton/Insecta/GenusSpecies/Promachus/hinei/Promachus-hinei-8840142.jpg,hinei
gs://bugoff-bucket1/hinton/Insecta/GenusSpecies/Promachus/hinei/Promachus-hinei-8944170.jpg,hinei
gs://bugoff-bucket1/hinton/Insecta/GenusSpecies/Promachus/hinei/Promachus-hinei-8972623.jpg,hinei
gs://bugoff-bucket1/hinton/Insecta/GenusSpecies/Promachus/hinei/Promachus-hinei-8989317.jpg,hinei
gs://bugoff-bucket1/hinton/Insecta/GenusSpecies/Promachus/hinei/Promachus-hinei-8989318.jpg,hinei
gs://bugoff-bucket1/hinton/Insecta/GenusSpecies/Promachus/hinei/Promachus-hinei-8989330.jpg,hinei
gs://bugoff-bucket1/hinton/Insecta/GenusSpecies/Promachus/hinei/Promachus-hinei-8990051.jpg,hinei
gs://bugoff-bucket1/hinton/Insecta/GenusSpecies/Promachus/hinei/Promachus-hinei-8999002.jpg,hinei
gs://bugoff-bucket1/hinton/Insecta/GenusSpecies/Promachus/hinei/Promachus-hinei-9021620.jpg,hinei
gs://bugoff-bucket1/hinton/Insecta/GenusSpecies/Promachus/hinei/Promachus-hinei-9067139.jpg,hinei
gs://bugoff-bucket1/hinton/Insecta/GenusSpecies/Promachus/hinei/Promachus-hinei-9187947.jpg,hinei
gs://bugoff-bucket1/hinton/Insecta/GenusSpecies/Promachus/hinei/Promachus-hinei-9205194.jpg,hinei
gs://bugoff-bucket1/hinton/Insecta/GenusSpecies/Promachus/hinei/Promachus-hinei-9206351.jpg,hinei
gs://bugoff-bucket1/hinton/Insecta/GenusSpecies/Promachus/hinei/Promachus-hinei-9220160.jpg,hinei
gs://bugoff-bucket1/hinton/Insecta/GenusSpecies/Promachus/hinei/Promachus-hinei-9220164.jpg,hinei
gs://bugoff-bucket1/hinton/Insecta/GenusSpecies/Promachus/hinei/Promachus-hinei-9245715.jpg,hinei
gs://bugoff-bucket1/hinton/Insecta/GenusSpecies/Promachus/hinei/Promachus-hinei-926713.jpg,hinei
gs://bugoff-bucket1/hinton/Insecta/GenusSpecies/Promachus/hinei/Promachus-hinei-9295869.jpg,hinei
gs://bugoff-bucket1/hinton/Insecta/GenusSpecies/Promachus/hinei/Promachus-hinei-9339929.jpg,hinei
gs://bugoff-bucket1/hinton/Insecta/GenusSpecies/Promachus/hinei/Promachus-hinei-9354086.jpg,hinei
gs://bugoff-bucket1/hinton/Insecta/GenusSpecies/Promachus/hinei/Promachus-hinei-9396177.jpg,hinei
gs://bugoff-bucket1/hinton/Insecta/GenusSpecies/Promachus/hinei/Promachus-hinei-9430336.jpg,hinei
gs://bugoff-bucket1/hinton/Insecta/GenusSpecies/Promachus/hinei/Promachus-hinei-9435385.jpg,hinei
gs://bugoff-bucket1/hinton/Insecta/GenusSpecies/Promachus/hinei/Promachus-hinei-9451774.jpg,hinei
gs://bugoff-bucket1/hinton/Insecta/GenusSpecies/Promachus/hinei/Promachus-hinei-9457376.jpg,hinei
gs://bugoff-bucket1/hinton/Insecta/GenusSpecies/Promachus/hinei/Promachus-hinei-9464657.jpg,hinei
gs://bugoff-bucket1/hinton/Insecta/GenusSpecies/Promachus/hinei/Promachus-hinei-9467033.jpg,hinei
gs://bugoff-bucket1/hinton/Insecta/GenusSpecies/Promachus/hinei/Promachus-hinei-9502359.jpg,hinei
gs://bugoff-bucket1/hinton/Insecta/GenusSpecies/Promachus/hinei/Promachus-hinei-9567959.jpg,hinei
gs://bugoff-bucket1/hinton/Insecta/GenusSpecies/Promachus/hinei/Promachus-hinei-959849.jpg,hinei
gs://bugoff-bucket1/hinton/Insecta/GenusSpecies/Promachus/hinei/Promachus-hinei-9643.jpg,hinei
gs://bugoff-bucket1/hinton/Insecta/GenusSpecies/Promachus/hinei/Promachus-hinei-9673798.jpg,hinei
gs://bugoff-bucket1/hinton/Insecta/GenusSpecies/Promachus/hinei/Promachus-hinei-9674954.jpg,hinei
gs://bugoff-bucket1/hinton/Insecta/GenusSpecies/Promachus/hinei/Promachus-hinei-9675278.jpg,hinei
gs://bugoff-bucket1/hinton/Insecta/GenusSpecies/Promachus/hinei/Promachus-hinei-9685075.jpg,hinei
gs://bugoff-bucket1/hinton/Insecta/GenusSpecies/Promachus/painteri/Promachus-painteri-8685241.jpg,painteri
gs://bugoff-bucket1/hinton/Insecta/GenusSpecies/Promachus/princeps/Promachus-princeps-880834.jpg,princeps
gs://bugoff-bucket1/hinton/Insecta/GenusSpecies/Promachus/princeps/Promachus-princeps-902095.jpg,princeps
gs://bugoff-bucket1/hinton/Insecta/GenusSpecies/Promachus/quadratus/Promachus-quadratus-980378.jpg,quadratus
gs://bugoff-bucket1/hinton/Insecta/GenusSpecies/Promachus/rufipes/Promachus-rufipes-8280546.jpg,rufipes
gs://bugoff-bucket1/hinton/Insecta/GenusSpecies/Promachus/rufipes/Promachus-rufipes-8280553.jpg,rufipes
gs://bugoff-bucket1/hinton/Insecta/GenusSpecies/Promachus/rufipes/Promachus-rufipes-8788320.jpg,rufipes
gs://bugoff-bucket1/hinton/Insecta/GenusSpecies/Promachus/rufipes/Promachus-rufipes-8833308.jpg,rufipes
gs://bugoff-bucket1/hinton/Insecta/GenusSpecies/Promachus/rufipes/Promachus-rufipes-9208973.jpg,rufipes
gs://bugoff-bucket1/hinton/Insecta/GenusSpecies/Promachus/rufipes/Promachus-rufipes-9257623.jpg,rufipes
gs://bugoff-bucket1/hinton/Insecta/GenusSpecies/Promachus/rufipes/Promachus-rufipes-9296521.jpg,rufipes
gs://bugoff-bucket1/hinton/Insecta/GenusSpecies/Promachus/rufipes/Promachus-rufipes-9301210.jpg,rufipes
gs://bugoff-bucket1/hinton/Insecta/GenusSpecies/Promachus/rufipes/Promachus-rufipes-9420672.jpg,rufipes
gs://bugoff-bucket1/hinton/Insecta/GenusSpecies/Promachus/rufipes/Promachus-rufipes-9423063.jpg,rufipes
gs://bugoff-bucket1/hinton/Insecta/GenusSpecies/Promachus/rufipes/Promachus-rufipes-9441508.jpg,rufipes
gs://bugoff-bucket1/hinton/Insecta/GenusSpecies/Promachus/rufipes/Promachus-rufipes-9464186.jpg,rufipes
gs://bugoff-bucket1/hinton/Insecta/GenusSpecies/Promachus/rufipes/Promachus-rufipes-9478598.jpg,rufipes
gs://bugoff-bucket1/hinton/Insecta/GenusSpecies/Promachus/rufipes/Promachus-rufipes-9500896.jpg,rufipes
gs://bugoff-bucket1/hinton/Insecta/GenusSpecies/Promachus/rufipes/Promachus-rufipes-9536853.jpg,rufipes
gs://bugoff-bucket1/hinton/Insecta/GenusSpecies/Promachus/rufipes/Promachus-rufipes-9607966.jpg,rufipes
gs://bugoff-bucket1/hinton/Insecta/GenusSpecies/Promachus/rufipes/Promachus-rufipes-979066.jpg,rufipes
gs://bugoff-bucket1/hinton/Insecta/GenusSpecies/Promachus/yesonicus/Promachus-yesonicus-9025853.jpg,yesonicus
gs://bugoff-bucket1/hinton/Insecta/GenusSpecies/Promachus/yesonicus/Promachus-yesonicus-997769.jpg,yesonicus
gs://bugoff-bucket1/hinton/Insecta/GenusSpecies/Psilocurus/nudiusculus/Psilocurus-nudiusculus-8260447.jpg,nudiusculus
gs://bugoff-bucket1/hinton/Insecta/GenusSpecies/Saropogon/hypomelas/Saropogon-hypomelas-831842.jpg,hypomelas
gs://bugoff-bucket1/hinton/Insecta/GenusSpecies/Saropogon/hypomelas/Saropogon-hypomelas-8496781.jpg,hypomelas
gs://bugoff-bucket1/hinton/Insecta/GenusSpecies/Saropogon/hypomelas/Saropogon-hypomelas-8751697.jpg,hypomelas
gs://bugoff-bucket1/hinton/Insecta/GenusSpecies/Saropogon/hypomelas/Saropogon-hypomelas-9014395.jpg,hypomelas
gs://bugoff-bucket1/hinton/Insecta/GenusSpecies/Saropogon/hypomelas/Saropogon-hypomelas-9051458.jpg,hypomelas
gs://bugoff-bucket1/hinton/Insecta/GenusSpecies/Saropogon/hypomelas/Saropogon-hypomelas-9443548.jpg,hypomelas
gs://bugoff-bucket1/hinton/Insecta/GenusSpecies/Saropogon/hypomelas/Saropogon-hypomelas-971862.jpg,hypomelas
gs://bugoff-bucket1/hinton/Insecta/GenusSpecies/Saropogon/hypomelas/Saropogon-hypomelas-999836.jpg,hypomelas
gs://bugoff-bucket1/hinton/Insecta/GenusSpecies/Saropogon/luteus/Saropogon-luteus-8498856.jpg,luteus
gs://bugoff-bucket1/hinton/Insecta/GenusSpecies/Saropogon/luteus/Saropogon-luteus-8643983.jpg,luteus
gs://bugoff-bucket1/hinton/Insecta/GenusSpecies/Saropogon/luteus/Saropogon-luteus-9160612.jpg,luteus
gs://bugoff-bucket1/hinton/Insecta/GenusSpecies/Saropogon/luteus/Saropogon-luteus-9325168.jpg,luteus
gs://bugoff-bucket1/hinton/Insecta/GenusSpecies/Scleropogon/bradleyi/Scleropogon-bradleyi-9402952.jpg,bradleyi
gs://bugoff-bucket1/hinton/Insecta/GenusSpecies/Scleropogon/bradleyi/Scleropogon-bradleyi-9403011.jpg,bradleyi
gs://bugoff-bucket1/hinton/Insecta/GenusSpecies/Scleropogon/bradleyi/Scleropogon-bradleyi-9678682.jpg,bradleyi
gs://bugoff-bucket1/hinton/Insecta/GenusSpecies/Stenopogon/californiae/Stenopogon-californiae-8825754.jpg,californiae
gs://bugoff-bucket1/hinton/Insecta/GenusSpecies/Stenopogon/rufibarbis/Stenopogon-rufibarbis-8449111.jpg,rufibarbis
gs://bugoff-bucket1/hinton/Insecta/GenusSpecies/Stenopogon/rufibarbis/Stenopogon-rufibarbis-8644674.jpg,rufibarbis
gs://bugoff-bucket1/hinton/Insecta/GenusSpecies/Stenopogon/rufibarbis/Stenopogon-rufibarbis-8979848.jpg,rufibarbis
gs://bugoff-bucket1/hinton/Insecta/GenusSpecies/Stichopogon/abdominalis/Stichopogon-abdominalis-8798027.jpg,abdominalis
gs://bugoff-bucket1/hinton/Insecta/GenusSpecies/Stichopogon/trifasciatus/Stichopogon-trifasciatus-8251115.jpg,trifasciatus
gs://bugoff-bucket1/hinton/Insecta/GenusSpecies/Stichopogon/trifasciatus/Stichopogon-trifasciatus-8251137.jpg,trifasciatus
gs://bugoff-bucket1/hinton/Insecta/GenusSpecies/Stichopogon/trifasciatus/Stichopogon-trifasciatus-8260644.jpg,trifasciatus
gs://bugoff-bucket1/hinton/Insecta/GenusSpecies/Stichopogon/trifasciatus/Stichopogon-trifasciatus-8261835.jpg,trifasciatus
gs://bugoff-bucket1/hinton/Insecta/GenusSpecies/Stichopogon/trifasciatus/Stichopogon-trifasciatus-8798026.jpg,trifasciatus
gs://bugoff-bucket1/hinton/Insecta/GenusSpecies/Stichopogon/trifasciatus/Stichopogon-trifasciatus-8937727.jpg,trifasciatus
gs://bugoff-bucket1/hinton/Insecta/GenusSpecies/Stichopogon/trifasciatus/Stichopogon-trifasciatus-8945664.jpg,trifasciatus
gs://bugoff-bucket1/hinton/Insecta/GenusSpecies/Stichopogon/trifasciatus/Stichopogon-trifasciatus-8973202.jpg,trifasciatus
gs://bugoff-bucket1/hinton/Insecta/GenusSpecies/Stichopogon/trifasciatus/Stichopogon-trifasciatus-8984314.jpg,trifasciatus
gs://bugoff-bucket1/hinton/Insecta/GenusSpecies/Stichopogon/trifasciatus/Stichopogon-trifasciatus-9006636.jpg,trifasciatus
gs://bugoff-bucket1/hinton/Insecta/GenusSpecies/Stichopogon/trifasciatus/Stichopogon-trifasciatus-9085589.jpg,trifasciatus
gs://bugoff-bucket1/hinton/Insecta/GenusSpecies/Stichopogon/trifasciatus/Stichopogon-trifasciatus-9098618.jpg,trifasciatus
gs://bugoff-bucket1/hinton/Insecta/GenusSpecies/Taracticus/octopunctatus/Taracticus-octopunctatus-8000909.jpg,octopunctatus
gs://bugoff-bucket1/hinton/Insecta/GenusSpecies/Triorla/interrupta/Triorla-interrupta-8023943.jpg,interrupta
gs://bugoff-bucket1/hinton/Insecta/GenusSpecies/Triorla/interrupta/Triorla-interrupta-8210807.jpg,interrupta
gs://bugoff-bucket1/hinton/Insecta/GenusSpecies/Triorla/interrupta/Triorla-interrupta-8251165.jpg,interrupta
gs://bugoff-bucket1/hinton/Insecta/GenusSpecies/Triorla/interrupta/Triorla-interrupta-8251414.jpg,interrupta
gs://bugoff-bucket1/hinton/Insecta/GenusSpecies/Triorla/interrupta/Triorla-interrupta-8252112.jpg,interrupta
gs://bugoff-bucket1/hinton/Insecta/GenusSpecies/Triorla/interrupta/Triorla-interrupta-8252138.jpg,interrupta
gs://bugoff-bucket1/hinton/Insecta/GenusSpecies/Triorla/interrupta/Triorla-interrupta-8252170.jpg,interrupta
gs://bugoff-bucket1/hinton/Insecta/GenusSpecies/Triorla/interrupta/Triorla-interrupta-8260346.jpg,interrupta
gs://bugoff-bucket1/hinton/Insecta/GenusSpecies/Triorla/interrupta/Triorla-interrupta-8260363.jpg,interrupta
gs://bugoff-bucket1/hinton/Insecta/GenusSpecies/Triorla/interrupta/Triorla-interrupta-8260381.jpg,interrupta
gs://bugoff-bucket1/hinton/Insecta/GenusSpecies/Triorla/interrupta/Triorla-interrupta-8260653.jpg,interrupta
gs://bugoff-bucket1/hinton/Insecta/GenusSpecies/Triorla/interrupta/Triorla-interrupta-8260671.jpg,interrupta
gs://bugoff-bucket1/hinton/Insecta/GenusSpecies/Triorla/interrupta/Triorla-interrupta-8260695.jpg,interrupta
gs://bugoff-bucket1/hinton/Insecta/GenusSpecies/Triorla/interrupta/Triorla-interrupta-8615652.jpg,interrupta
gs://bugoff-bucket1/hinton/Insecta/GenusSpecies/Triorla/interrupta/Triorla-interrupta-8749692.jpg,interrupta
gs://bugoff-bucket1/hinton/Insecta/GenusSpecies/Triorla/interrupta/Triorla-interrupta-8833591.jpg,interrupta
gs://bugoff-bucket1/hinton/Insecta/GenusSpecies/Triorla/interrupta/Triorla-interrupta-8890995.jpg,interrupta
gs://bugoff-bucket1/hinton/Insecta/GenusSpecies/Triorla/interrupta/Triorla-interrupta-8912145.jpg,interrupta
gs://bugoff-bucket1/hinton/Insecta/GenusSpecies/Triorla/interrupta/Triorla-interrupta-9023493.jpg,interrupta
gs://bugoff-bucket1/hinton/Insecta/GenusSpecies/Triorla/interrupta/Triorla-interrupta-9034736.jpg,interrupta
gs://bugoff-bucket1/hinton/Insecta/GenusSpecies/Triorla/interrupta/Triorla-interrupta-9069553.jpg,interrupta
gs://bugoff-bucket1/hinton/Insecta/GenusSpecies/Triorla/interrupta/Triorla-interrupta-9102673.jpg,interrupta
gs://bugoff-bucket1/hinton/Insecta/GenusSpecies/Triorla/interrupta/Triorla-interrupta-9354321.jpg,interrupta
gs://bugoff-bucket1/hinton/Insecta/GenusSpecies/Triorla/interrupta/Triorla-interrupta-9358853.jpg,interrupta
gs://bugoff-bucket1/hinton/Insecta/GenusSpecies/Triorla/interrupta/Triorla-interrupta-9359564.jpg,interrupta
gs://bugoff-bucket1/hinton/Insecta/GenusSpecies/Triorla/interrupta/Triorla-interrupta-9420686.jpg,interrupta
gs://bugoff-bucket1/hinton/Insecta/GenusSpecies/Triorla/interrupta/Triorla-interrupta-9430496.jpg,interrupta
gs://bugoff-bucket1/hinton/Insecta/GenusSpecies/Triorla/interrupta/Triorla-interrupta-9435272.jpg,interrupta
gs://bugoff-bucket1/hinton/Insecta/GenusSpecies/Triorla/interrupta/Triorla-interrupta-945898.jpg,interrupta
gs://bugoff-bucket1/hinton/Insecta/GenusSpecies/Triorla/interrupta/Triorla-interrupta-9513455.jpg,interrupta
