gs://bugoff-bucket1/hinton/Insecta/GenusSpecies/Aciurina/bigeloviae/Aciurina-bigeloviae-8188491.jpg,bigeloviae
gs://bugoff-bucket1/hinton/Insecta/GenusSpecies/Bactrocera/dorsalis/Bactrocera-dorsalis-902719.jpg,dorsalis
gs://bugoff-bucket1/hinton/Insecta/GenusSpecies/Bactrocera/dorsalis/Bactrocera-dorsalis-984389.jpg,dorsalis
gs://bugoff-bucket1/hinton/Insecta/GenusSpecies/Bactrocera/dorsalis/Bactrocera-dorsalis-995184.jpg,dorsalis
gs://bugoff-bucket1/hinton/Insecta/GenusSpecies/Bactrocera/oleae/Bactrocera-oleae-836423.jpg,oleae
gs://bugoff-bucket1/hinton/Insecta/GenusSpecies/Bactrocera/oleae/Bactrocera-oleae-9360685.jpg,oleae
gs://bugoff-bucket1/hinton/Insecta/GenusSpecies/Ceratitis/capitata/Ceratitis-capitata-8356364.jpg,capitata
gs://bugoff-bucket1/hinton/Insecta/GenusSpecies/Ceratitis/capitata/Ceratitis-capitata-836426.jpg,capitata
gs://bugoff-bucket1/hinton/Insecta/GenusSpecies/Ceratitis/capitata/Ceratitis-capitata-8442487.jpg,capitata
gs://bugoff-bucket1/hinton/Insecta/GenusSpecies/Ceratitis/capitata/Ceratitis-capitata-8944710.jpg,capitata
gs://bugoff-bucket1/hinton/Insecta/GenusSpecies/Ceratitis/capitata/Ceratitis-capitata-8983860.jpg,capitata
gs://bugoff-bucket1/hinton/Insecta/GenusSpecies/Ceratitis/capitata/Ceratitis-capitata-9036744.jpg,capitata
gs://bugoff-bucket1/hinton/Insecta/GenusSpecies/Ceratitis/capitata/Ceratitis-capitata-9038841.jpg,capitata
gs://bugoff-bucket1/hinton/Insecta/GenusSpecies/Ceratitis/capitata/Ceratitis-capitata-9572359.jpg,capitata
gs://bugoff-bucket1/hinton/Insecta/GenusSpecies/Ceratitis/capitata/Ceratitis-capitata-9592599.jpg,capitata
gs://bugoff-bucket1/hinton/Insecta/GenusSpecies/Ceratitis/capitata/Ceratitis-capitata-967101.jpg,capitata
gs://bugoff-bucket1/hinton/Insecta/GenusSpecies/Chaetorellia/australis/Chaetorellia-australis-8213971.jpg,australis
gs://bugoff-bucket1/hinton/Insecta/GenusSpecies/Chaetorellia/jaceae/Chaetorellia-jaceae-8944168.jpg,jaceae
gs://bugoff-bucket1/hinton/Insecta/GenusSpecies/Chaetorellia/succinea/Chaetorellia-succinea-8578415.jpg,succinea
gs://bugoff-bucket1/hinton/Insecta/GenusSpecies/Dioxyna/sororcula/Dioxyna-sororcula-8051150.jpg,sororcula
gs://bugoff-bucket1/hinton/Insecta/GenusSpecies/Euaresta/bellula/Euaresta-bellula-9019416.jpg,bellula
gs://bugoff-bucket1/hinton/Insecta/GenusSpecies/Euaresta/festiva/Euaresta-festiva-9425190.jpg,festiva
gs://bugoff-bucket1/hinton/Insecta/GenusSpecies/Euleia/fratria/Euleia-fratria-8048889.jpg,fratria
gs://bugoff-bucket1/hinton/Insecta/GenusSpecies/Eurosta/canadensis/Eurosta-canadensis-8291138.jpg,canadensis
gs://bugoff-bucket1/hinton/Insecta/GenusSpecies/Eurosta/solidaginis/Eurosta-solidaginis-8016012.jpg,solidaginis
gs://bugoff-bucket1/hinton/Insecta/GenusSpecies/Eurosta/solidaginis/Eurosta-solidaginis-8027844.jpg,solidaginis
gs://bugoff-bucket1/hinton/Insecta/GenusSpecies/Eurosta/solidaginis/Eurosta-solidaginis-8029606.jpg,solidaginis
gs://bugoff-bucket1/hinton/Insecta/GenusSpecies/Eurosta/solidaginis/Eurosta-solidaginis-8109747.jpg,solidaginis
gs://bugoff-bucket1/hinton/Insecta/GenusSpecies/Eurosta/solidaginis/Eurosta-solidaginis-8132245.jpg,solidaginis
gs://bugoff-bucket1/hinton/Insecta/GenusSpecies/Eurosta/solidaginis/Eurosta-solidaginis-8299812.jpg,solidaginis
gs://bugoff-bucket1/hinton/Insecta/GenusSpecies/Eurosta/solidaginis/Eurosta-solidaginis-8299876.jpg,solidaginis
gs://bugoff-bucket1/hinton/Insecta/GenusSpecies/Eurosta/solidaginis/Eurosta-solidaginis-8302005.jpg,solidaginis
gs://bugoff-bucket1/hinton/Insecta/GenusSpecies/Eurosta/solidaginis/Eurosta-solidaginis-8311842.jpg,solidaginis
gs://bugoff-bucket1/hinton/Insecta/GenusSpecies/Eurosta/solidaginis/Eurosta-solidaginis-8518980.jpg,solidaginis
gs://bugoff-bucket1/hinton/Insecta/GenusSpecies/Eurosta/solidaginis/Eurosta-solidaginis-8707387.jpg,solidaginis
gs://bugoff-bucket1/hinton/Insecta/GenusSpecies/Eurosta/solidaginis/Eurosta-solidaginis-8919614.jpg,solidaginis
gs://bugoff-bucket1/hinton/Insecta/GenusSpecies/Eurosta/solidaginis/Eurosta-solidaginis-8932684.jpg,solidaginis
gs://bugoff-bucket1/hinton/Insecta/GenusSpecies/Eurosta/solidaginis/Eurosta-solidaginis-9034064.jpg,solidaginis
gs://bugoff-bucket1/hinton/Insecta/GenusSpecies/Eurosta/solidaginis/Eurosta-solidaginis-9052154.jpg,solidaginis
gs://bugoff-bucket1/hinton/Insecta/GenusSpecies/Eurosta/solidaginis/Eurosta-solidaginis-9085807.jpg,solidaginis
gs://bugoff-bucket1/hinton/Insecta/GenusSpecies/Eurosta/solidaginis/Eurosta-solidaginis-9088137.jpg,solidaginis
gs://bugoff-bucket1/hinton/Insecta/GenusSpecies/Eurosta/solidaginis/Eurosta-solidaginis-9144274.jpg,solidaginis
gs://bugoff-bucket1/hinton/Insecta/GenusSpecies/Eurosta/solidaginis/Eurosta-solidaginis-9155499.jpg,solidaginis
gs://bugoff-bucket1/hinton/Insecta/GenusSpecies/Eurosta/solidaginis/Eurosta-solidaginis-9164234.jpg,solidaginis
gs://bugoff-bucket1/hinton/Insecta/GenusSpecies/Eurosta/solidaginis/Eurosta-solidaginis-9203681.jpg,solidaginis
gs://bugoff-bucket1/hinton/Insecta/GenusSpecies/Eurosta/solidaginis/Eurosta-solidaginis-9241829.jpg,solidaginis
gs://bugoff-bucket1/hinton/Insecta/GenusSpecies/Eurosta/solidaginis/Eurosta-solidaginis-9255965.jpg,solidaginis
gs://bugoff-bucket1/hinton/Insecta/GenusSpecies/Eurosta/solidaginis/Eurosta-solidaginis-9258955.jpg,solidaginis
gs://bugoff-bucket1/hinton/Insecta/GenusSpecies/Eurosta/solidaginis/Eurosta-solidaginis-9270891.jpg,solidaginis
gs://bugoff-bucket1/hinton/Insecta/GenusSpecies/Eurosta/solidaginis/Eurosta-solidaginis-9303713.jpg,solidaginis
gs://bugoff-bucket1/hinton/Insecta/GenusSpecies/Eurosta/solidaginis/Eurosta-solidaginis-9344372.jpg,solidaginis
gs://bugoff-bucket1/hinton/Insecta/GenusSpecies/Eurosta/solidaginis/Eurosta-solidaginis-9360383.jpg,solidaginis
gs://bugoff-bucket1/hinton/Insecta/GenusSpecies/Eurosta/solidaginis/Eurosta-solidaginis-9364086.jpg,solidaginis
gs://bugoff-bucket1/hinton/Insecta/GenusSpecies/Eurosta/solidaginis/Eurosta-solidaginis-9407086.jpg,solidaginis
gs://bugoff-bucket1/hinton/Insecta/GenusSpecies/Eurosta/solidaginis/Eurosta-solidaginis-9417168.jpg,solidaginis
gs://bugoff-bucket1/hinton/Insecta/GenusSpecies/Eurosta/solidaginis/Eurosta-solidaginis-9433658.jpg,solidaginis
gs://bugoff-bucket1/hinton/Insecta/GenusSpecies/Eurosta/solidaginis/Eurosta-solidaginis-9483313.jpg,solidaginis
gs://bugoff-bucket1/hinton/Insecta/GenusSpecies/Eurosta/solidaginis/Eurosta-solidaginis-9510253.jpg,solidaginis
gs://bugoff-bucket1/hinton/Insecta/GenusSpecies/Eurosta/solidaginis/Eurosta-solidaginis-9519623.jpg,solidaginis
gs://bugoff-bucket1/hinton/Insecta/GenusSpecies/Eurosta/solidaginis/Eurosta-solidaginis-9556715.jpg,solidaginis
gs://bugoff-bucket1/hinton/Insecta/GenusSpecies/Eurosta/solidaginis/Eurosta-solidaginis-9621432.jpg,solidaginis
gs://bugoff-bucket1/hinton/Insecta/GenusSpecies/Eurosta/solidaginis/Eurosta-solidaginis-9626803.jpg,solidaginis
gs://bugoff-bucket1/hinton/Insecta/GenusSpecies/Eurosta/solidaginis/Eurosta-solidaginis-997963.jpg,solidaginis
gs://bugoff-bucket1/hinton/Insecta/GenusSpecies/Eutreta/angusta/Eutreta-angusta-8846906.jpg,angusta
gs://bugoff-bucket1/hinton/Insecta/GenusSpecies/Eutreta/noveboracensis/Eutreta-noveboracensis-9162537.jpg,noveboracensis
gs://bugoff-bucket1/hinton/Insecta/GenusSpecies/Eutreta/noveboracensis/Eutreta-noveboracensis-9165821.jpg,noveboracensis
gs://bugoff-bucket1/hinton/Insecta/GenusSpecies/Gymnocarena/diffusa/Gymnocarena-diffusa-8716210.jpg,diffusa
gs://bugoff-bucket1/hinton/Insecta/GenusSpecies/Neotephritis/finalis/Neotephritis-finalis-803356.jpg,finalis
gs://bugoff-bucket1/hinton/Insecta/GenusSpecies/Neotephritis/finalis/Neotephritis-finalis-8090880.jpg,finalis
gs://bugoff-bucket1/hinton/Insecta/GenusSpecies/Neotephritis/finalis/Neotephritis-finalis-8944356.jpg,finalis
gs://bugoff-bucket1/hinton/Insecta/GenusSpecies/Neotephritis/finalis/Neotephritis-finalis-9338341.jpg,finalis
gs://bugoff-bucket1/hinton/Insecta/GenusSpecies/Oxyna/flavipennis/Oxyna-flavipennis-8770728.jpg,flavipennis
gs://bugoff-bucket1/hinton/Insecta/GenusSpecies/Oxyna/parietina/Oxyna-parietina-8525553.jpg,parietina
gs://bugoff-bucket1/hinton/Insecta/GenusSpecies/Paracantha/culta/Paracantha-culta-8095512.jpg,culta
gs://bugoff-bucket1/hinton/Insecta/GenusSpecies/Paracantha/culta/Paracantha-culta-8243311.jpg,culta
gs://bugoff-bucket1/hinton/Insecta/GenusSpecies/Paracantha/culta/Paracantha-culta-9318151.jpg,culta
gs://bugoff-bucket1/hinton/Insecta/GenusSpecies/Paracantha/culta/Paracantha-culta-9370020.jpg,culta
gs://bugoff-bucket1/hinton/Insecta/GenusSpecies/Paracantha/cultaris/Paracantha-cultaris-9172167.jpg,cultaris
gs://bugoff-bucket1/hinton/Insecta/GenusSpecies/Paracantha/cultaris/Paracantha-cultaris-9187536.jpg,cultaris
gs://bugoff-bucket1/hinton/Insecta/GenusSpecies/Paracantha/cultaris/Paracantha-cultaris-9191980.jpg,cultaris
gs://bugoff-bucket1/hinton/Insecta/GenusSpecies/Rhagoletis/cerasi/Rhagoletis-cerasi-8405579.jpg,cerasi
gs://bugoff-bucket1/hinton/Insecta/GenusSpecies/Rhagoletis/completa/Rhagoletis-completa-8143111.jpg,completa
gs://bugoff-bucket1/hinton/Insecta/GenusSpecies/Rhagoletis/completa/Rhagoletis-completa-9185273.jpg,completa
gs://bugoff-bucket1/hinton/Insecta/GenusSpecies/Rhagoletis/completa/Rhagoletis-completa-9492644.jpg,completa
gs://bugoff-bucket1/hinton/Insecta/GenusSpecies/Rhagoletis/completa/Rhagoletis-completa-9493056.jpg,completa
gs://bugoff-bucket1/hinton/Insecta/GenusSpecies/Rhagoletis/pomonella/Rhagoletis-pomonella-9136748.jpg,pomonella
gs://bugoff-bucket1/hinton/Insecta/GenusSpecies/Rhagoletis/pomonella/Rhagoletis-pomonella-9409485.jpg,pomonella
gs://bugoff-bucket1/hinton/Insecta/GenusSpecies/Rhagoletis/pomonella/Rhagoletis-pomonella-9527472.jpg,pomonella
gs://bugoff-bucket1/hinton/Insecta/GenusSpecies/Rhagoletis/suavis/Rhagoletis-suavis-9051661.jpg,suavis
gs://bugoff-bucket1/hinton/Insecta/GenusSpecies/Strauzia/longipennis/Strauzia-longipennis-8206124.jpg,longipennis
gs://bugoff-bucket1/hinton/Insecta/GenusSpecies/Strauzia/longipennis/Strauzia-longipennis-8701325.jpg,longipennis
gs://bugoff-bucket1/hinton/Insecta/GenusSpecies/Strauzia/longipennis/Strauzia-longipennis-8744041.jpg,longipennis
gs://bugoff-bucket1/hinton/Insecta/GenusSpecies/Strauzia/longipennis/Strauzia-longipennis-878527.jpg,longipennis
gs://bugoff-bucket1/hinton/Insecta/GenusSpecies/Strauzia/longipennis/Strauzia-longipennis-8812771.jpg,longipennis
gs://bugoff-bucket1/hinton/Insecta/GenusSpecies/Strauzia/longipennis/Strauzia-longipennis-8832207.jpg,longipennis
gs://bugoff-bucket1/hinton/Insecta/GenusSpecies/Strauzia/longipennis/Strauzia-longipennis-978753.jpg,longipennis
gs://bugoff-bucket1/hinton/Insecta/GenusSpecies/Tephritis/baccharis/Tephritis-baccharis-9260923.jpg,baccharis
gs://bugoff-bucket1/hinton/Insecta/GenusSpecies/Tephritis/bardanae/Tephritis-bardanae-9217988.jpg,bardanae
gs://bugoff-bucket1/hinton/Insecta/GenusSpecies/Tephritis/neesii/Tephritis-neesii-8298768.jpg,neesii
gs://bugoff-bucket1/hinton/Insecta/GenusSpecies/Tephritis/neesii/Tephritis-neesii-9514017.jpg,neesii
gs://bugoff-bucket1/hinton/Insecta/GenusSpecies/Terellia/palposa/Terellia-palposa-9480006.jpg,palposa
gs://bugoff-bucket1/hinton/Insecta/GenusSpecies/Terellia/serratulae/Terellia-serratulae-8708786.jpg,serratulae
gs://bugoff-bucket1/hinton/Insecta/GenusSpecies/Terellia/tussilaginis/Terellia-tussilaginis-8633159.jpg,tussilaginis
gs://bugoff-bucket1/hinton/Insecta/GenusSpecies/Terellia/tussilaginis/Terellia-tussilaginis-8705750.jpg,tussilaginis
gs://bugoff-bucket1/hinton/Insecta/GenusSpecies/Terellia/tussilaginis/Terellia-tussilaginis-9364839.jpg,tussilaginis
gs://bugoff-bucket1/hinton/Insecta/GenusSpecies/Tomoplagia/cressoni/Tomoplagia-cressoni-8081719.jpg,cressoni
gs://bugoff-bucket1/hinton/Insecta/GenusSpecies/Trupanea/femoralis/Trupanea-femoralis-9169785.jpg,femoralis
gs://bugoff-bucket1/hinton/Insecta/GenusSpecies/Trupanea/vicina/Trupanea-vicina-8091657.jpg,vicina
gs://bugoff-bucket1/hinton/Insecta/GenusSpecies/Trupanea/vicina/Trupanea-vicina-8483744.jpg,vicina
gs://bugoff-bucket1/hinton/Insecta/GenusSpecies/Trupanea/vicina/Trupanea-vicina-9246242.jpg,vicina
gs://bugoff-bucket1/hinton/Insecta/GenusSpecies/Urophora/affinis/Urophora-affinis-9227657.jpg,affinis
gs://bugoff-bucket1/hinton/Insecta/GenusSpecies/Urophora/cardui/Urophora-cardui-8029492.jpg,cardui
gs://bugoff-bucket1/hinton/Insecta/GenusSpecies/Urophora/cardui/Urophora-cardui-8376169.jpg,cardui
gs://bugoff-bucket1/hinton/Insecta/GenusSpecies/Urophora/cardui/Urophora-cardui-8404799.jpg,cardui
gs://bugoff-bucket1/hinton/Insecta/GenusSpecies/Urophora/cardui/Urophora-cardui-8522282.jpg,cardui
gs://bugoff-bucket1/hinton/Insecta/GenusSpecies/Urophora/cardui/Urophora-cardui-8853061.jpg,cardui
gs://bugoff-bucket1/hinton/Insecta/GenusSpecies/Urophora/cardui/Urophora-cardui-8889899.jpg,cardui
gs://bugoff-bucket1/hinton/Insecta/GenusSpecies/Urophora/cardui/Urophora-cardui-9453527.jpg,cardui
gs://bugoff-bucket1/hinton/Insecta/GenusSpecies/Urophora/cardui/Urophora-cardui-9456044.jpg,cardui
gs://bugoff-bucket1/hinton/Insecta/GenusSpecies/Urophora/cardui/Urophora-cardui-996880.jpg,cardui
gs://bugoff-bucket1/hinton/Insecta/GenusSpecies/Urophora/jaceana/Urophora-jaceana-8642118.jpg,jaceana
gs://bugoff-bucket1/hinton/Insecta/GenusSpecies/Urophora/jaceana/Urophora-jaceana-8770653.jpg,jaceana
gs://bugoff-bucket1/hinton/Insecta/GenusSpecies/Urophora/jaceana/Urophora-jaceana-8770750.jpg,jaceana
gs://bugoff-bucket1/hinton/Insecta/GenusSpecies/Urophora/quadrifasciata/Urophora-quadrifasciata-8545283.jpg,quadrifasciata
gs://bugoff-bucket1/hinton/Insecta/GenusSpecies/Urophora/quadrifasciata/Urophora-quadrifasciata-8943818.jpg,quadrifasciata
gs://bugoff-bucket1/hinton/Insecta/GenusSpecies/Urophora/stylata/Urophora-stylata-8689350.jpg,stylata
gs://bugoff-bucket1/hinton/Insecta/GenusSpecies/Urophora/stylata/Urophora-stylata-8942603.jpg,stylata
gs://bugoff-bucket1/hinton/Insecta/GenusSpecies/Urophora/stylata/Urophora-stylata-9144851.jpg,stylata
gs://bugoff-bucket1/hinton/Insecta/GenusSpecies/Zonosemata/electa/Zonosemata-electa-9284808.jpg,electa
gs://bugoff-bucket1/hinton/Insecta/GenusSpecies/Zonosemata/vittigera/Zonosemata-vittigera-8045715.jpg,vittigera
gs://bugoff-bucket1/hinton/Insecta/GenusSpecies/Zonosemata/vittigera/Zonosemata-vittigera-8115570.jpg,vittigera
gs://bugoff-bucket1/hinton/Insecta/GenusSpecies/Zonosemata/vittigera/Zonosemata-vittigera-8215171.jpg,vittigera
