gs://bugoff-bucket1/hinton/Insecta/GenusSpecies/Neoitamus/angusticornis/Neoitamus-angusticornis-1318424.jpg,angusticornis
gs://bugoff-bucket1/hinton/Insecta/GenusSpecies/Neoitamus/angusticornis/Neoitamus-angusticornis-3883345.jpg,angusticornis
gs://bugoff-bucket1/hinton/Insecta/GenusSpecies/Neoitamus/bulbus/Neoitamus-bulbus-1218188.jpg,bulbus
gs://bugoff-bucket1/hinton/Insecta/GenusSpecies/Neoitamus/bulbus/Neoitamus-bulbus-2634204.jpg,bulbus
gs://bugoff-bucket1/hinton/Insecta/GenusSpecies/Neoitamus/cyanurus/Neoitamus-cyanurus-1966086.jpg,cyanurus
gs://bugoff-bucket1/hinton/Insecta/GenusSpecies/Neoitamus/cyanurus/Neoitamus-cyanurus-3806898.jpg,cyanurus
gs://bugoff-bucket1/hinton/Insecta/GenusSpecies/Neoitamus/cyanurus/Neoitamus-cyanurus-4169033.jpg,cyanurus
gs://bugoff-bucket1/hinton/Insecta/GenusSpecies/Neoitamus/cyanurus/Neoitamus-cyanurus-4282622.jpg,cyanurus
gs://bugoff-bucket1/hinton/Insecta/GenusSpecies/Neoitamus/flavofemoratus/Neoitamus-flavofemoratus-255047.jpg,flavofemoratus
gs://bugoff-bucket1/hinton/Insecta/GenusSpecies/Neoitamus/flavofemoratus/Neoitamus-flavofemoratus-3828047.jpg,flavofemoratus
gs://bugoff-bucket1/hinton/Insecta/GenusSpecies/Neoitamus/flavofemoratus/Neoitamus-flavofemoratus-566446.jpg,flavofemoratus
gs://bugoff-bucket1/hinton/Insecta/GenusSpecies/Neoitamus/flavofemoratus/Neoitamus-flavofemoratus-590.jpg,flavofemoratus
gs://bugoff-bucket1/hinton/Insecta/GenusSpecies/Neoitamus/flavofemoratus/Neoitamus-flavofemoratus-5937024.jpg,flavofemoratus
gs://bugoff-bucket1/hinton/Insecta/GenusSpecies/Neoitamus/flavofemoratus/Neoitamus-flavofemoratus-6201882.jpg,flavofemoratus
gs://bugoff-bucket1/hinton/Insecta/GenusSpecies/Neoitamus/melanopogon/Neoitamus-melanopogon-1232495.jpg,melanopogon
gs://bugoff-bucket1/hinton/Insecta/GenusSpecies/Neoitamus/melanopogon/Neoitamus-melanopogon-1404266.jpg,melanopogon
gs://bugoff-bucket1/hinton/Insecta/GenusSpecies/Neoitamus/melanopogon/Neoitamus-melanopogon-1455668.jpg,melanopogon
gs://bugoff-bucket1/hinton/Insecta/GenusSpecies/Neoitamus/melanopogon/Neoitamus-melanopogon-1458579.jpg,melanopogon
gs://bugoff-bucket1/hinton/Insecta/GenusSpecies/Neoitamus/melanopogon/Neoitamus-melanopogon-1491817.jpg,melanopogon
gs://bugoff-bucket1/hinton/Insecta/GenusSpecies/Neoitamus/melanopogon/Neoitamus-melanopogon-1501002.jpg,melanopogon
gs://bugoff-bucket1/hinton/Insecta/GenusSpecies/Neoitamus/melanopogon/Neoitamus-melanopogon-1515072.jpg,melanopogon
gs://bugoff-bucket1/hinton/Insecta/GenusSpecies/Neoitamus/melanopogon/Neoitamus-melanopogon-1519227.jpg,melanopogon
gs://bugoff-bucket1/hinton/Insecta/GenusSpecies/Neoitamus/melanopogon/Neoitamus-melanopogon-1529116.jpg,melanopogon
gs://bugoff-bucket1/hinton/Insecta/GenusSpecies/Neoitamus/melanopogon/Neoitamus-melanopogon-1531314.jpg,melanopogon
gs://bugoff-bucket1/hinton/Insecta/GenusSpecies/Neoitamus/melanopogon/Neoitamus-melanopogon-1577879.jpg,melanopogon
gs://bugoff-bucket1/hinton/Insecta/GenusSpecies/Neoitamus/melanopogon/Neoitamus-melanopogon-2655396.jpg,melanopogon
gs://bugoff-bucket1/hinton/Insecta/GenusSpecies/Neoitamus/melanopogon/Neoitamus-melanopogon-2832449.jpg,melanopogon
gs://bugoff-bucket1/hinton/Insecta/GenusSpecies/Neoitamus/melanopogon/Neoitamus-melanopogon-2872250.jpg,melanopogon
gs://bugoff-bucket1/hinton/Insecta/GenusSpecies/Neoitamus/melanopogon/Neoitamus-melanopogon-2915863.jpg,melanopogon
gs://bugoff-bucket1/hinton/Insecta/GenusSpecies/Neoitamus/melanopogon/Neoitamus-melanopogon-2944537.jpg,melanopogon
gs://bugoff-bucket1/hinton/Insecta/GenusSpecies/Neoitamus/melanopogon/Neoitamus-melanopogon-2957911.jpg,melanopogon
gs://bugoff-bucket1/hinton/Insecta/GenusSpecies/Neoitamus/melanopogon/Neoitamus-melanopogon-4164946.jpg,melanopogon
gs://bugoff-bucket1/hinton/Insecta/GenusSpecies/Neoitamus/melanopogon/Neoitamus-melanopogon-4205861.jpg,melanopogon
gs://bugoff-bucket1/hinton/Insecta/GenusSpecies/Neoitamus/melanopogon/Neoitamus-melanopogon-4213750.jpg,melanopogon
gs://bugoff-bucket1/hinton/Insecta/GenusSpecies/Neoitamus/melanopogon/Neoitamus-melanopogon-6430594.jpg,melanopogon
gs://bugoff-bucket1/hinton/Insecta/GenusSpecies/Neoitamus/melanopogon/Neoitamus-melanopogon-7930420.jpg,melanopogon
gs://bugoff-bucket1/hinton/Insecta/GenusSpecies/Neoitamus/socius/Neoitamus-socius-2208381.jpg,socius
gs://bugoff-bucket1/hinton/Insecta/GenusSpecies/Neoitamus/angusticornis/Neoitamus-angusticornis-1318424.jpg,angusticornis
gs://bugoff-bucket1/hinton/Insecta/GenusSpecies/Neoitamus/angusticornis/Neoitamus-angusticornis-3883345.jpg,angusticornis
gs://bugoff-bucket1/hinton/Insecta/GenusSpecies/Neoitamus/bulbus/Neoitamus-bulbus-1218188.jpg,bulbus
gs://bugoff-bucket1/hinton/Insecta/GenusSpecies/Neoitamus/bulbus/Neoitamus-bulbus-2634204.jpg,bulbus
gs://bugoff-bucket1/hinton/Insecta/GenusSpecies/Neoitamus/cyanurus/Neoitamus-cyanurus-1966086.jpg,cyanurus
gs://bugoff-bucket1/hinton/Insecta/GenusSpecies/Neoitamus/cyanurus/Neoitamus-cyanurus-3806898.jpg,cyanurus
gs://bugoff-bucket1/hinton/Insecta/GenusSpecies/Neoitamus/cyanurus/Neoitamus-cyanurus-4169033.jpg,cyanurus
gs://bugoff-bucket1/hinton/Insecta/GenusSpecies/Neoitamus/cyanurus/Neoitamus-cyanurus-4282622.jpg,cyanurus
gs://bugoff-bucket1/hinton/Insecta/GenusSpecies/Neoitamus/flavofemoratus/Neoitamus-flavofemoratus-255047.jpg,flavofemoratus
gs://bugoff-bucket1/hinton/Insecta/GenusSpecies/Neoitamus/flavofemoratus/Neoitamus-flavofemoratus-3828047.jpg,flavofemoratus
gs://bugoff-bucket1/hinton/Insecta/GenusSpecies/Neoitamus/flavofemoratus/Neoitamus-flavofemoratus-566446.jpg,flavofemoratus
gs://bugoff-bucket1/hinton/Insecta/GenusSpecies/Neoitamus/flavofemoratus/Neoitamus-flavofemoratus-590.jpg,flavofemoratus
gs://bugoff-bucket1/hinton/Insecta/GenusSpecies/Neoitamus/flavofemoratus/Neoitamus-flavofemoratus-5937024.jpg,flavofemoratus
gs://bugoff-bucket1/hinton/Insecta/GenusSpecies/Neoitamus/flavofemoratus/Neoitamus-flavofemoratus-6201882.jpg,flavofemoratus
gs://bugoff-bucket1/hinton/Insecta/GenusSpecies/Neoitamus/melanopogon/Neoitamus-melanopogon-1232495.jpg,melanopogon
gs://bugoff-bucket1/hinton/Insecta/GenusSpecies/Neoitamus/melanopogon/Neoitamus-melanopogon-1404266.jpg,melanopogon
gs://bugoff-bucket1/hinton/Insecta/GenusSpecies/Neoitamus/melanopogon/Neoitamus-melanopogon-1455668.jpg,melanopogon
gs://bugoff-bucket1/hinton/Insecta/GenusSpecies/Neoitamus/melanopogon/Neoitamus-melanopogon-1458579.jpg,melanopogon
gs://bugoff-bucket1/hinton/Insecta/GenusSpecies/Neoitamus/melanopogon/Neoitamus-melanopogon-1491817.jpg,melanopogon
gs://bugoff-bucket1/hinton/Insecta/GenusSpecies/Neoitamus/melanopogon/Neoitamus-melanopogon-1501002.jpg,melanopogon
gs://bugoff-bucket1/hinton/Insecta/GenusSpecies/Neoitamus/melanopogon/Neoitamus-melanopogon-1515072.jpg,melanopogon
gs://bugoff-bucket1/hinton/Insecta/GenusSpecies/Neoitamus/melanopogon/Neoitamus-melanopogon-1519227.jpg,melanopogon
gs://bugoff-bucket1/hinton/Insecta/GenusSpecies/Neoitamus/melanopogon/Neoitamus-melanopogon-1529116.jpg,melanopogon
gs://bugoff-bucket1/hinton/Insecta/GenusSpecies/Neoitamus/melanopogon/Neoitamus-melanopogon-1531314.jpg,melanopogon
gs://bugoff-bucket1/hinton/Insecta/GenusSpecies/Neoitamus/melanopogon/Neoitamus-melanopogon-1577879.jpg,melanopogon
gs://bugoff-bucket1/hinton/Insecta/GenusSpecies/Neoitamus/melanopogon/Neoitamus-melanopogon-2655396.jpg,melanopogon
gs://bugoff-bucket1/hinton/Insecta/GenusSpecies/Neoitamus/melanopogon/Neoitamus-melanopogon-2832449.jpg,melanopogon
gs://bugoff-bucket1/hinton/Insecta/GenusSpecies/Neoitamus/melanopogon/Neoitamus-melanopogon-2872250.jpg,melanopogon
gs://bugoff-bucket1/hinton/Insecta/GenusSpecies/Neoitamus/melanopogon/Neoitamus-melanopogon-2915863.jpg,melanopogon
gs://bugoff-bucket1/hinton/Insecta/GenusSpecies/Neoitamus/melanopogon/Neoitamus-melanopogon-2944537.jpg,melanopogon
gs://bugoff-bucket1/hinton/Insecta/GenusSpecies/Neoitamus/melanopogon/Neoitamus-melanopogon-2957911.jpg,melanopogon
gs://bugoff-bucket1/hinton/Insecta/GenusSpecies/Neoitamus/melanopogon/Neoitamus-melanopogon-4164946.jpg,melanopogon
gs://bugoff-bucket1/hinton/Insecta/GenusSpecies/Neoitamus/melanopogon/Neoitamus-melanopogon-4205861.jpg,melanopogon
gs://bugoff-bucket1/hinton/Insecta/GenusSpecies/Neoitamus/melanopogon/Neoitamus-melanopogon-4213750.jpg,melanopogon
gs://bugoff-bucket1/hinton/Insecta/GenusSpecies/Neoitamus/melanopogon/Neoitamus-melanopogon-6430594.jpg,melanopogon
gs://bugoff-bucket1/hinton/Insecta/GenusSpecies/Neoitamus/melanopogon/Neoitamus-melanopogon-7930420.jpg,melanopogon
gs://bugoff-bucket1/hinton/Insecta/GenusSpecies/Neoitamus/socius/Neoitamus-socius-2208381.jpg,socius
