gs://bugoff-bucket1/hinton/Insecta/GenusSpecies/Aphelinus/asychis/Aphelinus-asychis-5690877.jpg,asychis
gs://bugoff-bucket1/hinton/Insecta/GenusSpecies/Aphelinus/humilis/Aphelinus-humilis-1235562.jpg,humilis
gs://bugoff-bucket1/hinton/Insecta/GenusSpecies/Aphelinus/humilis/Aphelinus-humilis-1237860.jpg,humilis
gs://bugoff-bucket1/hinton/Insecta/GenusSpecies/Aphelinus/humilis/Aphelinus-humilis-1647284.jpg,humilis
gs://bugoff-bucket1/hinton/Insecta/GenusSpecies/Aphelinus/humilis/Aphelinus-humilis-2609735.jpg,humilis
gs://bugoff-bucket1/hinton/Insecta/GenusSpecies/Aphelinus/humilis/Aphelinus-humilis-5445608.jpg,humilis
gs://bugoff-bucket1/hinton/Insecta/GenusSpecies/Aphelinus/humilis/Aphelinus-humilis-5479567.jpg,humilis
gs://bugoff-bucket1/hinton/Insecta/GenusSpecies/Aphelinus/subflavescens/Aphelinus-subflavescens-6023755.jpg,subflavescens
gs://bugoff-bucket1/hinton/Insecta/GenusSpecies/Aphytis/rossi/Aphytis-rossi-2259068.jpg,rossi
gs://bugoff-bucket1/hinton/Insecta/GenusSpecies/Aphytis/rossi/Aphytis-rossi-2269434.jpg,rossi
gs://bugoff-bucket1/hinton/Insecta/GenusSpecies/Aphytis/rossi/Aphytis-rossi-2376253.jpg,rossi
gs://bugoff-bucket1/hinton/Insecta/GenusSpecies/Aphytis/rossi/Aphytis-rossi-2381774.jpg,rossi
gs://bugoff-bucket1/hinton/Insecta/GenusSpecies/Aphytis/rossi/Aphytis-rossi-2415440.jpg,rossi
gs://bugoff-bucket1/hinton/Insecta/GenusSpecies/Aphytis/st1/Aphytis-st1-1397559.jpg,st1
gs://bugoff-bucket1/hinton/Insecta/GenusSpecies/Aphytis/st1/Aphytis-st1-2977194.jpg,st1
gs://bugoff-bucket1/hinton/Insecta/GenusSpecies/Aphytis/st1/Aphytis-st1-2998176.jpg,st1
gs://bugoff-bucket1/hinton/Insecta/GenusSpecies/Coccophagus/ochraceus/Coccophagus-ochraceus-1215049.jpg,ochraceus
gs://bugoff-bucket1/hinton/Insecta/GenusSpecies/Coccophagus/ochraceus/Coccophagus-ochraceus-1233620.jpg,ochraceus
gs://bugoff-bucket1/hinton/Insecta/GenusSpecies/Coccophagus/ochraceus/Coccophagus-ochraceus-1252444.jpg,ochraceus
gs://bugoff-bucket1/hinton/Insecta/GenusSpecies/Coccophagus/ochraceus/Coccophagus-ochraceus-1450960.jpg,ochraceus
gs://bugoff-bucket1/hinton/Insecta/GenusSpecies/Coccophagus/ochraceus/Coccophagus-ochraceus-2945653.jpg,ochraceus
gs://bugoff-bucket1/hinton/Insecta/GenusSpecies/Coccophagus/ochraceus/Coccophagus-ochraceus-3010281.jpg,ochraceus
gs://bugoff-bucket1/hinton/Insecta/GenusSpecies/Coccophagus/ochraceus/Coccophagus-ochraceus-3010888.jpg,ochraceus
gs://bugoff-bucket1/hinton/Insecta/GenusSpecies/Coccophagus/ochraceus/Coccophagus-ochraceus-3037611.jpg,ochraceus
gs://bugoff-bucket1/hinton/Insecta/GenusSpecies/Coccophagus/philippiae/Coccophagus-philippiae-1211595.jpg,philippiae
gs://bugoff-bucket1/hinton/Insecta/GenusSpecies/Coccophagus/philippiae/Coccophagus-philippiae-1212289.jpg,philippiae
gs://bugoff-bucket1/hinton/Insecta/GenusSpecies/Coccophagus/philippiae/Coccophagus-philippiae-1233735.jpg,philippiae
gs://bugoff-bucket1/hinton/Insecta/GenusSpecies/Coccophagus/philippiae/Coccophagus-philippiae-1314521.jpg,philippiae
gs://bugoff-bucket1/hinton/Insecta/GenusSpecies/Coccophagus/philippiae/Coccophagus-philippiae-1586010.jpg,philippiae
gs://bugoff-bucket1/hinton/Insecta/GenusSpecies/Encarsia/alba/Encarsia-alba-5501421.jpg,alba
gs://bugoff-bucket1/hinton/Insecta/GenusSpecies/Encarsia/alba/Encarsia-alba-6091645.jpg,alba
gs://bugoff-bucket1/hinton/Insecta/GenusSpecies/Encarsia/alba/Encarsia-alba-6226293.jpg,alba
gs://bugoff-bucket1/hinton/Insecta/GenusSpecies/Encarsia/dugesii/Encarsia-dugesii-5501415.jpg,dugesii
gs://bugoff-bucket1/hinton/Insecta/GenusSpecies/Encarsia/formosa/Encarsia-formosa-1213928.jpg,formosa
gs://bugoff-bucket1/hinton/Insecta/GenusSpecies/Encarsia/formosa/Encarsia-formosa-4454228.jpg,formosa
gs://bugoff-bucket1/hinton/Insecta/GenusSpecies/Encarsia/inaron/Encarsia-inaron-1246476.jpg,inaron
gs://bugoff-bucket1/hinton/Insecta/GenusSpecies/Encarsia/inaron/Encarsia-inaron-1251005.jpg,inaron
gs://bugoff-bucket1/hinton/Insecta/GenusSpecies/Encarsia/rossi/Encarsia-rossi-2269158.jpg,rossi
gs://bugoff-bucket1/hinton/Insecta/GenusSpecies/Marietta/mexicana/Marietta-mexicana-5025438.jpg,mexicana
