gs://bugoff-bucket1/hinton/Insecta/GenusSpecies/Anthonomus/fulvus/Anthonomus-fulvus-7801357.jpg,fulvus
gs://bugoff-bucket1/hinton/Insecta/GenusSpecies/Anthonomus/grandis/Anthonomus-grandis-2844132.jpg,grandis
gs://bugoff-bucket1/hinton/Insecta/GenusSpecies/Anthonomus/grandis/Anthonomus-grandis-5165953.jpg,grandis
gs://bugoff-bucket1/hinton/Insecta/GenusSpecies/Anthonomus/grandis/Anthonomus-grandis-5289301.jpg,grandis
gs://bugoff-bucket1/hinton/Insecta/GenusSpecies/Anthonomus/grandis/Anthonomus-grandis-7193479.jpg,grandis
gs://bugoff-bucket1/hinton/Insecta/GenusSpecies/Anthonomus/haematopus/Anthonomus-haematopus-3694941.jpg,haematopus
gs://bugoff-bucket1/hinton/Insecta/GenusSpecies/Anthonomus/haematopus/Anthonomus-haematopus-3745785.jpg,haematopus
gs://bugoff-bucket1/hinton/Insecta/GenusSpecies/Anthonomus/helianthi/Anthonomus-helianthi-1102787.jpg,helianthi
gs://bugoff-bucket1/hinton/Insecta/GenusSpecies/Anthonomus/musculus/Anthonomus-musculus-1728667.jpg,musculus
gs://bugoff-bucket1/hinton/Insecta/GenusSpecies/Anthonomus/ornatulus/Anthonomus-ornatulus-4774498.jpg,ornatulus
gs://bugoff-bucket1/hinton/Insecta/GenusSpecies/Anthonomus/pedicularius/Anthonomus-pedicularius-7368803.jpg,pedicularius
gs://bugoff-bucket1/hinton/Insecta/GenusSpecies/Anthonomus/peninsularis/Anthonomus-peninsularis-6847434.jpg,peninsularis
gs://bugoff-bucket1/hinton/Insecta/GenusSpecies/Anthonomus/quadrigibbus/Anthonomus-quadrigibbus-417981.jpg,quadrigibbus
gs://bugoff-bucket1/hinton/Insecta/GenusSpecies/Anthonomus/rectirostris/Anthonomus-rectirostris-2320468.jpg,rectirostris
gs://bugoff-bucket1/hinton/Insecta/GenusSpecies/Anthonomus/rubi/Anthonomus-rubi-2219282.jpg,rubi
gs://bugoff-bucket1/hinton/Insecta/GenusSpecies/Anthonomus/rubi/Anthonomus-rubi-2227868.jpg,rubi
gs://bugoff-bucket1/hinton/Insecta/GenusSpecies/Anthonomus/rubi/Anthonomus-rubi-7820759.jpg,rubi
gs://bugoff-bucket1/hinton/Insecta/GenusSpecies/Anthonomus/signatus/Anthonomus-signatus-1819691.jpg,signatus
gs://bugoff-bucket1/hinton/Insecta/GenusSpecies/Anthonomus/signatus/Anthonomus-signatus-4035675.jpg,signatus
gs://bugoff-bucket1/hinton/Insecta/GenusSpecies/Anthonomus/signatus/Anthonomus-signatus-4559217.jpg,signatus
gs://bugoff-bucket1/hinton/Insecta/GenusSpecies/Anthonomus/signatus/Anthonomus-signatus-4580818.jpg,signatus
gs://bugoff-bucket1/hinton/Insecta/GenusSpecies/Anthonomus/signatus/Anthonomus-signatus-4707903.jpg,signatus
gs://bugoff-bucket1/hinton/Insecta/GenusSpecies/Anthonomus/signatus/Anthonomus-signatus-7793628.jpg,signatus
gs://bugoff-bucket1/hinton/Insecta/GenusSpecies/Anthonomus/texanus/Anthonomus-texanus-7806777.jpg,texanus
gs://bugoff-bucket1/hinton/Insecta/GenusSpecies/Anthonomus/fulvus/Anthonomus-fulvus-7801357.jpg,fulvus
gs://bugoff-bucket1/hinton/Insecta/GenusSpecies/Anthonomus/grandis/Anthonomus-grandis-2844132.jpg,grandis
gs://bugoff-bucket1/hinton/Insecta/GenusSpecies/Anthonomus/grandis/Anthonomus-grandis-5165953.jpg,grandis
gs://bugoff-bucket1/hinton/Insecta/GenusSpecies/Anthonomus/grandis/Anthonomus-grandis-5289301.jpg,grandis
gs://bugoff-bucket1/hinton/Insecta/GenusSpecies/Anthonomus/grandis/Anthonomus-grandis-7193479.jpg,grandis
gs://bugoff-bucket1/hinton/Insecta/GenusSpecies/Anthonomus/haematopus/Anthonomus-haematopus-3694941.jpg,haematopus
gs://bugoff-bucket1/hinton/Insecta/GenusSpecies/Anthonomus/haematopus/Anthonomus-haematopus-3745785.jpg,haematopus
gs://bugoff-bucket1/hinton/Insecta/GenusSpecies/Anthonomus/helianthi/Anthonomus-helianthi-1102787.jpg,helianthi
gs://bugoff-bucket1/hinton/Insecta/GenusSpecies/Anthonomus/musculus/Anthonomus-musculus-1728667.jpg,musculus
gs://bugoff-bucket1/hinton/Insecta/GenusSpecies/Anthonomus/ornatulus/Anthonomus-ornatulus-4774498.jpg,ornatulus
gs://bugoff-bucket1/hinton/Insecta/GenusSpecies/Anthonomus/pedicularius/Anthonomus-pedicularius-7368803.jpg,pedicularius
gs://bugoff-bucket1/hinton/Insecta/GenusSpecies/Anthonomus/peninsularis/Anthonomus-peninsularis-6847434.jpg,peninsularis
gs://bugoff-bucket1/hinton/Insecta/GenusSpecies/Anthonomus/quadrigibbus/Anthonomus-quadrigibbus-417981.jpg,quadrigibbus
gs://bugoff-bucket1/hinton/Insecta/GenusSpecies/Anthonomus/rectirostris/Anthonomus-rectirostris-2320468.jpg,rectirostris
gs://bugoff-bucket1/hinton/Insecta/GenusSpecies/Anthonomus/rubi/Anthonomus-rubi-2219282.jpg,rubi
gs://bugoff-bucket1/hinton/Insecta/GenusSpecies/Anthonomus/rubi/Anthonomus-rubi-2227868.jpg,rubi
gs://bugoff-bucket1/hinton/Insecta/GenusSpecies/Anthonomus/rubi/Anthonomus-rubi-7820759.jpg,rubi
gs://bugoff-bucket1/hinton/Insecta/GenusSpecies/Anthonomus/signatus/Anthonomus-signatus-1819691.jpg,signatus
gs://bugoff-bucket1/hinton/Insecta/GenusSpecies/Anthonomus/signatus/Anthonomus-signatus-4035675.jpg,signatus
gs://bugoff-bucket1/hinton/Insecta/GenusSpecies/Anthonomus/signatus/Anthonomus-signatus-4559217.jpg,signatus
gs://bugoff-bucket1/hinton/Insecta/GenusSpecies/Anthonomus/signatus/Anthonomus-signatus-4580818.jpg,signatus
gs://bugoff-bucket1/hinton/Insecta/GenusSpecies/Anthonomus/signatus/Anthonomus-signatus-4707903.jpg,signatus
gs://bugoff-bucket1/hinton/Insecta/GenusSpecies/Anthonomus/signatus/Anthonomus-signatus-7793628.jpg,signatus
gs://bugoff-bucket1/hinton/Insecta/GenusSpecies/Anthonomus/texanus/Anthonomus-texanus-7806777.jpg,texanus
gs://bugoff-bucket1/hinton/Insecta/GenusSpecies/Anthonomus/fulvus/Anthonomus-fulvus-7801357.jpg,fulvus
gs://bugoff-bucket1/hinton/Insecta/GenusSpecies/Anthonomus/grandis/Anthonomus-grandis-2844132.jpg,grandis
gs://bugoff-bucket1/hinton/Insecta/GenusSpecies/Anthonomus/grandis/Anthonomus-grandis-5165953.jpg,grandis
gs://bugoff-bucket1/hinton/Insecta/GenusSpecies/Anthonomus/grandis/Anthonomus-grandis-5289301.jpg,grandis
gs://bugoff-bucket1/hinton/Insecta/GenusSpecies/Anthonomus/grandis/Anthonomus-grandis-7193479.jpg,grandis
gs://bugoff-bucket1/hinton/Insecta/GenusSpecies/Anthonomus/haematopus/Anthonomus-haematopus-3694941.jpg,haematopus
gs://bugoff-bucket1/hinton/Insecta/GenusSpecies/Anthonomus/haematopus/Anthonomus-haematopus-3745785.jpg,haematopus
gs://bugoff-bucket1/hinton/Insecta/GenusSpecies/Anthonomus/helianthi/Anthonomus-helianthi-1102787.jpg,helianthi
gs://bugoff-bucket1/hinton/Insecta/GenusSpecies/Anthonomus/musculus/Anthonomus-musculus-1728667.jpg,musculus
gs://bugoff-bucket1/hinton/Insecta/GenusSpecies/Anthonomus/ornatulus/Anthonomus-ornatulus-4774498.jpg,ornatulus
gs://bugoff-bucket1/hinton/Insecta/GenusSpecies/Anthonomus/pedicularius/Anthonomus-pedicularius-7368803.jpg,pedicularius
gs://bugoff-bucket1/hinton/Insecta/GenusSpecies/Anthonomus/peninsularis/Anthonomus-peninsularis-6847434.jpg,peninsularis
gs://bugoff-bucket1/hinton/Insecta/GenusSpecies/Anthonomus/quadrigibbus/Anthonomus-quadrigibbus-417981.jpg,quadrigibbus
gs://bugoff-bucket1/hinton/Insecta/GenusSpecies/Anthonomus/rectirostris/Anthonomus-rectirostris-2320468.jpg,rectirostris
gs://bugoff-bucket1/hinton/Insecta/GenusSpecies/Anthonomus/rubi/Anthonomus-rubi-2219282.jpg,rubi
gs://bugoff-bucket1/hinton/Insecta/GenusSpecies/Anthonomus/rubi/Anthonomus-rubi-2227868.jpg,rubi
gs://bugoff-bucket1/hinton/Insecta/GenusSpecies/Anthonomus/rubi/Anthonomus-rubi-7820759.jpg,rubi
gs://bugoff-bucket1/hinton/Insecta/GenusSpecies/Anthonomus/signatus/Anthonomus-signatus-1819691.jpg,signatus
gs://bugoff-bucket1/hinton/Insecta/GenusSpecies/Anthonomus/signatus/Anthonomus-signatus-4035675.jpg,signatus
gs://bugoff-bucket1/hinton/Insecta/GenusSpecies/Anthonomus/signatus/Anthonomus-signatus-4559217.jpg,signatus
gs://bugoff-bucket1/hinton/Insecta/GenusSpecies/Anthonomus/signatus/Anthonomus-signatus-4580818.jpg,signatus
gs://bugoff-bucket1/hinton/Insecta/GenusSpecies/Anthonomus/signatus/Anthonomus-signatus-4707903.jpg,signatus
gs://bugoff-bucket1/hinton/Insecta/GenusSpecies/Anthonomus/signatus/Anthonomus-signatus-7793628.jpg,signatus
gs://bugoff-bucket1/hinton/Insecta/GenusSpecies/Anthonomus/texanus/Anthonomus-texanus-7806777.jpg,texanus
