gs://bugoff-bucket1/hinton/Insecta/GenusSpecies/Onthophagus/acuminatus/Onthophagus-acuminatus-8185724.jpg,acuminatus
gs://bugoff-bucket1/hinton/Insecta/GenusSpecies/Onthophagus/acuminatus/Onthophagus-acuminatus-8185736.jpg,acuminatus
gs://bugoff-bucket1/hinton/Insecta/GenusSpecies/Onthophagus/acuminatus/Onthophagus-acuminatus-8204793.jpg,acuminatus
gs://bugoff-bucket1/hinton/Insecta/GenusSpecies/Onthophagus/acuminatus/Onthophagus-acuminatus-8204818.jpg,acuminatus
gs://bugoff-bucket1/hinton/Insecta/GenusSpecies/Onthophagus/ater/Onthophagus-ater-8360996.jpg,ater
gs://bugoff-bucket1/hinton/Insecta/GenusSpecies/Onthophagus/atrosericeus/Onthophagus-atrosericeus-8185768.jpg,atrosericeus
gs://bugoff-bucket1/hinton/Insecta/GenusSpecies/Onthophagus/atrosericeus/Onthophagus-atrosericeus-8185777.jpg,atrosericeus
gs://bugoff-bucket1/hinton/Insecta/GenusSpecies/Onthophagus/batesi/Onthophagus-batesi-8185850.jpg,batesi
gs://bugoff-bucket1/hinton/Insecta/GenusSpecies/Onthophagus/batesi/Onthophagus-batesi-8185862.jpg,batesi
gs://bugoff-bucket1/hinton/Insecta/GenusSpecies/Onthophagus/batesi/Onthophagus-batesi-8187314.jpg,batesi
gs://bugoff-bucket1/hinton/Insecta/GenusSpecies/Onthophagus/batesi/Onthophagus-batesi-8187331.jpg,batesi
gs://bugoff-bucket1/hinton/Insecta/GenusSpecies/Onthophagus/championi/Onthophagus-championi-8185905.jpg,championi
gs://bugoff-bucket1/hinton/Insecta/GenusSpecies/Onthophagus/championi/Onthophagus-championi-8185927.jpg,championi
gs://bugoff-bucket1/hinton/Insecta/GenusSpecies/Onthophagus/chryses/Onthophagus-chryses-8186218.jpg,chryses
gs://bugoff-bucket1/hinton/Insecta/GenusSpecies/Onthophagus/chryses/Onthophagus-chryses-8186242.jpg,chryses
gs://bugoff-bucket1/hinton/Insecta/GenusSpecies/Onthophagus/cyanellus/Onthophagus-cyanellus-8186295.jpg,cyanellus
gs://bugoff-bucket1/hinton/Insecta/GenusSpecies/Onthophagus/cyanellus/Onthophagus-cyanellus-8186328.jpg,cyanellus
gs://bugoff-bucket1/hinton/Insecta/GenusSpecies/Onthophagus/cyanellus/Onthophagus-cyanellus-868913.jpg,cyanellus
gs://bugoff-bucket1/hinton/Insecta/GenusSpecies/Onthophagus/dicranius/Onthophagus-dicranius-8186350.jpg,dicranius
gs://bugoff-bucket1/hinton/Insecta/GenusSpecies/Onthophagus/gazellinus/Onthophagus-gazellinus-8186374.jpg,gazellinus
gs://bugoff-bucket1/hinton/Insecta/GenusSpecies/Onthophagus/gazellinus/Onthophagus-gazellinus-8186404.jpg,gazellinus
gs://bugoff-bucket1/hinton/Insecta/GenusSpecies/Onthophagus/hecate/Onthophagus-hecate-8043909.jpg,hecate
gs://bugoff-bucket1/hinton/Insecta/GenusSpecies/Onthophagus/hecate/Onthophagus-hecate-8737948.jpg,hecate
gs://bugoff-bucket1/hinton/Insecta/GenusSpecies/Onthophagus/hecate/Onthophagus-hecate-8830209.jpg,hecate
gs://bugoff-bucket1/hinton/Insecta/GenusSpecies/Onthophagus/hecate/Onthophagus-hecate-9351952.jpg,hecate
gs://bugoff-bucket1/hinton/Insecta/GenusSpecies/Onthophagus/hecate/Onthophagus-hecate-9352747.jpg,hecate
gs://bugoff-bucket1/hinton/Insecta/GenusSpecies/Onthophagus/hoepfneri/Onthophagus-hoepfneri-8186427.jpg,hoepfneri
gs://bugoff-bucket1/hinton/Insecta/GenusSpecies/Onthophagus/hoepfneri/Onthophagus-hoepfneri-8186437.jpg,hoepfneri
gs://bugoff-bucket1/hinton/Insecta/GenusSpecies/Onthophagus/hoepfneri/Onthophagus-hoepfneri-8186451.jpg,hoepfneri
gs://bugoff-bucket1/hinton/Insecta/GenusSpecies/Onthophagus/hoepfneri/Onthophagus-hoepfneri-8186475.jpg,hoepfneri
gs://bugoff-bucket1/hinton/Insecta/GenusSpecies/Onthophagus/hoepfneri/Onthophagus-hoepfneri-9079945.jpg,hoepfneri
gs://bugoff-bucket1/hinton/Insecta/GenusSpecies/Onthophagus/incensus/Onthophagus-incensus-8186513.jpg,incensus
gs://bugoff-bucket1/hinton/Insecta/GenusSpecies/Onthophagus/incensus/Onthophagus-incensus-8186540.jpg,incensus
gs://bugoff-bucket1/hinton/Insecta/GenusSpecies/Onthophagus/incensus/Onthophagus-incensus-8186565.jpg,incensus
gs://bugoff-bucket1/hinton/Insecta/GenusSpecies/Onthophagus/incensus/Onthophagus-incensus-8186608.jpg,incensus
gs://bugoff-bucket1/hinton/Insecta/GenusSpecies/Onthophagus/landolti/Onthophagus-landolti-8186638.jpg,landolti
gs://bugoff-bucket1/hinton/Insecta/GenusSpecies/Onthophagus/landolti/Onthophagus-landolti-8186649.jpg,landolti
gs://bugoff-bucket1/hinton/Insecta/GenusSpecies/Onthophagus/landolti/Onthophagus-landolti-8186672.jpg,landolti
gs://bugoff-bucket1/hinton/Insecta/GenusSpecies/Onthophagus/landolti/Onthophagus-landolti-8186698.jpg,landolti
gs://bugoff-bucket1/hinton/Insecta/GenusSpecies/Onthophagus/landolti/Onthophagus-landolti-8186729.jpg,landolti
gs://bugoff-bucket1/hinton/Insecta/GenusSpecies/Onthophagus/landolti/Onthophagus-landolti-8204834.jpg,landolti
gs://bugoff-bucket1/hinton/Insecta/GenusSpecies/Onthophagus/landolti/Onthophagus-landolti-8204849.jpg,landolti
gs://bugoff-bucket1/hinton/Insecta/GenusSpecies/Onthophagus/lebasi/Onthophagus-lebasi-8186751.jpg,lebasi
gs://bugoff-bucket1/hinton/Insecta/GenusSpecies/Onthophagus/lebasi/Onthophagus-lebasi-8186780.jpg,lebasi
gs://bugoff-bucket1/hinton/Insecta/GenusSpecies/Onthophagus/lebasi/Onthophagus-lebasi-8186809.jpg,lebasi
gs://bugoff-bucket1/hinton/Insecta/GenusSpecies/Onthophagus/lebasi/Onthophagus-lebasi-8186822.jpg,lebasi
gs://bugoff-bucket1/hinton/Insecta/GenusSpecies/Onthophagus/marginicollis/Onthophagus-marginicollis-8186844.jpg,marginicollis
gs://bugoff-bucket1/hinton/Insecta/GenusSpecies/Onthophagus/marginicollis/Onthophagus-marginicollis-8186876.jpg,marginicollis
gs://bugoff-bucket1/hinton/Insecta/GenusSpecies/Onthophagus/marginicollis/Onthophagus-marginicollis-8186910.jpg,marginicollis
gs://bugoff-bucket1/hinton/Insecta/GenusSpecies/Onthophagus/nitidus/Onthophagus-nitidus-8340828.jpg,nitidus
gs://bugoff-bucket1/hinton/Insecta/GenusSpecies/Onthophagus/orpheus/Onthophagus-orpheus-8082273.jpg,orpheus
gs://bugoff-bucket1/hinton/Insecta/GenusSpecies/Onthophagus/praecellens/Onthophagus-praecellens-8186952.jpg,praecellens
gs://bugoff-bucket1/hinton/Insecta/GenusSpecies/Onthophagus/praecellens/Onthophagus-praecellens-8186968.jpg,praecellens
gs://bugoff-bucket1/hinton/Insecta/GenusSpecies/Onthophagus/praecellens/Onthophagus-praecellens-8186984.jpg,praecellens
gs://bugoff-bucket1/hinton/Insecta/GenusSpecies/Onthophagus/praecellens/Onthophagus-praecellens-8187027.jpg,praecellens
gs://bugoff-bucket1/hinton/Insecta/GenusSpecies/Onthophagus/praecellens/Onthophagus-praecellens-8187416.jpg,praecellens
gs://bugoff-bucket1/hinton/Insecta/GenusSpecies/Onthophagus/praecellens/Onthophagus-praecellens-8205154.jpg,praecellens
gs://bugoff-bucket1/hinton/Insecta/GenusSpecies/Onthophagus/praecellens/Onthophagus-praecellens-8205191.jpg,praecellens
gs://bugoff-bucket1/hinton/Insecta/GenusSpecies/Onthophagus/tapirus/Onthophagus-tapirus-8187060.jpg,tapirus
gs://bugoff-bucket1/hinton/Insecta/GenusSpecies/Onthophagus/tapirus/Onthophagus-tapirus-8187089.jpg,tapirus
gs://bugoff-bucket1/hinton/Insecta/GenusSpecies/Onthophagus/tapirus/Onthophagus-tapirus-8187114.jpg,tapirus
gs://bugoff-bucket1/hinton/Insecta/GenusSpecies/Onthophagus/tapirus/Onthophagus-tapirus-8187140.jpg,tapirus
gs://bugoff-bucket1/hinton/Insecta/GenusSpecies/Onthophagus/tapirus/Onthophagus-tapirus-8204479.jpg,tapirus
gs://bugoff-bucket1/hinton/Insecta/GenusSpecies/Onthophagus/tapirus/Onthophagus-tapirus-8204732.jpg,tapirus
gs://bugoff-bucket1/hinton/Insecta/GenusSpecies/Onthophagus/tapirus/Onthophagus-tapirus-8204751.jpg,tapirus
gs://bugoff-bucket1/hinton/Insecta/GenusSpecies/Onthophagus/tapirus/Onthophagus-tapirus-8205744.jpg,tapirus
gs://bugoff-bucket1/hinton/Insecta/GenusSpecies/Onthophagus/taurus/Onthophagus-taurus-8568551.jpg,taurus
gs://bugoff-bucket1/hinton/Insecta/GenusSpecies/Onthophagus/taurus/Onthophagus-taurus-8611619.jpg,taurus
gs://bugoff-bucket1/hinton/Insecta/GenusSpecies/Onthophagus/verticicornis/Onthophagus-verticicornis-8265583.jpg,verticicornis
gs://bugoff-bucket1/hinton/Insecta/GenusSpecies/Onthophagus/viridivinosus/Onthophagus-viridivinosus-8187194.jpg,viridivinosus
gs://bugoff-bucket1/hinton/Insecta/GenusSpecies/Onthophagus/viridivinosus/Onthophagus-viridivinosus-8187211.jpg,viridivinosus
gs://bugoff-bucket1/hinton/Insecta/GenusSpecies/Onthophagus/viridivinosus/Onthophagus-viridivinosus-8187225.jpg,viridivinosus
gs://bugoff-bucket1/hinton/Insecta/GenusSpecies/Onthophagus/viridivinosus/Onthophagus-viridivinosus-8187234.jpg,viridivinosus
gs://bugoff-bucket1/hinton/Insecta/GenusSpecies/Onthophagus/viridivinosus/Onthophagus-viridivinosus-8205293.jpg,viridivinosus
gs://bugoff-bucket1/hinton/Insecta/GenusSpecies/Onthophagus/acuminatus/Onthophagus-acuminatus-8185724.jpg,acuminatus
gs://bugoff-bucket1/hinton/Insecta/GenusSpecies/Onthophagus/acuminatus/Onthophagus-acuminatus-8185736.jpg,acuminatus
gs://bugoff-bucket1/hinton/Insecta/GenusSpecies/Onthophagus/acuminatus/Onthophagus-acuminatus-8204793.jpg,acuminatus
gs://bugoff-bucket1/hinton/Insecta/GenusSpecies/Onthophagus/acuminatus/Onthophagus-acuminatus-8204818.jpg,acuminatus
gs://bugoff-bucket1/hinton/Insecta/GenusSpecies/Onthophagus/ater/Onthophagus-ater-8360996.jpg,ater
gs://bugoff-bucket1/hinton/Insecta/GenusSpecies/Onthophagus/atrosericeus/Onthophagus-atrosericeus-8185768.jpg,atrosericeus
gs://bugoff-bucket1/hinton/Insecta/GenusSpecies/Onthophagus/atrosericeus/Onthophagus-atrosericeus-8185777.jpg,atrosericeus
gs://bugoff-bucket1/hinton/Insecta/GenusSpecies/Onthophagus/batesi/Onthophagus-batesi-8185850.jpg,batesi
gs://bugoff-bucket1/hinton/Insecta/GenusSpecies/Onthophagus/batesi/Onthophagus-batesi-8185862.jpg,batesi
gs://bugoff-bucket1/hinton/Insecta/GenusSpecies/Onthophagus/batesi/Onthophagus-batesi-8187314.jpg,batesi
gs://bugoff-bucket1/hinton/Insecta/GenusSpecies/Onthophagus/batesi/Onthophagus-batesi-8187331.jpg,batesi
gs://bugoff-bucket1/hinton/Insecta/GenusSpecies/Onthophagus/championi/Onthophagus-championi-8185905.jpg,championi
gs://bugoff-bucket1/hinton/Insecta/GenusSpecies/Onthophagus/championi/Onthophagus-championi-8185927.jpg,championi
gs://bugoff-bucket1/hinton/Insecta/GenusSpecies/Onthophagus/chryses/Onthophagus-chryses-8186218.jpg,chryses
gs://bugoff-bucket1/hinton/Insecta/GenusSpecies/Onthophagus/chryses/Onthophagus-chryses-8186242.jpg,chryses
gs://bugoff-bucket1/hinton/Insecta/GenusSpecies/Onthophagus/cyanellus/Onthophagus-cyanellus-8186295.jpg,cyanellus
gs://bugoff-bucket1/hinton/Insecta/GenusSpecies/Onthophagus/cyanellus/Onthophagus-cyanellus-8186328.jpg,cyanellus
gs://bugoff-bucket1/hinton/Insecta/GenusSpecies/Onthophagus/cyanellus/Onthophagus-cyanellus-868913.jpg,cyanellus
gs://bugoff-bucket1/hinton/Insecta/GenusSpecies/Onthophagus/dicranius/Onthophagus-dicranius-8186350.jpg,dicranius
gs://bugoff-bucket1/hinton/Insecta/GenusSpecies/Onthophagus/gazellinus/Onthophagus-gazellinus-8186374.jpg,gazellinus
gs://bugoff-bucket1/hinton/Insecta/GenusSpecies/Onthophagus/gazellinus/Onthophagus-gazellinus-8186404.jpg,gazellinus
gs://bugoff-bucket1/hinton/Insecta/GenusSpecies/Onthophagus/hecate/Onthophagus-hecate-8043909.jpg,hecate
gs://bugoff-bucket1/hinton/Insecta/GenusSpecies/Onthophagus/hecate/Onthophagus-hecate-8737948.jpg,hecate
gs://bugoff-bucket1/hinton/Insecta/GenusSpecies/Onthophagus/hecate/Onthophagus-hecate-8830209.jpg,hecate
gs://bugoff-bucket1/hinton/Insecta/GenusSpecies/Onthophagus/hecate/Onthophagus-hecate-9351952.jpg,hecate
gs://bugoff-bucket1/hinton/Insecta/GenusSpecies/Onthophagus/hecate/Onthophagus-hecate-9352747.jpg,hecate
gs://bugoff-bucket1/hinton/Insecta/GenusSpecies/Onthophagus/hoepfneri/Onthophagus-hoepfneri-8186427.jpg,hoepfneri
gs://bugoff-bucket1/hinton/Insecta/GenusSpecies/Onthophagus/hoepfneri/Onthophagus-hoepfneri-8186437.jpg,hoepfneri
gs://bugoff-bucket1/hinton/Insecta/GenusSpecies/Onthophagus/hoepfneri/Onthophagus-hoepfneri-8186451.jpg,hoepfneri
gs://bugoff-bucket1/hinton/Insecta/GenusSpecies/Onthophagus/hoepfneri/Onthophagus-hoepfneri-8186475.jpg,hoepfneri
gs://bugoff-bucket1/hinton/Insecta/GenusSpecies/Onthophagus/hoepfneri/Onthophagus-hoepfneri-9079945.jpg,hoepfneri
gs://bugoff-bucket1/hinton/Insecta/GenusSpecies/Onthophagus/incensus/Onthophagus-incensus-8186513.jpg,incensus
gs://bugoff-bucket1/hinton/Insecta/GenusSpecies/Onthophagus/incensus/Onthophagus-incensus-8186540.jpg,incensus
gs://bugoff-bucket1/hinton/Insecta/GenusSpecies/Onthophagus/incensus/Onthophagus-incensus-8186565.jpg,incensus
gs://bugoff-bucket1/hinton/Insecta/GenusSpecies/Onthophagus/incensus/Onthophagus-incensus-8186608.jpg,incensus
gs://bugoff-bucket1/hinton/Insecta/GenusSpecies/Onthophagus/landolti/Onthophagus-landolti-8186638.jpg,landolti
gs://bugoff-bucket1/hinton/Insecta/GenusSpecies/Onthophagus/landolti/Onthophagus-landolti-8186649.jpg,landolti
gs://bugoff-bucket1/hinton/Insecta/GenusSpecies/Onthophagus/landolti/Onthophagus-landolti-8186672.jpg,landolti
gs://bugoff-bucket1/hinton/Insecta/GenusSpecies/Onthophagus/landolti/Onthophagus-landolti-8186698.jpg,landolti
gs://bugoff-bucket1/hinton/Insecta/GenusSpecies/Onthophagus/landolti/Onthophagus-landolti-8186729.jpg,landolti
gs://bugoff-bucket1/hinton/Insecta/GenusSpecies/Onthophagus/landolti/Onthophagus-landolti-8204834.jpg,landolti
gs://bugoff-bucket1/hinton/Insecta/GenusSpecies/Onthophagus/landolti/Onthophagus-landolti-8204849.jpg,landolti
gs://bugoff-bucket1/hinton/Insecta/GenusSpecies/Onthophagus/lebasi/Onthophagus-lebasi-8186751.jpg,lebasi
gs://bugoff-bucket1/hinton/Insecta/GenusSpecies/Onthophagus/lebasi/Onthophagus-lebasi-8186780.jpg,lebasi
gs://bugoff-bucket1/hinton/Insecta/GenusSpecies/Onthophagus/lebasi/Onthophagus-lebasi-8186809.jpg,lebasi
gs://bugoff-bucket1/hinton/Insecta/GenusSpecies/Onthophagus/lebasi/Onthophagus-lebasi-8186822.jpg,lebasi
gs://bugoff-bucket1/hinton/Insecta/GenusSpecies/Onthophagus/marginicollis/Onthophagus-marginicollis-8186844.jpg,marginicollis
gs://bugoff-bucket1/hinton/Insecta/GenusSpecies/Onthophagus/marginicollis/Onthophagus-marginicollis-8186876.jpg,marginicollis
gs://bugoff-bucket1/hinton/Insecta/GenusSpecies/Onthophagus/marginicollis/Onthophagus-marginicollis-8186910.jpg,marginicollis
gs://bugoff-bucket1/hinton/Insecta/GenusSpecies/Onthophagus/nitidus/Onthophagus-nitidus-8340828.jpg,nitidus
gs://bugoff-bucket1/hinton/Insecta/GenusSpecies/Onthophagus/orpheus/Onthophagus-orpheus-8082273.jpg,orpheus
gs://bugoff-bucket1/hinton/Insecta/GenusSpecies/Onthophagus/praecellens/Onthophagus-praecellens-8186952.jpg,praecellens
gs://bugoff-bucket1/hinton/Insecta/GenusSpecies/Onthophagus/praecellens/Onthophagus-praecellens-8186968.jpg,praecellens
gs://bugoff-bucket1/hinton/Insecta/GenusSpecies/Onthophagus/praecellens/Onthophagus-praecellens-8186984.jpg,praecellens
gs://bugoff-bucket1/hinton/Insecta/GenusSpecies/Onthophagus/praecellens/Onthophagus-praecellens-8187027.jpg,praecellens
gs://bugoff-bucket1/hinton/Insecta/GenusSpecies/Onthophagus/praecellens/Onthophagus-praecellens-8187416.jpg,praecellens
gs://bugoff-bucket1/hinton/Insecta/GenusSpecies/Onthophagus/praecellens/Onthophagus-praecellens-8205154.jpg,praecellens
gs://bugoff-bucket1/hinton/Insecta/GenusSpecies/Onthophagus/praecellens/Onthophagus-praecellens-8205191.jpg,praecellens
gs://bugoff-bucket1/hinton/Insecta/GenusSpecies/Onthophagus/tapirus/Onthophagus-tapirus-8187060.jpg,tapirus
gs://bugoff-bucket1/hinton/Insecta/GenusSpecies/Onthophagus/tapirus/Onthophagus-tapirus-8187089.jpg,tapirus
gs://bugoff-bucket1/hinton/Insecta/GenusSpecies/Onthophagus/tapirus/Onthophagus-tapirus-8187114.jpg,tapirus
gs://bugoff-bucket1/hinton/Insecta/GenusSpecies/Onthophagus/tapirus/Onthophagus-tapirus-8187140.jpg,tapirus
gs://bugoff-bucket1/hinton/Insecta/GenusSpecies/Onthophagus/tapirus/Onthophagus-tapirus-8204479.jpg,tapirus
gs://bugoff-bucket1/hinton/Insecta/GenusSpecies/Onthophagus/tapirus/Onthophagus-tapirus-8204732.jpg,tapirus
gs://bugoff-bucket1/hinton/Insecta/GenusSpecies/Onthophagus/tapirus/Onthophagus-tapirus-8204751.jpg,tapirus
gs://bugoff-bucket1/hinton/Insecta/GenusSpecies/Onthophagus/tapirus/Onthophagus-tapirus-8205744.jpg,tapirus
gs://bugoff-bucket1/hinton/Insecta/GenusSpecies/Onthophagus/taurus/Onthophagus-taurus-8568551.jpg,taurus
gs://bugoff-bucket1/hinton/Insecta/GenusSpecies/Onthophagus/taurus/Onthophagus-taurus-8611619.jpg,taurus
gs://bugoff-bucket1/hinton/Insecta/GenusSpecies/Onthophagus/verticicornis/Onthophagus-verticicornis-8265583.jpg,verticicornis
gs://bugoff-bucket1/hinton/Insecta/GenusSpecies/Onthophagus/viridivinosus/Onthophagus-viridivinosus-8187194.jpg,viridivinosus
gs://bugoff-bucket1/hinton/Insecta/GenusSpecies/Onthophagus/viridivinosus/Onthophagus-viridivinosus-8187211.jpg,viridivinosus
gs://bugoff-bucket1/hinton/Insecta/GenusSpecies/Onthophagus/viridivinosus/Onthophagus-viridivinosus-8187225.jpg,viridivinosus
gs://bugoff-bucket1/hinton/Insecta/GenusSpecies/Onthophagus/viridivinosus/Onthophagus-viridivinosus-8187234.jpg,viridivinosus
gs://bugoff-bucket1/hinton/Insecta/GenusSpecies/Onthophagus/viridivinosus/Onthophagus-viridivinosus-8205293.jpg,viridivinosus
