gs://bugoff-bucket1/hinton/Insecta/GenusSpecies/Orthotylus/coagulatus/Orthotylus-coagulatus-2535509.jpg,coagulatus
gs://bugoff-bucket1/hinton/Insecta/GenusSpecies/Orthotylus/flavosparus/Orthotylus-flavosparus-2251742.jpg,flavosparus
gs://bugoff-bucket1/hinton/Insecta/GenusSpecies/Orthotylus/kanakanus/Orthotylus-kanakanus-1857121.jpg,kanakanus
gs://bugoff-bucket1/hinton/Insecta/GenusSpecies/Orthotylus/kanakanus/Orthotylus-kanakanus-1857123.jpg,kanakanus
gs://bugoff-bucket1/hinton/Insecta/GenusSpecies/Orthotylus/pisonioides/Orthotylus-pisonioides-1857127.jpg,pisonioides
gs://bugoff-bucket1/hinton/Insecta/GenusSpecies/Orthotylus/sophorae/Orthotylus-sophorae-1857126.jpg,sophorae
gs://bugoff-bucket1/hinton/Insecta/GenusSpecies/Orthotylus/submarginatus/Orthotylus-submarginatus-692071.jpg,submarginatus
gs://bugoff-bucket1/hinton/Insecta/GenusSpecies/Orthotylus/coagulatus/Orthotylus-coagulatus-2535509.jpg,coagulatus
gs://bugoff-bucket1/hinton/Insecta/GenusSpecies/Orthotylus/flavosparus/Orthotylus-flavosparus-2251742.jpg,flavosparus
gs://bugoff-bucket1/hinton/Insecta/GenusSpecies/Orthotylus/kanakanus/Orthotylus-kanakanus-1857121.jpg,kanakanus
gs://bugoff-bucket1/hinton/Insecta/GenusSpecies/Orthotylus/kanakanus/Orthotylus-kanakanus-1857123.jpg,kanakanus
gs://bugoff-bucket1/hinton/Insecta/GenusSpecies/Orthotylus/pisonioides/Orthotylus-pisonioides-1857127.jpg,pisonioides
gs://bugoff-bucket1/hinton/Insecta/GenusSpecies/Orthotylus/sophorae/Orthotylus-sophorae-1857126.jpg,sophorae
gs://bugoff-bucket1/hinton/Insecta/GenusSpecies/Orthotylus/submarginatus/Orthotylus-submarginatus-692071.jpg,submarginatus
