gs://bugoff-bucket1/hinton/Insecta/GenusSpecies/Coprophanaeus/boucardi/Coprophanaeus-boucardi-8206522.jpg,boucardi
gs://bugoff-bucket1/hinton/Insecta/GenusSpecies/Coprophanaeus/boucardi/Coprophanaeus-boucardi-8206550.jpg,boucardi
gs://bugoff-bucket1/hinton/Insecta/GenusSpecies/Coprophanaeus/lancifer/Coprophanaeus-lancifer-8960393.jpg,lancifer
gs://bugoff-bucket1/hinton/Insecta/GenusSpecies/Coprophanaeus/lancifer/Coprophanaeus-lancifer-9282504.jpg,lancifer
gs://bugoff-bucket1/hinton/Insecta/GenusSpecies/Coprophanaeus/morenoi/Coprophanaeus-morenoi-8206588.jpg,morenoi
gs://bugoff-bucket1/hinton/Insecta/GenusSpecies/Coprophanaeus/morenoi/Coprophanaeus-morenoi-8206622.jpg,morenoi
gs://bugoff-bucket1/hinton/Insecta/GenusSpecies/Coprophanaeus/pluto/Coprophanaeus-pluto-9076513.jpg,pluto
gs://bugoff-bucket1/hinton/Insecta/GenusSpecies/Coprophanaeus/telamon/Coprophanaeus-telamon-8206693.jpg,telamon
gs://bugoff-bucket1/hinton/Insecta/GenusSpecies/Coprophanaeus/telamon/Coprophanaeus-telamon-8206777.jpg,telamon
gs://bugoff-bucket1/hinton/Insecta/GenusSpecies/Coprophanaeus/boucardi/Coprophanaeus-boucardi-8206522.jpg,boucardi
gs://bugoff-bucket1/hinton/Insecta/GenusSpecies/Coprophanaeus/boucardi/Coprophanaeus-boucardi-8206550.jpg,boucardi
gs://bugoff-bucket1/hinton/Insecta/GenusSpecies/Coprophanaeus/lancifer/Coprophanaeus-lancifer-8960393.jpg,lancifer
gs://bugoff-bucket1/hinton/Insecta/GenusSpecies/Coprophanaeus/lancifer/Coprophanaeus-lancifer-9282504.jpg,lancifer
gs://bugoff-bucket1/hinton/Insecta/GenusSpecies/Coprophanaeus/morenoi/Coprophanaeus-morenoi-8206588.jpg,morenoi
gs://bugoff-bucket1/hinton/Insecta/GenusSpecies/Coprophanaeus/morenoi/Coprophanaeus-morenoi-8206622.jpg,morenoi
gs://bugoff-bucket1/hinton/Insecta/GenusSpecies/Coprophanaeus/pluto/Coprophanaeus-pluto-9076513.jpg,pluto
gs://bugoff-bucket1/hinton/Insecta/GenusSpecies/Coprophanaeus/telamon/Coprophanaeus-telamon-8206693.jpg,telamon
gs://bugoff-bucket1/hinton/Insecta/GenusSpecies/Coprophanaeus/telamon/Coprophanaeus-telamon-8206777.jpg,telamon
