gs://bugoff-bucket1/hinton/Insecta/GenusSpecies/Ammophila/aberti/Ammophila-aberti-8225591.jpg,aberti
gs://bugoff-bucket1/hinton/Insecta/GenusSpecies/Ammophila/aberti/Ammophila-aberti-8276710.jpg,aberti
gs://bugoff-bucket1/hinton/Insecta/GenusSpecies/Ammophila/aberti/Ammophila-aberti-8841167.jpg,aberti
gs://bugoff-bucket1/hinton/Insecta/GenusSpecies/Ammophila/aberti/Ammophila-aberti-933241.jpg,aberti
gs://bugoff-bucket1/hinton/Insecta/GenusSpecies/Ammophila/aberti/Ammophila-aberti-933353.jpg,aberti
gs://bugoff-bucket1/hinton/Insecta/GenusSpecies/Ammophila/aberti/Ammophila-aberti-976607.jpg,aberti
gs://bugoff-bucket1/hinton/Insecta/GenusSpecies/Ammophila/americana/Ammophila-americana-8801239.jpg,americana
gs://bugoff-bucket1/hinton/Insecta/GenusSpecies/Ammophila/atripes/Ammophila-atripes-8048442.jpg,atripes
gs://bugoff-bucket1/hinton/Insecta/GenusSpecies/Ammophila/azteca/Ammophila-azteca-8863499.jpg,azteca
gs://bugoff-bucket1/hinton/Insecta/GenusSpecies/Ammophila/campestris/Ammophila-campestris-8119315.jpg,campestris
gs://bugoff-bucket1/hinton/Insecta/GenusSpecies/Ammophila/clavus/Ammophila-clavus-8775855.jpg,clavus
gs://bugoff-bucket1/hinton/Insecta/GenusSpecies/Ammophila/clavus/Ammophila-clavus-9490283.jpg,clavus
gs://bugoff-bucket1/hinton/Insecta/GenusSpecies/Ammophila/cleopatra/Ammophila-cleopatra-9451176.jpg,cleopatra
gs://bugoff-bucket1/hinton/Insecta/GenusSpecies/Ammophila/heydeni/Ammophila-heydeni-9292387.jpg,heydeni
gs://bugoff-bucket1/hinton/Insecta/GenusSpecies/Ammophila/ichneumoneus/Ammophila-ichneumoneus-9274816.jpg,ichneumoneus
gs://bugoff-bucket1/hinton/Insecta/GenusSpecies/Ammophila/millefolium/Ammophila-millefolium-8745929.jpg,millefolium
gs://bugoff-bucket1/hinton/Insecta/GenusSpecies/Ammophila/nigricans/Ammophila-nigricans-8827925.jpg,nigricans
gs://bugoff-bucket1/hinton/Insecta/GenusSpecies/Ammophila/nigricans/Ammophila-nigricans-8836833.jpg,nigricans
gs://bugoff-bucket1/hinton/Insecta/GenusSpecies/Ammophila/nigricans/Ammophila-nigricans-8906487.jpg,nigricans
gs://bugoff-bucket1/hinton/Insecta/GenusSpecies/Ammophila/nigricans/Ammophila-nigricans-8937549.jpg,nigricans
gs://bugoff-bucket1/hinton/Insecta/GenusSpecies/Ammophila/nigricans/Ammophila-nigricans-8947136.jpg,nigricans
gs://bugoff-bucket1/hinton/Insecta/GenusSpecies/Ammophila/pictipennis/Ammophila-pictipennis-8202170.jpg,pictipennis
gs://bugoff-bucket1/hinton/Insecta/GenusSpecies/Ammophila/pictipennis/Ammophila-pictipennis-8934792.jpg,pictipennis
gs://bugoff-bucket1/hinton/Insecta/GenusSpecies/Ammophila/pictipennis/Ammophila-pictipennis-9039724.jpg,pictipennis
gs://bugoff-bucket1/hinton/Insecta/GenusSpecies/Ammophila/pictipennis/Ammophila-pictipennis-9217923.jpg,pictipennis
gs://bugoff-bucket1/hinton/Insecta/GenusSpecies/Ammophila/pictipennis/Ammophila-pictipennis-9377554.jpg,pictipennis
gs://bugoff-bucket1/hinton/Insecta/GenusSpecies/Ammophila/pictipennis/Ammophila-pictipennis-9451178.jpg,pictipennis
gs://bugoff-bucket1/hinton/Insecta/GenusSpecies/Ammophila/procera/Ammophila-procera-8071428.jpg,procera
gs://bugoff-bucket1/hinton/Insecta/GenusSpecies/Ammophila/procera/Ammophila-procera-8080416.jpg,procera
gs://bugoff-bucket1/hinton/Insecta/GenusSpecies/Ammophila/procera/Ammophila-procera-8162120.jpg,procera
gs://bugoff-bucket1/hinton/Insecta/GenusSpecies/Ammophila/procera/Ammophila-procera-820976.jpg,procera
gs://bugoff-bucket1/hinton/Insecta/GenusSpecies/Ammophila/procera/Ammophila-procera-8318112.jpg,procera
gs://bugoff-bucket1/hinton/Insecta/GenusSpecies/Ammophila/procera/Ammophila-procera-8319233.jpg,procera
gs://bugoff-bucket1/hinton/Insecta/GenusSpecies/Ammophila/procera/Ammophila-procera-8330533.jpg,procera
gs://bugoff-bucket1/hinton/Insecta/GenusSpecies/Ammophila/procera/Ammophila-procera-8331038.jpg,procera
gs://bugoff-bucket1/hinton/Insecta/GenusSpecies/Ammophila/procera/Ammophila-procera-8537524.jpg,procera
gs://bugoff-bucket1/hinton/Insecta/GenusSpecies/Ammophila/procera/Ammophila-procera-8549412.jpg,procera
gs://bugoff-bucket1/hinton/Insecta/GenusSpecies/Ammophila/procera/Ammophila-procera-8581770.jpg,procera
gs://bugoff-bucket1/hinton/Insecta/GenusSpecies/Ammophila/procera/Ammophila-procera-8631266.jpg,procera
gs://bugoff-bucket1/hinton/Insecta/GenusSpecies/Ammophila/procera/Ammophila-procera-8637696.jpg,procera
gs://bugoff-bucket1/hinton/Insecta/GenusSpecies/Ammophila/procera/Ammophila-procera-866739.jpg,procera
gs://bugoff-bucket1/hinton/Insecta/GenusSpecies/Ammophila/procera/Ammophila-procera-8708804.jpg,procera
gs://bugoff-bucket1/hinton/Insecta/GenusSpecies/Ammophila/procera/Ammophila-procera-8816373.jpg,procera
gs://bugoff-bucket1/hinton/Insecta/GenusSpecies/Ammophila/procera/Ammophila-procera-8842589.jpg,procera
gs://bugoff-bucket1/hinton/Insecta/GenusSpecies/Ammophila/procera/Ammophila-procera-8854026.jpg,procera
gs://bugoff-bucket1/hinton/Insecta/GenusSpecies/Ammophila/procera/Ammophila-procera-8856254.jpg,procera
gs://bugoff-bucket1/hinton/Insecta/GenusSpecies/Ammophila/procera/Ammophila-procera-8893028.jpg,procera
gs://bugoff-bucket1/hinton/Insecta/GenusSpecies/Ammophila/procera/Ammophila-procera-8937857.jpg,procera
gs://bugoff-bucket1/hinton/Insecta/GenusSpecies/Ammophila/procera/Ammophila-procera-8944140.jpg,procera
gs://bugoff-bucket1/hinton/Insecta/GenusSpecies/Ammophila/procera/Ammophila-procera-8949868.jpg,procera
gs://bugoff-bucket1/hinton/Insecta/GenusSpecies/Ammophila/procera/Ammophila-procera-9108046.jpg,procera
gs://bugoff-bucket1/hinton/Insecta/GenusSpecies/Ammophila/procera/Ammophila-procera-9123055.jpg,procera
gs://bugoff-bucket1/hinton/Insecta/GenusSpecies/Ammophila/procera/Ammophila-procera-91522.jpg,procera
gs://bugoff-bucket1/hinton/Insecta/GenusSpecies/Ammophila/procera/Ammophila-procera-9163119.jpg,procera
gs://bugoff-bucket1/hinton/Insecta/GenusSpecies/Ammophila/procera/Ammophila-procera-9189577.jpg,procera
gs://bugoff-bucket1/hinton/Insecta/GenusSpecies/Ammophila/procera/Ammophila-procera-9219896.jpg,procera
gs://bugoff-bucket1/hinton/Insecta/GenusSpecies/Ammophila/procera/Ammophila-procera-931654.jpg,procera
gs://bugoff-bucket1/hinton/Insecta/GenusSpecies/Ammophila/procera/Ammophila-procera-9320546.jpg,procera
gs://bugoff-bucket1/hinton/Insecta/GenusSpecies/Ammophila/procera/Ammophila-procera-9321048.jpg,procera
gs://bugoff-bucket1/hinton/Insecta/GenusSpecies/Ammophila/procera/Ammophila-procera-9321301.jpg,procera
gs://bugoff-bucket1/hinton/Insecta/GenusSpecies/Ammophila/procera/Ammophila-procera-9338880.jpg,procera
gs://bugoff-bucket1/hinton/Insecta/GenusSpecies/Ammophila/procera/Ammophila-procera-9402670.jpg,procera
gs://bugoff-bucket1/hinton/Insecta/GenusSpecies/Ammophila/procera/Ammophila-procera-9461272.jpg,procera
gs://bugoff-bucket1/hinton/Insecta/GenusSpecies/Ammophila/procera/Ammophila-procera-9507249.jpg,procera
gs://bugoff-bucket1/hinton/Insecta/GenusSpecies/Ammophila/procera/Ammophila-procera-9548793.jpg,procera
gs://bugoff-bucket1/hinton/Insecta/GenusSpecies/Ammophila/procera/Ammophila-procera-9564879.jpg,procera
gs://bugoff-bucket1/hinton/Insecta/GenusSpecies/Ammophila/procera/Ammophila-procera-9575424.jpg,procera
gs://bugoff-bucket1/hinton/Insecta/GenusSpecies/Ammophila/procera/Ammophila-procera-9585782.jpg,procera
gs://bugoff-bucket1/hinton/Insecta/GenusSpecies/Ammophila/procera/Ammophila-procera-9604518.jpg,procera
gs://bugoff-bucket1/hinton/Insecta/GenusSpecies/Ammophila/procera/Ammophila-procera-9605498.jpg,procera
gs://bugoff-bucket1/hinton/Insecta/GenusSpecies/Ammophila/procera/Ammophila-procera-9605609.jpg,procera
gs://bugoff-bucket1/hinton/Insecta/GenusSpecies/Ammophila/procera/Ammophila-procera-9648291.jpg,procera
gs://bugoff-bucket1/hinton/Insecta/GenusSpecies/Ammophila/procera/Ammophila-procera-975739.jpg,procera
gs://bugoff-bucket1/hinton/Insecta/GenusSpecies/Ammophila/sabulosa/Ammophila-sabulosa-8746248.jpg,sabulosa
gs://bugoff-bucket1/hinton/Insecta/GenusSpecies/Ammophila/yuccifolium/Ammophila-yuccifolium-970230.jpg,yuccifolium
gs://bugoff-bucket1/hinton/Insecta/GenusSpecies/Chalybion/bengalense/Chalybion-bengalense-853934.jpg,bengalense
gs://bugoff-bucket1/hinton/Insecta/GenusSpecies/Chalybion/bengalense/Chalybion-bengalense-8785430.jpg,bengalense
gs://bugoff-bucket1/hinton/Insecta/GenusSpecies/Chalybion/bengalense/Chalybion-bengalense-9638732.jpg,bengalense
gs://bugoff-bucket1/hinton/Insecta/GenusSpecies/Chalybion/californicum/Chalybion-californicum-8136626.jpg,californicum
gs://bugoff-bucket1/hinton/Insecta/GenusSpecies/Chalybion/californicum/Chalybion-californicum-8188928.jpg,californicum
gs://bugoff-bucket1/hinton/Insecta/GenusSpecies/Chalybion/californicum/Chalybion-californicum-8201197.jpg,californicum
gs://bugoff-bucket1/hinton/Insecta/GenusSpecies/Chalybion/californicum/Chalybion-californicum-8201697.jpg,californicum
gs://bugoff-bucket1/hinton/Insecta/GenusSpecies/Chalybion/californicum/Chalybion-californicum-8209639.jpg,californicum
gs://bugoff-bucket1/hinton/Insecta/GenusSpecies/Chalybion/californicum/Chalybion-californicum-8223063.jpg,californicum
gs://bugoff-bucket1/hinton/Insecta/GenusSpecies/Chalybion/californicum/Chalybion-californicum-8247324.jpg,californicum
gs://bugoff-bucket1/hinton/Insecta/GenusSpecies/Chalybion/californicum/Chalybion-californicum-826527.jpg,californicum
gs://bugoff-bucket1/hinton/Insecta/GenusSpecies/Chalybion/californicum/Chalybion-californicum-8321290.jpg,californicum
gs://bugoff-bucket1/hinton/Insecta/GenusSpecies/Chalybion/californicum/Chalybion-californicum-8381033.jpg,californicum
gs://bugoff-bucket1/hinton/Insecta/GenusSpecies/Chalybion/californicum/Chalybion-californicum-8389799.jpg,californicum
gs://bugoff-bucket1/hinton/Insecta/GenusSpecies/Chalybion/californicum/Chalybion-californicum-8515118.jpg,californicum
gs://bugoff-bucket1/hinton/Insecta/GenusSpecies/Chalybion/californicum/Chalybion-californicum-8575763.jpg,californicum
gs://bugoff-bucket1/hinton/Insecta/GenusSpecies/Chalybion/californicum/Chalybion-californicum-861148.jpg,californicum
gs://bugoff-bucket1/hinton/Insecta/GenusSpecies/Chalybion/californicum/Chalybion-californicum-8621227.jpg,californicum
gs://bugoff-bucket1/hinton/Insecta/GenusSpecies/Chalybion/californicum/Chalybion-californicum-865466.jpg,californicum
gs://bugoff-bucket1/hinton/Insecta/GenusSpecies/Chalybion/californicum/Chalybion-californicum-8667619.jpg,californicum
gs://bugoff-bucket1/hinton/Insecta/GenusSpecies/Chalybion/californicum/Chalybion-californicum-8709603.jpg,californicum
gs://bugoff-bucket1/hinton/Insecta/GenusSpecies/Chalybion/californicum/Chalybion-californicum-8783204.jpg,californicum
gs://bugoff-bucket1/hinton/Insecta/GenusSpecies/Chalybion/californicum/Chalybion-californicum-8796287.jpg,californicum
gs://bugoff-bucket1/hinton/Insecta/GenusSpecies/Chalybion/californicum/Chalybion-californicum-8813257.jpg,californicum
gs://bugoff-bucket1/hinton/Insecta/GenusSpecies/Chalybion/californicum/Chalybion-californicum-8817747.jpg,californicum
gs://bugoff-bucket1/hinton/Insecta/GenusSpecies/Chalybion/californicum/Chalybion-californicum-8830404.jpg,californicum
gs://bugoff-bucket1/hinton/Insecta/GenusSpecies/Chalybion/californicum/Chalybion-californicum-8830623.jpg,californicum
gs://bugoff-bucket1/hinton/Insecta/GenusSpecies/Chalybion/californicum/Chalybion-californicum-8831857.jpg,californicum
gs://bugoff-bucket1/hinton/Insecta/GenusSpecies/Chalybion/californicum/Chalybion-californicum-8860877.jpg,californicum
gs://bugoff-bucket1/hinton/Insecta/GenusSpecies/Chalybion/californicum/Chalybion-californicum-8879950.jpg,californicum
gs://bugoff-bucket1/hinton/Insecta/GenusSpecies/Chalybion/californicum/Chalybion-californicum-8983035.jpg,californicum
gs://bugoff-bucket1/hinton/Insecta/GenusSpecies/Chalybion/californicum/Chalybion-californicum-900026.jpg,californicum
gs://bugoff-bucket1/hinton/Insecta/GenusSpecies/Chalybion/californicum/Chalybion-californicum-9009391.jpg,californicum
gs://bugoff-bucket1/hinton/Insecta/GenusSpecies/Chalybion/californicum/Chalybion-californicum-9023519.jpg,californicum
gs://bugoff-bucket1/hinton/Insecta/GenusSpecies/Chalybion/californicum/Chalybion-californicum-9042314.jpg,californicum
gs://bugoff-bucket1/hinton/Insecta/GenusSpecies/Chalybion/californicum/Chalybion-californicum-9050845.jpg,californicum
gs://bugoff-bucket1/hinton/Insecta/GenusSpecies/Chalybion/californicum/Chalybion-californicum-9056605.jpg,californicum
gs://bugoff-bucket1/hinton/Insecta/GenusSpecies/Chalybion/californicum/Chalybion-californicum-9094742.jpg,californicum
gs://bugoff-bucket1/hinton/Insecta/GenusSpecies/Chalybion/californicum/Chalybion-californicum-9139071.jpg,californicum
gs://bugoff-bucket1/hinton/Insecta/GenusSpecies/Chalybion/californicum/Chalybion-californicum-9183482.jpg,californicum
gs://bugoff-bucket1/hinton/Insecta/GenusSpecies/Chalybion/californicum/Chalybion-californicum-9212018.jpg,californicum
gs://bugoff-bucket1/hinton/Insecta/GenusSpecies/Chalybion/californicum/Chalybion-californicum-9284201.jpg,californicum
gs://bugoff-bucket1/hinton/Insecta/GenusSpecies/Chalybion/californicum/Chalybion-californicum-9290908.jpg,californicum
gs://bugoff-bucket1/hinton/Insecta/GenusSpecies/Chalybion/californicum/Chalybion-californicum-9324070.jpg,californicum
gs://bugoff-bucket1/hinton/Insecta/GenusSpecies/Chalybion/californicum/Chalybion-californicum-9338115.jpg,californicum
gs://bugoff-bucket1/hinton/Insecta/GenusSpecies/Chalybion/californicum/Chalybion-californicum-9346765.jpg,californicum
gs://bugoff-bucket1/hinton/Insecta/GenusSpecies/Chalybion/californicum/Chalybion-californicum-9386227.jpg,californicum
gs://bugoff-bucket1/hinton/Insecta/GenusSpecies/Chalybion/californicum/Chalybion-californicum-941140.jpg,californicum
gs://bugoff-bucket1/hinton/Insecta/GenusSpecies/Chalybion/californicum/Chalybion-californicum-9419927.jpg,californicum
gs://bugoff-bucket1/hinton/Insecta/GenusSpecies/Chalybion/californicum/Chalybion-californicum-9426913.jpg,californicum
gs://bugoff-bucket1/hinton/Insecta/GenusSpecies/Chalybion/californicum/Chalybion-californicum-9433387.jpg,californicum
gs://bugoff-bucket1/hinton/Insecta/GenusSpecies/Chalybion/californicum/Chalybion-californicum-9437737.jpg,californicum
gs://bugoff-bucket1/hinton/Insecta/GenusSpecies/Chalybion/californicum/Chalybion-californicum-9484642.jpg,californicum
gs://bugoff-bucket1/hinton/Insecta/GenusSpecies/Chalybion/californicum/Chalybion-californicum-9493582.jpg,californicum
gs://bugoff-bucket1/hinton/Insecta/GenusSpecies/Chalybion/californicum/Chalybion-californicum-9509639.jpg,californicum
gs://bugoff-bucket1/hinton/Insecta/GenusSpecies/Chalybion/californicum/Chalybion-californicum-955303.jpg,californicum
gs://bugoff-bucket1/hinton/Insecta/GenusSpecies/Chalybion/californicum/Chalybion-californicum-9561929.jpg,californicum
gs://bugoff-bucket1/hinton/Insecta/GenusSpecies/Chalybion/californicum/Chalybion-californicum-9615299.jpg,californicum
gs://bugoff-bucket1/hinton/Insecta/GenusSpecies/Chalybion/californicum/Chalybion-californicum-9628262.jpg,californicum
gs://bugoff-bucket1/hinton/Insecta/GenusSpecies/Chalybion/californicum/Chalybion-californicum-9629420.jpg,californicum
gs://bugoff-bucket1/hinton/Insecta/GenusSpecies/Chalybion/californicum/Chalybion-californicum-9641364.jpg,californicum
gs://bugoff-bucket1/hinton/Insecta/GenusSpecies/Chalybion/californicum/Chalybion-californicum-9645069.jpg,californicum
gs://bugoff-bucket1/hinton/Insecta/GenusSpecies/Chalybion/californicum/Chalybion-californicum-9649248.jpg,californicum
gs://bugoff-bucket1/hinton/Insecta/GenusSpecies/Chalybion/californicum/Chalybion-californicum-999501.jpg,californicum
gs://bugoff-bucket1/hinton/Insecta/GenusSpecies/Chalybion/femoratum/Chalybion-femoratum-8437482.jpg,femoratum
gs://bugoff-bucket1/hinton/Insecta/GenusSpecies/Chalybion/femoratum/Chalybion-femoratum-8881025.jpg,femoratum
gs://bugoff-bucket1/hinton/Insecta/GenusSpecies/Chalybion/japonicum/Chalybion-japonicum-8034153.jpg,japonicum
gs://bugoff-bucket1/hinton/Insecta/GenusSpecies/Chalybion/pensylvanicus/Chalybion-pensylvanicus-9185100.jpg,pensylvanicus
gs://bugoff-bucket1/hinton/Insecta/GenusSpecies/Chalybion/zimmermanni/Chalybion-zimmermanni-8650233.jpg,zimmermanni
gs://bugoff-bucket1/hinton/Insecta/GenusSpecies/Chalybion/zimmermanni/Chalybion-zimmermanni-8715310.jpg,zimmermanni
gs://bugoff-bucket1/hinton/Insecta/GenusSpecies/Chalybion/zimmermanni/Chalybion-zimmermanni-8788596.jpg,zimmermanni
gs://bugoff-bucket1/hinton/Insecta/GenusSpecies/Chalybion/zimmermanni/Chalybion-zimmermanni-9084762.jpg,zimmermanni
gs://bugoff-bucket1/hinton/Insecta/GenusSpecies/Chalybion/zimmermanni/Chalybion-zimmermanni-9190603.jpg,zimmermanni
gs://bugoff-bucket1/hinton/Insecta/GenusSpecies/Chlorion/aerarium/Chlorion-aerarium-8096081.jpg,aerarium
gs://bugoff-bucket1/hinton/Insecta/GenusSpecies/Chlorion/aerarium/Chlorion-aerarium-8144295.jpg,aerarium
gs://bugoff-bucket1/hinton/Insecta/GenusSpecies/Chlorion/aerarium/Chlorion-aerarium-8151554.jpg,aerarium
gs://bugoff-bucket1/hinton/Insecta/GenusSpecies/Chlorion/aerarium/Chlorion-aerarium-8324820.jpg,aerarium
gs://bugoff-bucket1/hinton/Insecta/GenusSpecies/Chlorion/aerarium/Chlorion-aerarium-8355982.jpg,aerarium
gs://bugoff-bucket1/hinton/Insecta/GenusSpecies/Chlorion/aerarium/Chlorion-aerarium-8520733.jpg,aerarium
gs://bugoff-bucket1/hinton/Insecta/GenusSpecies/Chlorion/aerarium/Chlorion-aerarium-8548360.jpg,aerarium
gs://bugoff-bucket1/hinton/Insecta/GenusSpecies/Chlorion/aerarium/Chlorion-aerarium-8573603.jpg,aerarium
gs://bugoff-bucket1/hinton/Insecta/GenusSpecies/Chlorion/aerarium/Chlorion-aerarium-8796336.jpg,aerarium
gs://bugoff-bucket1/hinton/Insecta/GenusSpecies/Chlorion/aerarium/Chlorion-aerarium-883728.jpg,aerarium
gs://bugoff-bucket1/hinton/Insecta/GenusSpecies/Chlorion/aerarium/Chlorion-aerarium-8864114.jpg,aerarium
gs://bugoff-bucket1/hinton/Insecta/GenusSpecies/Chlorion/aerarium/Chlorion-aerarium-8970442.jpg,aerarium
gs://bugoff-bucket1/hinton/Insecta/GenusSpecies/Chlorion/aerarium/Chlorion-aerarium-9135703.jpg,aerarium
gs://bugoff-bucket1/hinton/Insecta/GenusSpecies/Chlorion/aerarium/Chlorion-aerarium-9218081.jpg,aerarium
gs://bugoff-bucket1/hinton/Insecta/GenusSpecies/Chlorion/aerarium/Chlorion-aerarium-9220347.jpg,aerarium
gs://bugoff-bucket1/hinton/Insecta/GenusSpecies/Chlorion/aerarium/Chlorion-aerarium-9251032.jpg,aerarium
gs://bugoff-bucket1/hinton/Insecta/GenusSpecies/Chlorion/aerarium/Chlorion-aerarium-9283292.jpg,aerarium
gs://bugoff-bucket1/hinton/Insecta/GenusSpecies/Chlorion/aerarium/Chlorion-aerarium-9333930.jpg,aerarium
gs://bugoff-bucket1/hinton/Insecta/GenusSpecies/Chlorion/aerarium/Chlorion-aerarium-9344779.jpg,aerarium
gs://bugoff-bucket1/hinton/Insecta/GenusSpecies/Chlorion/aerarium/Chlorion-aerarium-9389360.jpg,aerarium
gs://bugoff-bucket1/hinton/Insecta/GenusSpecies/Chlorion/aerarium/Chlorion-aerarium-9451173.jpg,aerarium
gs://bugoff-bucket1/hinton/Insecta/GenusSpecies/Chlorion/aerarium/Chlorion-aerarium-9473139.jpg,aerarium
gs://bugoff-bucket1/hinton/Insecta/GenusSpecies/Chlorion/aerarium/Chlorion-aerarium-952686.jpg,aerarium
gs://bugoff-bucket1/hinton/Insecta/GenusSpecies/Chlorion/aerarium/Chlorion-aerarium-9585158.jpg,aerarium
gs://bugoff-bucket1/hinton/Insecta/GenusSpecies/Chlorion/aerarium/Chlorion-aerarium-9591331.jpg,aerarium
gs://bugoff-bucket1/hinton/Insecta/GenusSpecies/Chlorion/californicum/Chlorion-californicum-8835203.jpg,californicum
gs://bugoff-bucket1/hinton/Insecta/GenusSpecies/Chlorion/cyaneum/Chlorion-cyaneum-9632958.jpg,cyaneum
gs://bugoff-bucket1/hinton/Insecta/GenusSpecies/Chlorion/politum/Chlorion-politum-9654522.jpg,politum
gs://bugoff-bucket1/hinton/Insecta/GenusSpecies/Eremnophila/aureonotata/Eremnophila-aureonotata-8905272.jpg,aureonotata
gs://bugoff-bucket1/hinton/Insecta/GenusSpecies/Eremnophila/aureonotata/Eremnophila-aureonotata-8919466.jpg,aureonotata
gs://bugoff-bucket1/hinton/Insecta/GenusSpecies/Eremnophila/aureonotata/Eremnophila-aureonotata-9115481.jpg,aureonotata
gs://bugoff-bucket1/hinton/Insecta/GenusSpecies/Eremnophila/aureonotata/Eremnophila-aureonotata-9145232.jpg,aureonotata
gs://bugoff-bucket1/hinton/Insecta/GenusSpecies/Eremnophila/aureonotata/Eremnophila-aureonotata-9304913.jpg,aureonotata
gs://bugoff-bucket1/hinton/Insecta/GenusSpecies/Eremnophila/aureonotata/Eremnophila-aureonotata-9320257.jpg,aureonotata
gs://bugoff-bucket1/hinton/Insecta/GenusSpecies/Eremnophila/aureonotata/Eremnophila-aureonotata-9324937.jpg,aureonotata
gs://bugoff-bucket1/hinton/Insecta/GenusSpecies/Eremnophila/aureonotata/Eremnophila-aureonotata-9327885.jpg,aureonotata
gs://bugoff-bucket1/hinton/Insecta/GenusSpecies/Eremnophila/aureonotata/Eremnophila-aureonotata-9347234.jpg,aureonotata
gs://bugoff-bucket1/hinton/Insecta/GenusSpecies/Eremnophila/aureonotata/Eremnophila-aureonotata-9353370.jpg,aureonotata
gs://bugoff-bucket1/hinton/Insecta/GenusSpecies/Eremnophila/aureonotata/Eremnophila-aureonotata-9412299.jpg,aureonotata
gs://bugoff-bucket1/hinton/Insecta/GenusSpecies/Eremnophila/aureonotata/Eremnophila-aureonotata-9439545.jpg,aureonotata
gs://bugoff-bucket1/hinton/Insecta/GenusSpecies/Eremnophila/aureonotata/Eremnophila-aureonotata-9441459.jpg,aureonotata
gs://bugoff-bucket1/hinton/Insecta/GenusSpecies/Eremnophila/aureonotata/Eremnophila-aureonotata-9462878.jpg,aureonotata
gs://bugoff-bucket1/hinton/Insecta/GenusSpecies/Eremnophila/aureonotata/Eremnophila-aureonotata-9476755.jpg,aureonotata
gs://bugoff-bucket1/hinton/Insecta/GenusSpecies/Eremnophila/aureonotata/Eremnophila-aureonotata-9529590.jpg,aureonotata
gs://bugoff-bucket1/hinton/Insecta/GenusSpecies/Eremnophila/aureonotata/Eremnophila-aureonotata-9570589.jpg,aureonotata
gs://bugoff-bucket1/hinton/Insecta/GenusSpecies/Eremnophila/aureonotata/Eremnophila-aureonotata-9614240.jpg,aureonotata
gs://bugoff-bucket1/hinton/Insecta/GenusSpecies/Eremnophila/aureonotata/Eremnophila-aureonotata-9633184.jpg,aureonotata
gs://bugoff-bucket1/hinton/Insecta/GenusSpecies/Eremnophila/aureonotata/Eremnophila-aureonotata-9675845.jpg,aureonotata
gs://bugoff-bucket1/hinton/Insecta/GenusSpecies/Eremnophila/aureonotata/Eremnophila-aureonotata-9682439.jpg,aureonotata
gs://bugoff-bucket1/hinton/Insecta/GenusSpecies/Eremnophila/aureonotata/Eremnophila-aureonotata-987880.jpg,aureonotata
gs://bugoff-bucket1/hinton/Insecta/GenusSpecies/Eremnophila/tenuifolium/Eremnophila-tenuifolium-8761640.jpg,tenuifolium
gs://bugoff-bucket1/hinton/Insecta/GenusSpecies/Isodontia/auripes/Isodontia-auripes-9064368.jpg,auripes
gs://bugoff-bucket1/hinton/Insecta/GenusSpecies/Isodontia/auripes/Isodontia-auripes-9266064.jpg,auripes
gs://bugoff-bucket1/hinton/Insecta/GenusSpecies/Isodontia/auripes/Isodontia-auripes-9435396.jpg,auripes
gs://bugoff-bucket1/hinton/Insecta/GenusSpecies/Isodontia/auripes/Isodontia-auripes-9675389.jpg,auripes
gs://bugoff-bucket1/hinton/Insecta/GenusSpecies/Isodontia/elegans/Isodontia-elegans-826508.jpg,elegans
gs://bugoff-bucket1/hinton/Insecta/GenusSpecies/Isodontia/elegans/Isodontia-elegans-9324663.jpg,elegans
gs://bugoff-bucket1/hinton/Insecta/GenusSpecies/Isodontia/elegans/Isodontia-elegans-9387498.jpg,elegans
gs://bugoff-bucket1/hinton/Insecta/GenusSpecies/Isodontia/mexicana/Isodontia-mexicana-8308105.jpg,mexicana
gs://bugoff-bucket1/hinton/Insecta/GenusSpecies/Isodontia/mexicana/Isodontia-mexicana-8719362.jpg,mexicana
gs://bugoff-bucket1/hinton/Insecta/GenusSpecies/Isodontia/mexicana/Isodontia-mexicana-8751885.jpg,mexicana
gs://bugoff-bucket1/hinton/Insecta/GenusSpecies/Isodontia/mexicana/Isodontia-mexicana-8790428.jpg,mexicana
gs://bugoff-bucket1/hinton/Insecta/GenusSpecies/Isodontia/mexicana/Isodontia-mexicana-8992922.jpg,mexicana
gs://bugoff-bucket1/hinton/Insecta/GenusSpecies/Isodontia/mexicana/Isodontia-mexicana-9156692.jpg,mexicana
gs://bugoff-bucket1/hinton/Insecta/GenusSpecies/Isodontia/mexicana/Isodontia-mexicana-9218052.jpg,mexicana
gs://bugoff-bucket1/hinton/Insecta/GenusSpecies/Isodontia/mexicana/Isodontia-mexicana-9379963.jpg,mexicana
gs://bugoff-bucket1/hinton/Insecta/GenusSpecies/Isodontia/mexicana/Isodontia-mexicana-9412128.jpg,mexicana
gs://bugoff-bucket1/hinton/Insecta/GenusSpecies/Isodontia/mexicana/Isodontia-mexicana-9481380.jpg,mexicana
gs://bugoff-bucket1/hinton/Insecta/GenusSpecies/Isodontia/nigella/Isodontia-nigella-9229799.jpg,nigella
gs://bugoff-bucket1/hinton/Insecta/GenusSpecies/Isodontia/philadelphica/Isodontia-philadelphica-9537491.jpg,philadelphica
gs://bugoff-bucket1/hinton/Insecta/GenusSpecies/Podalonia/hirsuta/Podalonia-hirsuta-8540862.jpg,hirsuta
gs://bugoff-bucket1/hinton/Insecta/GenusSpecies/Podalonia/hirsuta/Podalonia-hirsuta-8880840.jpg,hirsuta
gs://bugoff-bucket1/hinton/Insecta/GenusSpecies/Podalonia/luctuosa/Podalonia-luctuosa-9515549.jpg,luctuosa
gs://bugoff-bucket1/hinton/Insecta/GenusSpecies/Podalonia/robusta/Podalonia-robusta-9054105.jpg,robusta
gs://bugoff-bucket1/hinton/Insecta/GenusSpecies/Podalonia/tydei/Podalonia-tydei-9292396.jpg,tydei
gs://bugoff-bucket1/hinton/Insecta/GenusSpecies/Podium/luctuosum/Podium-luctuosum-8570708.jpg,luctuosum
gs://bugoff-bucket1/hinton/Insecta/GenusSpecies/Podium/rufipes/Podium-rufipes-8652676.jpg,rufipes
gs://bugoff-bucket1/hinton/Insecta/GenusSpecies/Prionyx/atratus/Prionyx-atratus-8898179.jpg,atratus
gs://bugoff-bucket1/hinton/Insecta/GenusSpecies/Prionyx/canadensis/Prionyx-canadensis-9036211.jpg,canadensis
gs://bugoff-bucket1/hinton/Insecta/GenusSpecies/Prionyx/canadensis/Prionyx-canadensis-9403047.jpg,canadensis
gs://bugoff-bucket1/hinton/Insecta/GenusSpecies/Prionyx/fervens/Prionyx-fervens-9630484.jpg,fervens
gs://bugoff-bucket1/hinton/Insecta/GenusSpecies/Prionyx/parkeri/Prionyx-parkeri-8637685.jpg,parkeri
gs://bugoff-bucket1/hinton/Insecta/GenusSpecies/Prionyx/parkeri/Prionyx-parkeri-8778140.jpg,parkeri
gs://bugoff-bucket1/hinton/Insecta/GenusSpecies/Prionyx/parkeri/Prionyx-parkeri-8898287.jpg,parkeri
gs://bugoff-bucket1/hinton/Insecta/GenusSpecies/Prionyx/parkeri/Prionyx-parkeri-8906651.jpg,parkeri
gs://bugoff-bucket1/hinton/Insecta/GenusSpecies/Prionyx/parkeri/Prionyx-parkeri-9057050.jpg,parkeri
gs://bugoff-bucket1/hinton/Insecta/GenusSpecies/Prionyx/parkeri/Prionyx-parkeri-9384268.jpg,parkeri
gs://bugoff-bucket1/hinton/Insecta/GenusSpecies/Prionyx/parkeri/Prionyx-parkeri-942839.jpg,parkeri
gs://bugoff-bucket1/hinton/Insecta/GenusSpecies/Prionyx/thomae/Prionyx-thomae-8151568.jpg,thomae
gs://bugoff-bucket1/hinton/Insecta/GenusSpecies/Prionyx/thomae/Prionyx-thomae-9324606.jpg,thomae
gs://bugoff-bucket1/hinton/Insecta/GenusSpecies/Prionyx/thomae/Prionyx-thomae-9550000.jpg,thomae
gs://bugoff-bucket1/hinton/Insecta/GenusSpecies/Sceliphron/caementarium/Sceliphron-caementarium-8000678.jpg,caementarium
gs://bugoff-bucket1/hinton/Insecta/GenusSpecies/Sceliphron/caementarium/Sceliphron-caementarium-8000703.jpg,caementarium
gs://bugoff-bucket1/hinton/Insecta/GenusSpecies/Sceliphron/caementarium/Sceliphron-caementarium-8004303.jpg,caementarium
gs://bugoff-bucket1/hinton/Insecta/GenusSpecies/Sceliphron/caementarium/Sceliphron-caementarium-8015403.jpg,caementarium
gs://bugoff-bucket1/hinton/Insecta/GenusSpecies/Sceliphron/caementarium/Sceliphron-caementarium-8039985.jpg,caementarium
gs://bugoff-bucket1/hinton/Insecta/GenusSpecies/Sceliphron/caementarium/Sceliphron-caementarium-8040549.jpg,caementarium
gs://bugoff-bucket1/hinton/Insecta/GenusSpecies/Sceliphron/caementarium/Sceliphron-caementarium-8041286.jpg,caementarium
gs://bugoff-bucket1/hinton/Insecta/GenusSpecies/Sceliphron/caementarium/Sceliphron-caementarium-8048041.jpg,caementarium
gs://bugoff-bucket1/hinton/Insecta/GenusSpecies/Sceliphron/caementarium/Sceliphron-caementarium-8058349.jpg,caementarium
gs://bugoff-bucket1/hinton/Insecta/GenusSpecies/Sceliphron/caementarium/Sceliphron-caementarium-8071118.jpg,caementarium
gs://bugoff-bucket1/hinton/Insecta/GenusSpecies/Sceliphron/caementarium/Sceliphron-caementarium-8073218.jpg,caementarium
gs://bugoff-bucket1/hinton/Insecta/GenusSpecies/Sceliphron/caementarium/Sceliphron-caementarium-8073249.jpg,caementarium
gs://bugoff-bucket1/hinton/Insecta/GenusSpecies/Sceliphron/caementarium/Sceliphron-caementarium-8074408.jpg,caementarium
gs://bugoff-bucket1/hinton/Insecta/GenusSpecies/Sceliphron/caementarium/Sceliphron-caementarium-8085435.jpg,caementarium
gs://bugoff-bucket1/hinton/Insecta/GenusSpecies/Sceliphron/caementarium/Sceliphron-caementarium-8095142.jpg,caementarium
gs://bugoff-bucket1/hinton/Insecta/GenusSpecies/Sceliphron/caementarium/Sceliphron-caementarium-8100178.jpg,caementarium
gs://bugoff-bucket1/hinton/Insecta/GenusSpecies/Sceliphron/caementarium/Sceliphron-caementarium-8104511.jpg,caementarium
gs://bugoff-bucket1/hinton/Insecta/GenusSpecies/Sceliphron/caementarium/Sceliphron-caementarium-8107486.jpg,caementarium
gs://bugoff-bucket1/hinton/Insecta/GenusSpecies/Sceliphron/caementarium/Sceliphron-caementarium-8152471.jpg,caementarium
gs://bugoff-bucket1/hinton/Insecta/GenusSpecies/Sceliphron/caementarium/Sceliphron-caementarium-8158229.jpg,caementarium
gs://bugoff-bucket1/hinton/Insecta/GenusSpecies/Sceliphron/caementarium/Sceliphron-caementarium-8160779.jpg,caementarium
gs://bugoff-bucket1/hinton/Insecta/GenusSpecies/Sceliphron/caementarium/Sceliphron-caementarium-8181995.jpg,caementarium
gs://bugoff-bucket1/hinton/Insecta/GenusSpecies/Sceliphron/caementarium/Sceliphron-caementarium-8182998.jpg,caementarium
gs://bugoff-bucket1/hinton/Insecta/GenusSpecies/Sceliphron/caementarium/Sceliphron-caementarium-8188883.jpg,caementarium
gs://bugoff-bucket1/hinton/Insecta/GenusSpecies/Sceliphron/caementarium/Sceliphron-caementarium-8223406.jpg,caementarium
gs://bugoff-bucket1/hinton/Insecta/GenusSpecies/Sceliphron/caementarium/Sceliphron-caementarium-8223475.jpg,caementarium
gs://bugoff-bucket1/hinton/Insecta/GenusSpecies/Sceliphron/caementarium/Sceliphron-caementarium-8234437.jpg,caementarium
gs://bugoff-bucket1/hinton/Insecta/GenusSpecies/Sceliphron/caementarium/Sceliphron-caementarium-823883.jpg,caementarium
gs://bugoff-bucket1/hinton/Insecta/GenusSpecies/Sceliphron/caementarium/Sceliphron-caementarium-8247098.jpg,caementarium
gs://bugoff-bucket1/hinton/Insecta/GenusSpecies/Sceliphron/caementarium/Sceliphron-caementarium-8251841.jpg,caementarium
gs://bugoff-bucket1/hinton/Insecta/GenusSpecies/Sceliphron/caementarium/Sceliphron-caementarium-8256095.jpg,caementarium
gs://bugoff-bucket1/hinton/Insecta/GenusSpecies/Sceliphron/caementarium/Sceliphron-caementarium-8261859.jpg,caementarium
gs://bugoff-bucket1/hinton/Insecta/GenusSpecies/Sceliphron/caementarium/Sceliphron-caementarium-826526.jpg,caementarium
gs://bugoff-bucket1/hinton/Insecta/GenusSpecies/Sceliphron/caementarium/Sceliphron-caementarium-826557.jpg,caementarium
gs://bugoff-bucket1/hinton/Insecta/GenusSpecies/Sceliphron/caementarium/Sceliphron-caementarium-826583.jpg,caementarium
gs://bugoff-bucket1/hinton/Insecta/GenusSpecies/Sceliphron/caementarium/Sceliphron-caementarium-8268340.jpg,caementarium
gs://bugoff-bucket1/hinton/Insecta/GenusSpecies/Sceliphron/caementarium/Sceliphron-caementarium-8272082.jpg,caementarium
gs://bugoff-bucket1/hinton/Insecta/GenusSpecies/Sceliphron/caementarium/Sceliphron-caementarium-8294119.jpg,caementarium
gs://bugoff-bucket1/hinton/Insecta/GenusSpecies/Sceliphron/caementarium/Sceliphron-caementarium-8302141.jpg,caementarium
gs://bugoff-bucket1/hinton/Insecta/GenusSpecies/Sceliphron/caementarium/Sceliphron-caementarium-8318858.jpg,caementarium
gs://bugoff-bucket1/hinton/Insecta/GenusSpecies/Sceliphron/caementarium/Sceliphron-caementarium-8353322.jpg,caementarium
gs://bugoff-bucket1/hinton/Insecta/GenusSpecies/Sceliphron/caementarium/Sceliphron-caementarium-8355476.jpg,caementarium
gs://bugoff-bucket1/hinton/Insecta/GenusSpecies/Sceliphron/caementarium/Sceliphron-caementarium-836223.jpg,caementarium
gs://bugoff-bucket1/hinton/Insecta/GenusSpecies/Sceliphron/caementarium/Sceliphron-caementarium-8368296.jpg,caementarium
gs://bugoff-bucket1/hinton/Insecta/GenusSpecies/Sceliphron/caementarium/Sceliphron-caementarium-8387644.jpg,caementarium
gs://bugoff-bucket1/hinton/Insecta/GenusSpecies/Sceliphron/caementarium/Sceliphron-caementarium-8393350.jpg,caementarium
gs://bugoff-bucket1/hinton/Insecta/GenusSpecies/Sceliphron/caementarium/Sceliphron-caementarium-8395438.jpg,caementarium
gs://bugoff-bucket1/hinton/Insecta/GenusSpecies/Sceliphron/caementarium/Sceliphron-caementarium-8400753.jpg,caementarium
gs://bugoff-bucket1/hinton/Insecta/GenusSpecies/Sceliphron/caementarium/Sceliphron-caementarium-8407614.jpg,caementarium
gs://bugoff-bucket1/hinton/Insecta/GenusSpecies/Sceliphron/caementarium/Sceliphron-caementarium-8414075.jpg,caementarium
gs://bugoff-bucket1/hinton/Insecta/GenusSpecies/Sceliphron/caementarium/Sceliphron-caementarium-841673.jpg,caementarium
gs://bugoff-bucket1/hinton/Insecta/GenusSpecies/Sceliphron/caementarium/Sceliphron-caementarium-8441334.jpg,caementarium
gs://bugoff-bucket1/hinton/Insecta/GenusSpecies/Sceliphron/caementarium/Sceliphron-caementarium-8447695.jpg,caementarium
gs://bugoff-bucket1/hinton/Insecta/GenusSpecies/Sceliphron/caementarium/Sceliphron-caementarium-8452469.jpg,caementarium
gs://bugoff-bucket1/hinton/Insecta/GenusSpecies/Sceliphron/caementarium/Sceliphron-caementarium-8453404.jpg,caementarium
gs://bugoff-bucket1/hinton/Insecta/GenusSpecies/Sceliphron/caementarium/Sceliphron-caementarium-8454247.jpg,caementarium
gs://bugoff-bucket1/hinton/Insecta/GenusSpecies/Sceliphron/caementarium/Sceliphron-caementarium-8460881.jpg,caementarium
gs://bugoff-bucket1/hinton/Insecta/GenusSpecies/Sceliphron/caementarium/Sceliphron-caementarium-846596.jpg,caementarium
gs://bugoff-bucket1/hinton/Insecta/GenusSpecies/Sceliphron/caementarium/Sceliphron-caementarium-8475101.jpg,caementarium
gs://bugoff-bucket1/hinton/Insecta/GenusSpecies/Sceliphron/caementarium/Sceliphron-caementarium-8494067.jpg,caementarium
gs://bugoff-bucket1/hinton/Insecta/GenusSpecies/Sceliphron/caementarium/Sceliphron-caementarium-8495301.jpg,caementarium
gs://bugoff-bucket1/hinton/Insecta/GenusSpecies/Sceliphron/caementarium/Sceliphron-caementarium-8497018.jpg,caementarium
gs://bugoff-bucket1/hinton/Insecta/GenusSpecies/Sceliphron/caementarium/Sceliphron-caementarium-8500231.jpg,caementarium
gs://bugoff-bucket1/hinton/Insecta/GenusSpecies/Sceliphron/caementarium/Sceliphron-caementarium-8503100.jpg,caementarium
gs://bugoff-bucket1/hinton/Insecta/GenusSpecies/Sceliphron/caementarium/Sceliphron-caementarium-8527283.jpg,caementarium
gs://bugoff-bucket1/hinton/Insecta/GenusSpecies/Sceliphron/caementarium/Sceliphron-caementarium-8554364.jpg,caementarium
gs://bugoff-bucket1/hinton/Insecta/GenusSpecies/Sceliphron/caementarium/Sceliphron-caementarium-856391.jpg,caementarium
gs://bugoff-bucket1/hinton/Insecta/GenusSpecies/Sceliphron/caementarium/Sceliphron-caementarium-856396.jpg,caementarium
gs://bugoff-bucket1/hinton/Insecta/GenusSpecies/Sceliphron/caementarium/Sceliphron-caementarium-8570690.jpg,caementarium
gs://bugoff-bucket1/hinton/Insecta/GenusSpecies/Sceliphron/caementarium/Sceliphron-caementarium-8590611.jpg,caementarium
gs://bugoff-bucket1/hinton/Insecta/GenusSpecies/Sceliphron/caementarium/Sceliphron-caementarium-8600340.jpg,caementarium
gs://bugoff-bucket1/hinton/Insecta/GenusSpecies/Sceliphron/caementarium/Sceliphron-caementarium-8600897.jpg,caementarium
gs://bugoff-bucket1/hinton/Insecta/GenusSpecies/Sceliphron/caementarium/Sceliphron-caementarium-8604857.jpg,caementarium
gs://bugoff-bucket1/hinton/Insecta/GenusSpecies/Sceliphron/caementarium/Sceliphron-caementarium-860592.jpg,caementarium
gs://bugoff-bucket1/hinton/Insecta/GenusSpecies/Sceliphron/caementarium/Sceliphron-caementarium-8616754.jpg,caementarium
gs://bugoff-bucket1/hinton/Insecta/GenusSpecies/Sceliphron/caementarium/Sceliphron-caementarium-8616906.jpg,caementarium
gs://bugoff-bucket1/hinton/Insecta/GenusSpecies/Sceliphron/caementarium/Sceliphron-caementarium-8636640.jpg,caementarium
gs://bugoff-bucket1/hinton/Insecta/GenusSpecies/Sceliphron/caementarium/Sceliphron-caementarium-8639272.jpg,caementarium
gs://bugoff-bucket1/hinton/Insecta/GenusSpecies/Sceliphron/caementarium/Sceliphron-caementarium-8670214.jpg,caementarium
gs://bugoff-bucket1/hinton/Insecta/GenusSpecies/Sceliphron/caementarium/Sceliphron-caementarium-8672839.jpg,caementarium
gs://bugoff-bucket1/hinton/Insecta/GenusSpecies/Sceliphron/caementarium/Sceliphron-caementarium-867761.jpg,caementarium
gs://bugoff-bucket1/hinton/Insecta/GenusSpecies/Sceliphron/caementarium/Sceliphron-caementarium-8685989.jpg,caementarium
gs://bugoff-bucket1/hinton/Insecta/GenusSpecies/Sceliphron/caementarium/Sceliphron-caementarium-8691041.jpg,caementarium
gs://bugoff-bucket1/hinton/Insecta/GenusSpecies/Sceliphron/caementarium/Sceliphron-caementarium-8714941.jpg,caementarium
gs://bugoff-bucket1/hinton/Insecta/GenusSpecies/Sceliphron/caementarium/Sceliphron-caementarium-8716336.jpg,caementarium
gs://bugoff-bucket1/hinton/Insecta/GenusSpecies/Sceliphron/caementarium/Sceliphron-caementarium-871691.jpg,caementarium
gs://bugoff-bucket1/hinton/Insecta/GenusSpecies/Sceliphron/caementarium/Sceliphron-caementarium-8726285.jpg,caementarium
gs://bugoff-bucket1/hinton/Insecta/GenusSpecies/Sceliphron/caementarium/Sceliphron-caementarium-8726589.jpg,caementarium
gs://bugoff-bucket1/hinton/Insecta/GenusSpecies/Sceliphron/caementarium/Sceliphron-caementarium-8732691.jpg,caementarium
gs://bugoff-bucket1/hinton/Insecta/GenusSpecies/Sceliphron/caementarium/Sceliphron-caementarium-8734014.jpg,caementarium
gs://bugoff-bucket1/hinton/Insecta/GenusSpecies/Sceliphron/caementarium/Sceliphron-caementarium-8739348.jpg,caementarium
gs://bugoff-bucket1/hinton/Insecta/GenusSpecies/Sceliphron/caementarium/Sceliphron-caementarium-8742615.jpg,caementarium
gs://bugoff-bucket1/hinton/Insecta/GenusSpecies/Sceliphron/caementarium/Sceliphron-caementarium-8745250.jpg,caementarium
gs://bugoff-bucket1/hinton/Insecta/GenusSpecies/Sceliphron/caementarium/Sceliphron-caementarium-8747490.jpg,caementarium
gs://bugoff-bucket1/hinton/Insecta/GenusSpecies/Sceliphron/caementarium/Sceliphron-caementarium-8755513.jpg,caementarium
gs://bugoff-bucket1/hinton/Insecta/GenusSpecies/Sceliphron/caementarium/Sceliphron-caementarium-8764754.jpg,caementarium
gs://bugoff-bucket1/hinton/Insecta/GenusSpecies/Sceliphron/caementarium/Sceliphron-caementarium-8772444.jpg,caementarium
gs://bugoff-bucket1/hinton/Insecta/GenusSpecies/Sceliphron/caementarium/Sceliphron-caementarium-8772854.jpg,caementarium
gs://bugoff-bucket1/hinton/Insecta/GenusSpecies/Sceliphron/caementarium/Sceliphron-caementarium-8773459.jpg,caementarium
gs://bugoff-bucket1/hinton/Insecta/GenusSpecies/Sceliphron/caementarium/Sceliphron-caementarium-8775605.jpg,caementarium
gs://bugoff-bucket1/hinton/Insecta/GenusSpecies/Sceliphron/caementarium/Sceliphron-caementarium-8789566.jpg,caementarium
gs://bugoff-bucket1/hinton/Insecta/GenusSpecies/Sceliphron/caementarium/Sceliphron-caementarium-8809102.jpg,caementarium
gs://bugoff-bucket1/hinton/Insecta/GenusSpecies/Sceliphron/caementarium/Sceliphron-caementarium-881250.jpg,caementarium
gs://bugoff-bucket1/hinton/Insecta/GenusSpecies/Sceliphron/caementarium/Sceliphron-caementarium-8828714.jpg,caementarium
gs://bugoff-bucket1/hinton/Insecta/GenusSpecies/Sceliphron/caementarium/Sceliphron-caementarium-8838610.jpg,caementarium
gs://bugoff-bucket1/hinton/Insecta/GenusSpecies/Sceliphron/caementarium/Sceliphron-caementarium-8838777.jpg,caementarium
gs://bugoff-bucket1/hinton/Insecta/GenusSpecies/Sceliphron/caementarium/Sceliphron-caementarium-8841060.jpg,caementarium
gs://bugoff-bucket1/hinton/Insecta/GenusSpecies/Sceliphron/caementarium/Sceliphron-caementarium-8843918.jpg,caementarium
gs://bugoff-bucket1/hinton/Insecta/GenusSpecies/Sceliphron/caementarium/Sceliphron-caementarium-8855095.jpg,caementarium
gs://bugoff-bucket1/hinton/Insecta/GenusSpecies/Sceliphron/caementarium/Sceliphron-caementarium-8863951.jpg,caementarium
gs://bugoff-bucket1/hinton/Insecta/GenusSpecies/Sceliphron/caementarium/Sceliphron-caementarium-8876803.jpg,caementarium
gs://bugoff-bucket1/hinton/Insecta/GenusSpecies/Sceliphron/caementarium/Sceliphron-caementarium-8905970.jpg,caementarium
gs://bugoff-bucket1/hinton/Insecta/GenusSpecies/Sceliphron/caementarium/Sceliphron-caementarium-8915188.jpg,caementarium
gs://bugoff-bucket1/hinton/Insecta/GenusSpecies/Sceliphron/caementarium/Sceliphron-caementarium-8922935.jpg,caementarium
gs://bugoff-bucket1/hinton/Insecta/GenusSpecies/Sceliphron/caementarium/Sceliphron-caementarium-8926708.jpg,caementarium
gs://bugoff-bucket1/hinton/Insecta/GenusSpecies/Sceliphron/caementarium/Sceliphron-caementarium-8932081.jpg,caementarium
gs://bugoff-bucket1/hinton/Insecta/GenusSpecies/Sceliphron/caementarium/Sceliphron-caementarium-8935332.jpg,caementarium
gs://bugoff-bucket1/hinton/Insecta/GenusSpecies/Sceliphron/caementarium/Sceliphron-caementarium-8935766.jpg,caementarium
gs://bugoff-bucket1/hinton/Insecta/GenusSpecies/Sceliphron/caementarium/Sceliphron-caementarium-8949328.jpg,caementarium
gs://bugoff-bucket1/hinton/Insecta/GenusSpecies/Sceliphron/caementarium/Sceliphron-caementarium-8957250.jpg,caementarium
gs://bugoff-bucket1/hinton/Insecta/GenusSpecies/Sceliphron/caementarium/Sceliphron-caementarium-8958414.jpg,caementarium
gs://bugoff-bucket1/hinton/Insecta/GenusSpecies/Sceliphron/caementarium/Sceliphron-caementarium-8980001.jpg,caementarium
gs://bugoff-bucket1/hinton/Insecta/GenusSpecies/Sceliphron/caementarium/Sceliphron-caementarium-8982598.jpg,caementarium
gs://bugoff-bucket1/hinton/Insecta/GenusSpecies/Sceliphron/caementarium/Sceliphron-caementarium-8983070.jpg,caementarium
gs://bugoff-bucket1/hinton/Insecta/GenusSpecies/Sceliphron/caementarium/Sceliphron-caementarium-8986184.jpg,caementarium
gs://bugoff-bucket1/hinton/Insecta/GenusSpecies/Sceliphron/caementarium/Sceliphron-caementarium-899083.jpg,caementarium
gs://bugoff-bucket1/hinton/Insecta/GenusSpecies/Sceliphron/caementarium/Sceliphron-caementarium-8994616.jpg,caementarium
gs://bugoff-bucket1/hinton/Insecta/GenusSpecies/Sceliphron/caementarium/Sceliphron-caementarium-9014171.jpg,caementarium
gs://bugoff-bucket1/hinton/Insecta/GenusSpecies/Sceliphron/caementarium/Sceliphron-caementarium-9020790.jpg,caementarium
gs://bugoff-bucket1/hinton/Insecta/GenusSpecies/Sceliphron/caementarium/Sceliphron-caementarium-9025410.jpg,caementarium
gs://bugoff-bucket1/hinton/Insecta/GenusSpecies/Sceliphron/caementarium/Sceliphron-caementarium-9028995.jpg,caementarium
gs://bugoff-bucket1/hinton/Insecta/GenusSpecies/Sceliphron/caementarium/Sceliphron-caementarium-9031614.jpg,caementarium
gs://bugoff-bucket1/hinton/Insecta/GenusSpecies/Sceliphron/caementarium/Sceliphron-caementarium-9032714.jpg,caementarium
gs://bugoff-bucket1/hinton/Insecta/GenusSpecies/Sceliphron/caementarium/Sceliphron-caementarium-9033519.jpg,caementarium
gs://bugoff-bucket1/hinton/Insecta/GenusSpecies/Sceliphron/caementarium/Sceliphron-caementarium-9044362.jpg,caementarium
gs://bugoff-bucket1/hinton/Insecta/GenusSpecies/Sceliphron/caementarium/Sceliphron-caementarium-9049444.jpg,caementarium
gs://bugoff-bucket1/hinton/Insecta/GenusSpecies/Sceliphron/caementarium/Sceliphron-caementarium-9057746.jpg,caementarium
gs://bugoff-bucket1/hinton/Insecta/GenusSpecies/Sceliphron/caementarium/Sceliphron-caementarium-9057790.jpg,caementarium
gs://bugoff-bucket1/hinton/Insecta/GenusSpecies/Sceliphron/caementarium/Sceliphron-caementarium-9057886.jpg,caementarium
gs://bugoff-bucket1/hinton/Insecta/GenusSpecies/Sceliphron/caementarium/Sceliphron-caementarium-9059224.jpg,caementarium
gs://bugoff-bucket1/hinton/Insecta/GenusSpecies/Sceliphron/caementarium/Sceliphron-caementarium-9061322.jpg,caementarium
gs://bugoff-bucket1/hinton/Insecta/GenusSpecies/Sceliphron/caementarium/Sceliphron-caementarium-9071334.jpg,caementarium
gs://bugoff-bucket1/hinton/Insecta/GenusSpecies/Sceliphron/caementarium/Sceliphron-caementarium-9072669.jpg,caementarium
gs://bugoff-bucket1/hinton/Insecta/GenusSpecies/Sceliphron/caementarium/Sceliphron-caementarium-9086583.jpg,caementarium
gs://bugoff-bucket1/hinton/Insecta/GenusSpecies/Sceliphron/caementarium/Sceliphron-caementarium-9095074.jpg,caementarium
gs://bugoff-bucket1/hinton/Insecta/GenusSpecies/Sceliphron/caementarium/Sceliphron-caementarium-9110155.jpg,caementarium
gs://bugoff-bucket1/hinton/Insecta/GenusSpecies/Sceliphron/caementarium/Sceliphron-caementarium-9118036.jpg,caementarium
gs://bugoff-bucket1/hinton/Insecta/GenusSpecies/Sceliphron/caementarium/Sceliphron-caementarium-9119958.jpg,caementarium
gs://bugoff-bucket1/hinton/Insecta/GenusSpecies/Sceliphron/caementarium/Sceliphron-caementarium-9140501.jpg,caementarium
gs://bugoff-bucket1/hinton/Insecta/GenusSpecies/Sceliphron/caementarium/Sceliphron-caementarium-9144967.jpg,caementarium
gs://bugoff-bucket1/hinton/Insecta/GenusSpecies/Sceliphron/caementarium/Sceliphron-caementarium-9158004.jpg,caementarium
gs://bugoff-bucket1/hinton/Insecta/GenusSpecies/Sceliphron/caementarium/Sceliphron-caementarium-9159182.jpg,caementarium
gs://bugoff-bucket1/hinton/Insecta/GenusSpecies/Sceliphron/caementarium/Sceliphron-caementarium-9181515.jpg,caementarium
gs://bugoff-bucket1/hinton/Insecta/GenusSpecies/Sceliphron/caementarium/Sceliphron-caementarium-9189068.jpg,caementarium
gs://bugoff-bucket1/hinton/Insecta/GenusSpecies/Sceliphron/caementarium/Sceliphron-caementarium-9207309.jpg,caementarium
gs://bugoff-bucket1/hinton/Insecta/GenusSpecies/Sceliphron/caementarium/Sceliphron-caementarium-9210004.jpg,caementarium
gs://bugoff-bucket1/hinton/Insecta/GenusSpecies/Sceliphron/caementarium/Sceliphron-caementarium-9219223.jpg,caementarium
gs://bugoff-bucket1/hinton/Insecta/GenusSpecies/Sceliphron/caementarium/Sceliphron-caementarium-9221463.jpg,caementarium
gs://bugoff-bucket1/hinton/Insecta/GenusSpecies/Sceliphron/caementarium/Sceliphron-caementarium-9223380.jpg,caementarium
gs://bugoff-bucket1/hinton/Insecta/GenusSpecies/Sceliphron/caementarium/Sceliphron-caementarium-9231037.jpg,caementarium
gs://bugoff-bucket1/hinton/Insecta/GenusSpecies/Sceliphron/caementarium/Sceliphron-caementarium-9233607.jpg,caementarium
gs://bugoff-bucket1/hinton/Insecta/GenusSpecies/Sceliphron/caementarium/Sceliphron-caementarium-9266017.jpg,caementarium
gs://bugoff-bucket1/hinton/Insecta/GenusSpecies/Sceliphron/caementarium/Sceliphron-caementarium-9277471.jpg,caementarium
gs://bugoff-bucket1/hinton/Insecta/GenusSpecies/Sceliphron/caementarium/Sceliphron-caementarium-9279903.jpg,caementarium
gs://bugoff-bucket1/hinton/Insecta/GenusSpecies/Sceliphron/caementarium/Sceliphron-caementarium-9280079.jpg,caementarium
gs://bugoff-bucket1/hinton/Insecta/GenusSpecies/Sceliphron/caementarium/Sceliphron-caementarium-9296768.jpg,caementarium
gs://bugoff-bucket1/hinton/Insecta/GenusSpecies/Sceliphron/caementarium/Sceliphron-caementarium-9308802.jpg,caementarium
gs://bugoff-bucket1/hinton/Insecta/GenusSpecies/Sceliphron/caementarium/Sceliphron-caementarium-9310574.jpg,caementarium
gs://bugoff-bucket1/hinton/Insecta/GenusSpecies/Sceliphron/caementarium/Sceliphron-caementarium-9313747.jpg,caementarium
gs://bugoff-bucket1/hinton/Insecta/GenusSpecies/Sceliphron/caementarium/Sceliphron-caementarium-9320084.jpg,caementarium
gs://bugoff-bucket1/hinton/Insecta/GenusSpecies/Sceliphron/caementarium/Sceliphron-caementarium-9324694.jpg,caementarium
gs://bugoff-bucket1/hinton/Insecta/GenusSpecies/Sceliphron/caementarium/Sceliphron-caementarium-9331903.jpg,caementarium
gs://bugoff-bucket1/hinton/Insecta/GenusSpecies/Sceliphron/caementarium/Sceliphron-caementarium-9344500.jpg,caementarium
gs://bugoff-bucket1/hinton/Insecta/GenusSpecies/Sceliphron/caementarium/Sceliphron-caementarium-9349739.jpg,caementarium
gs://bugoff-bucket1/hinton/Insecta/GenusSpecies/Sceliphron/caementarium/Sceliphron-caementarium-935060.jpg,caementarium
gs://bugoff-bucket1/hinton/Insecta/GenusSpecies/Sceliphron/caementarium/Sceliphron-caementarium-9352459.jpg,caementarium
gs://bugoff-bucket1/hinton/Insecta/GenusSpecies/Sceliphron/caementarium/Sceliphron-caementarium-9356564.jpg,caementarium
gs://bugoff-bucket1/hinton/Insecta/GenusSpecies/Sceliphron/caementarium/Sceliphron-caementarium-9359923.jpg,caementarium
gs://bugoff-bucket1/hinton/Insecta/GenusSpecies/Sceliphron/caementarium/Sceliphron-caementarium-9366098.jpg,caementarium
gs://bugoff-bucket1/hinton/Insecta/GenusSpecies/Sceliphron/caementarium/Sceliphron-caementarium-9367728.jpg,caementarium
gs://bugoff-bucket1/hinton/Insecta/GenusSpecies/Sceliphron/caementarium/Sceliphron-caementarium-9367958.jpg,caementarium
gs://bugoff-bucket1/hinton/Insecta/GenusSpecies/Sceliphron/caementarium/Sceliphron-caementarium-9382911.jpg,caementarium
gs://bugoff-bucket1/hinton/Insecta/GenusSpecies/Sceliphron/caementarium/Sceliphron-caementarium-9385981.jpg,caementarium
gs://bugoff-bucket1/hinton/Insecta/GenusSpecies/Sceliphron/caementarium/Sceliphron-caementarium-9388500.jpg,caementarium
gs://bugoff-bucket1/hinton/Insecta/GenusSpecies/Sceliphron/caementarium/Sceliphron-caementarium-9394024.jpg,caementarium
gs://bugoff-bucket1/hinton/Insecta/GenusSpecies/Sceliphron/caementarium/Sceliphron-caementarium-9395629.jpg,caementarium
gs://bugoff-bucket1/hinton/Insecta/GenusSpecies/Sceliphron/caementarium/Sceliphron-caementarium-9402200.jpg,caementarium
gs://bugoff-bucket1/hinton/Insecta/GenusSpecies/Sceliphron/caementarium/Sceliphron-caementarium-9405926.jpg,caementarium
gs://bugoff-bucket1/hinton/Insecta/GenusSpecies/Sceliphron/caementarium/Sceliphron-caementarium-9419517.jpg,caementarium
gs://bugoff-bucket1/hinton/Insecta/GenusSpecies/Sceliphron/caementarium/Sceliphron-caementarium-9431331.jpg,caementarium
gs://bugoff-bucket1/hinton/Insecta/GenusSpecies/Sceliphron/caementarium/Sceliphron-caementarium-9443750.jpg,caementarium
gs://bugoff-bucket1/hinton/Insecta/GenusSpecies/Sceliphron/caementarium/Sceliphron-caementarium-9451186.jpg,caementarium
gs://bugoff-bucket1/hinton/Insecta/GenusSpecies/Sceliphron/caementarium/Sceliphron-caementarium-9465294.jpg,caementarium
gs://bugoff-bucket1/hinton/Insecta/GenusSpecies/Sceliphron/caementarium/Sceliphron-caementarium-9483651.jpg,caementarium
gs://bugoff-bucket1/hinton/Insecta/GenusSpecies/Sceliphron/caementarium/Sceliphron-caementarium-9484454.jpg,caementarium
gs://bugoff-bucket1/hinton/Insecta/GenusSpecies/Sceliphron/caementarium/Sceliphron-caementarium-9485352.jpg,caementarium
gs://bugoff-bucket1/hinton/Insecta/GenusSpecies/Sceliphron/caementarium/Sceliphron-caementarium-9506899.jpg,caementarium
gs://bugoff-bucket1/hinton/Insecta/GenusSpecies/Sceliphron/caementarium/Sceliphron-caementarium-9507014.jpg,caementarium
gs://bugoff-bucket1/hinton/Insecta/GenusSpecies/Sceliphron/caementarium/Sceliphron-caementarium-951629.jpg,caementarium
gs://bugoff-bucket1/hinton/Insecta/GenusSpecies/Sceliphron/caementarium/Sceliphron-caementarium-9528698.jpg,caementarium
gs://bugoff-bucket1/hinton/Insecta/GenusSpecies/Sceliphron/caementarium/Sceliphron-caementarium-9539932.jpg,caementarium
gs://bugoff-bucket1/hinton/Insecta/GenusSpecies/Sceliphron/caementarium/Sceliphron-caementarium-954130.jpg,caementarium
gs://bugoff-bucket1/hinton/Insecta/GenusSpecies/Sceliphron/caementarium/Sceliphron-caementarium-9543605.jpg,caementarium
gs://bugoff-bucket1/hinton/Insecta/GenusSpecies/Sceliphron/caementarium/Sceliphron-caementarium-9543804.jpg,caementarium
gs://bugoff-bucket1/hinton/Insecta/GenusSpecies/Sceliphron/caementarium/Sceliphron-caementarium-9546517.jpg,caementarium
gs://bugoff-bucket1/hinton/Insecta/GenusSpecies/Sceliphron/caementarium/Sceliphron-caementarium-9546837.jpg,caementarium
gs://bugoff-bucket1/hinton/Insecta/GenusSpecies/Sceliphron/caementarium/Sceliphron-caementarium-9549735.jpg,caementarium
gs://bugoff-bucket1/hinton/Insecta/GenusSpecies/Sceliphron/caementarium/Sceliphron-caementarium-9561346.jpg,caementarium
gs://bugoff-bucket1/hinton/Insecta/GenusSpecies/Sceliphron/caementarium/Sceliphron-caementarium-9571383.jpg,caementarium
gs://bugoff-bucket1/hinton/Insecta/GenusSpecies/Sceliphron/caementarium/Sceliphron-caementarium-9578509.jpg,caementarium
gs://bugoff-bucket1/hinton/Insecta/GenusSpecies/Sceliphron/caementarium/Sceliphron-caementarium-9583485.jpg,caementarium
gs://bugoff-bucket1/hinton/Insecta/GenusSpecies/Sceliphron/caementarium/Sceliphron-caementarium-9585461.jpg,caementarium
gs://bugoff-bucket1/hinton/Insecta/GenusSpecies/Sceliphron/caementarium/Sceliphron-caementarium-9587781.jpg,caementarium
gs://bugoff-bucket1/hinton/Insecta/GenusSpecies/Sceliphron/caementarium/Sceliphron-caementarium-9592704.jpg,caementarium
gs://bugoff-bucket1/hinton/Insecta/GenusSpecies/Sceliphron/caementarium/Sceliphron-caementarium-9597758.jpg,caementarium
gs://bugoff-bucket1/hinton/Insecta/GenusSpecies/Sceliphron/caementarium/Sceliphron-caementarium-9598617.jpg,caementarium
gs://bugoff-bucket1/hinton/Insecta/GenusSpecies/Sceliphron/caementarium/Sceliphron-caementarium-9600600.jpg,caementarium
gs://bugoff-bucket1/hinton/Insecta/GenusSpecies/Sceliphron/caementarium/Sceliphron-caementarium-9600926.jpg,caementarium
gs://bugoff-bucket1/hinton/Insecta/GenusSpecies/Sceliphron/caementarium/Sceliphron-caementarium-9605124.jpg,caementarium
gs://bugoff-bucket1/hinton/Insecta/GenusSpecies/Sceliphron/caementarium/Sceliphron-caementarium-9609906.jpg,caementarium
gs://bugoff-bucket1/hinton/Insecta/GenusSpecies/Sceliphron/caementarium/Sceliphron-caementarium-9631763.jpg,caementarium
gs://bugoff-bucket1/hinton/Insecta/GenusSpecies/Sceliphron/caementarium/Sceliphron-caementarium-9641812.jpg,caementarium
gs://bugoff-bucket1/hinton/Insecta/GenusSpecies/Sceliphron/caementarium/Sceliphron-caementarium-9643519.jpg,caementarium
gs://bugoff-bucket1/hinton/Insecta/GenusSpecies/Sceliphron/caementarium/Sceliphron-caementarium-9651580.jpg,caementarium
gs://bugoff-bucket1/hinton/Insecta/GenusSpecies/Sceliphron/caementarium/Sceliphron-caementarium-9653040.jpg,caementarium
gs://bugoff-bucket1/hinton/Insecta/GenusSpecies/Sceliphron/caementarium/Sceliphron-caementarium-9653220.jpg,caementarium
gs://bugoff-bucket1/hinton/Insecta/GenusSpecies/Sceliphron/caementarium/Sceliphron-caementarium-9655223.jpg,caementarium
gs://bugoff-bucket1/hinton/Insecta/GenusSpecies/Sceliphron/caementarium/Sceliphron-caementarium-9663439.jpg,caementarium
gs://bugoff-bucket1/hinton/Insecta/GenusSpecies/Sceliphron/caementarium/Sceliphron-caementarium-9682318.jpg,caementarium
gs://bugoff-bucket1/hinton/Insecta/GenusSpecies/Sceliphron/caementarium/Sceliphron-caementarium-970944.jpg,caementarium
gs://bugoff-bucket1/hinton/Insecta/GenusSpecies/Sceliphron/caementarium/Sceliphron-caementarium-987277.jpg,caementarium
gs://bugoff-bucket1/hinton/Insecta/GenusSpecies/Sceliphron/caementarium/Sceliphron-caementarium-987743.jpg,caementarium
gs://bugoff-bucket1/hinton/Insecta/GenusSpecies/Sceliphron/caementarium/Sceliphron-caementarium-989225.jpg,caementarium
gs://bugoff-bucket1/hinton/Insecta/GenusSpecies/Sceliphron/caementarium/Sceliphron-caementarium-991872.jpg,caementarium
gs://bugoff-bucket1/hinton/Insecta/GenusSpecies/Sceliphron/curvatum/Sceliphron-curvatum-8013070.jpg,curvatum
gs://bugoff-bucket1/hinton/Insecta/GenusSpecies/Sceliphron/curvatum/Sceliphron-curvatum-8107652.jpg,curvatum
gs://bugoff-bucket1/hinton/Insecta/GenusSpecies/Sceliphron/curvatum/Sceliphron-curvatum-8128614.jpg,curvatum
gs://bugoff-bucket1/hinton/Insecta/GenusSpecies/Sceliphron/curvatum/Sceliphron-curvatum-8218077.jpg,curvatum
gs://bugoff-bucket1/hinton/Insecta/GenusSpecies/Sceliphron/curvatum/Sceliphron-curvatum-8305523.jpg,curvatum
gs://bugoff-bucket1/hinton/Insecta/GenusSpecies/Sceliphron/curvatum/Sceliphron-curvatum-8720896.jpg,curvatum
gs://bugoff-bucket1/hinton/Insecta/GenusSpecies/Sceliphron/curvatum/Sceliphron-curvatum-8881082.jpg,curvatum
gs://bugoff-bucket1/hinton/Insecta/GenusSpecies/Sceliphron/deforme/Sceliphron-deforme-8228277.jpg,deforme
gs://bugoff-bucket1/hinton/Insecta/GenusSpecies/Sceliphron/destillatorium/Sceliphron-destillatorium-8551825.jpg,destillatorium
gs://bugoff-bucket1/hinton/Insecta/GenusSpecies/Sceliphron/destillatorium/Sceliphron-destillatorium-8556254.jpg,destillatorium
gs://bugoff-bucket1/hinton/Insecta/GenusSpecies/Sceliphron/javanum/Sceliphron-javanum-9229546.jpg,javanum
gs://bugoff-bucket1/hinton/Insecta/GenusSpecies/Sceliphron/laetum/Sceliphron-laetum-862783.jpg,laetum
gs://bugoff-bucket1/hinton/Insecta/GenusSpecies/Sceliphron/laetum/Sceliphron-laetum-904609.jpg,laetum
gs://bugoff-bucket1/hinton/Insecta/GenusSpecies/Sceliphron/madraspatanum/Sceliphron-madraspatanum-8588311.jpg,madraspatanum
gs://bugoff-bucket1/hinton/Insecta/GenusSpecies/Sceliphron/madraspatanum/Sceliphron-madraspatanum-8824529.jpg,madraspatanum
gs://bugoff-bucket1/hinton/Insecta/GenusSpecies/Sceliphron/madraspatanum/Sceliphron-madraspatanum-9409126.jpg,madraspatanum
gs://bugoff-bucket1/hinton/Insecta/GenusSpecies/Sceliphron/spirifex/Sceliphron-spirifex-8362864.jpg,spirifex
gs://bugoff-bucket1/hinton/Insecta/GenusSpecies/Sceliphron/spirifex/Sceliphron-spirifex-8502088.jpg,spirifex
gs://bugoff-bucket1/hinton/Insecta/GenusSpecies/Sceliphron/spirifex/Sceliphron-spirifex-8745288.jpg,spirifex
gs://bugoff-bucket1/hinton/Insecta/GenusSpecies/Sceliphron/spirifex/Sceliphron-spirifex-9288117.jpg,spirifex
gs://bugoff-bucket1/hinton/Insecta/GenusSpecies/Sphex/argentatus/Sphex-argentatus-8322869.jpg,argentatus
gs://bugoff-bucket1/hinton/Insecta/GenusSpecies/Sphex/argentatus/Sphex-argentatus-9373750.jpg,argentatus
gs://bugoff-bucket1/hinton/Insecta/GenusSpecies/Sphex/argentatus/Sphex-argentatus-9373751.jpg,argentatus
gs://bugoff-bucket1/hinton/Insecta/GenusSpecies/Sphex/ashmeadi/Sphex-ashmeadi-8838553.jpg,ashmeadi
gs://bugoff-bucket1/hinton/Insecta/GenusSpecies/Sphex/diabolicus/Sphex-diabolicus-8141938.jpg,diabolicus
gs://bugoff-bucket1/hinton/Insecta/GenusSpecies/Sphex/diabolicus/Sphex-diabolicus-8318740.jpg,diabolicus
gs://bugoff-bucket1/hinton/Insecta/GenusSpecies/Sphex/dorsalis/Sphex-dorsalis-8637675.jpg,dorsalis
gs://bugoff-bucket1/hinton/Insecta/GenusSpecies/Sphex/dorsalis/Sphex-dorsalis-8796835.jpg,dorsalis
gs://bugoff-bucket1/hinton/Insecta/GenusSpecies/Sphex/funerarius/Sphex-funerarius-8472140.jpg,funerarius
gs://bugoff-bucket1/hinton/Insecta/GenusSpecies/Sphex/funerarius/Sphex-funerarius-8620760.jpg,funerarius
gs://bugoff-bucket1/hinton/Insecta/GenusSpecies/Sphex/habenus/Sphex-habenus-8952032.jpg,habenus
gs://bugoff-bucket1/hinton/Insecta/GenusSpecies/Sphex/habenus/Sphex-habenus-9451183.jpg,habenus
gs://bugoff-bucket1/hinton/Insecta/GenusSpecies/Sphex/ichneumoneus/Sphex-ichneumoneus-8125177.jpg,ichneumoneus
gs://bugoff-bucket1/hinton/Insecta/GenusSpecies/Sphex/ichneumoneus/Sphex-ichneumoneus-8200663.jpg,ichneumoneus
gs://bugoff-bucket1/hinton/Insecta/GenusSpecies/Sphex/ichneumoneus/Sphex-ichneumoneus-8307249.jpg,ichneumoneus
gs://bugoff-bucket1/hinton/Insecta/GenusSpecies/Sphex/ichneumoneus/Sphex-ichneumoneus-8308846.jpg,ichneumoneus
gs://bugoff-bucket1/hinton/Insecta/GenusSpecies/Sphex/ichneumoneus/Sphex-ichneumoneus-8394889.jpg,ichneumoneus
gs://bugoff-bucket1/hinton/Insecta/GenusSpecies/Sphex/ichneumoneus/Sphex-ichneumoneus-8433255.jpg,ichneumoneus
gs://bugoff-bucket1/hinton/Insecta/GenusSpecies/Sphex/ichneumoneus/Sphex-ichneumoneus-8502416.jpg,ichneumoneus
gs://bugoff-bucket1/hinton/Insecta/GenusSpecies/Sphex/ichneumoneus/Sphex-ichneumoneus-8513650.jpg,ichneumoneus
gs://bugoff-bucket1/hinton/Insecta/GenusSpecies/Sphex/ichneumoneus/Sphex-ichneumoneus-8532196.jpg,ichneumoneus
gs://bugoff-bucket1/hinton/Insecta/GenusSpecies/Sphex/ichneumoneus/Sphex-ichneumoneus-8548114.jpg,ichneumoneus
gs://bugoff-bucket1/hinton/Insecta/GenusSpecies/Sphex/ichneumoneus/Sphex-ichneumoneus-8555571.jpg,ichneumoneus
gs://bugoff-bucket1/hinton/Insecta/GenusSpecies/Sphex/ichneumoneus/Sphex-ichneumoneus-8576027.jpg,ichneumoneus
gs://bugoff-bucket1/hinton/Insecta/GenusSpecies/Sphex/ichneumoneus/Sphex-ichneumoneus-8599393.jpg,ichneumoneus
gs://bugoff-bucket1/hinton/Insecta/GenusSpecies/Sphex/ichneumoneus/Sphex-ichneumoneus-8680103.jpg,ichneumoneus
gs://bugoff-bucket1/hinton/Insecta/GenusSpecies/Sphex/ichneumoneus/Sphex-ichneumoneus-8683358.jpg,ichneumoneus
gs://bugoff-bucket1/hinton/Insecta/GenusSpecies/Sphex/ichneumoneus/Sphex-ichneumoneus-8685895.jpg,ichneumoneus
gs://bugoff-bucket1/hinton/Insecta/GenusSpecies/Sphex/ichneumoneus/Sphex-ichneumoneus-8689741.jpg,ichneumoneus
gs://bugoff-bucket1/hinton/Insecta/GenusSpecies/Sphex/ichneumoneus/Sphex-ichneumoneus-8690755.jpg,ichneumoneus
gs://bugoff-bucket1/hinton/Insecta/GenusSpecies/Sphex/ichneumoneus/Sphex-ichneumoneus-8718589.jpg,ichneumoneus
gs://bugoff-bucket1/hinton/Insecta/GenusSpecies/Sphex/ichneumoneus/Sphex-ichneumoneus-8765163.jpg,ichneumoneus
gs://bugoff-bucket1/hinton/Insecta/GenusSpecies/Sphex/ichneumoneus/Sphex-ichneumoneus-8790802.jpg,ichneumoneus
gs://bugoff-bucket1/hinton/Insecta/GenusSpecies/Sphex/ichneumoneus/Sphex-ichneumoneus-8823959.jpg,ichneumoneus
gs://bugoff-bucket1/hinton/Insecta/GenusSpecies/Sphex/ichneumoneus/Sphex-ichneumoneus-8893192.jpg,ichneumoneus
gs://bugoff-bucket1/hinton/Insecta/GenusSpecies/Sphex/ichneumoneus/Sphex-ichneumoneus-8922442.jpg,ichneumoneus
gs://bugoff-bucket1/hinton/Insecta/GenusSpecies/Sphex/ichneumoneus/Sphex-ichneumoneus-8924783.jpg,ichneumoneus
gs://bugoff-bucket1/hinton/Insecta/GenusSpecies/Sphex/ichneumoneus/Sphex-ichneumoneus-8926971.jpg,ichneumoneus
gs://bugoff-bucket1/hinton/Insecta/GenusSpecies/Sphex/ichneumoneus/Sphex-ichneumoneus-8934947.jpg,ichneumoneus
gs://bugoff-bucket1/hinton/Insecta/GenusSpecies/Sphex/ichneumoneus/Sphex-ichneumoneus-8938032.jpg,ichneumoneus
gs://bugoff-bucket1/hinton/Insecta/GenusSpecies/Sphex/ichneumoneus/Sphex-ichneumoneus-893835.jpg,ichneumoneus
gs://bugoff-bucket1/hinton/Insecta/GenusSpecies/Sphex/ichneumoneus/Sphex-ichneumoneus-8947505.jpg,ichneumoneus
gs://bugoff-bucket1/hinton/Insecta/GenusSpecies/Sphex/ichneumoneus/Sphex-ichneumoneus-8949803.jpg,ichneumoneus
gs://bugoff-bucket1/hinton/Insecta/GenusSpecies/Sphex/ichneumoneus/Sphex-ichneumoneus-8964642.jpg,ichneumoneus
gs://bugoff-bucket1/hinton/Insecta/GenusSpecies/Sphex/ichneumoneus/Sphex-ichneumoneus-8987712.jpg,ichneumoneus
gs://bugoff-bucket1/hinton/Insecta/GenusSpecies/Sphex/ichneumoneus/Sphex-ichneumoneus-8999659.jpg,ichneumoneus
gs://bugoff-bucket1/hinton/Insecta/GenusSpecies/Sphex/ichneumoneus/Sphex-ichneumoneus-8999882.jpg,ichneumoneus
gs://bugoff-bucket1/hinton/Insecta/GenusSpecies/Sphex/ichneumoneus/Sphex-ichneumoneus-8999995.jpg,ichneumoneus
gs://bugoff-bucket1/hinton/Insecta/GenusSpecies/Sphex/ichneumoneus/Sphex-ichneumoneus-9022707.jpg,ichneumoneus
gs://bugoff-bucket1/hinton/Insecta/GenusSpecies/Sphex/ichneumoneus/Sphex-ichneumoneus-9032995.jpg,ichneumoneus
gs://bugoff-bucket1/hinton/Insecta/GenusSpecies/Sphex/ichneumoneus/Sphex-ichneumoneus-9035685.jpg,ichneumoneus
gs://bugoff-bucket1/hinton/Insecta/GenusSpecies/Sphex/ichneumoneus/Sphex-ichneumoneus-9037910.jpg,ichneumoneus
gs://bugoff-bucket1/hinton/Insecta/GenusSpecies/Sphex/ichneumoneus/Sphex-ichneumoneus-9037938.jpg,ichneumoneus
gs://bugoff-bucket1/hinton/Insecta/GenusSpecies/Sphex/ichneumoneus/Sphex-ichneumoneus-9039117.jpg,ichneumoneus
gs://bugoff-bucket1/hinton/Insecta/GenusSpecies/Sphex/ichneumoneus/Sphex-ichneumoneus-9046354.jpg,ichneumoneus
gs://bugoff-bucket1/hinton/Insecta/GenusSpecies/Sphex/ichneumoneus/Sphex-ichneumoneus-9057069.jpg,ichneumoneus
gs://bugoff-bucket1/hinton/Insecta/GenusSpecies/Sphex/ichneumoneus/Sphex-ichneumoneus-9074726.jpg,ichneumoneus
gs://bugoff-bucket1/hinton/Insecta/GenusSpecies/Sphex/ichneumoneus/Sphex-ichneumoneus-9077562.jpg,ichneumoneus
gs://bugoff-bucket1/hinton/Insecta/GenusSpecies/Sphex/ichneumoneus/Sphex-ichneumoneus-9095408.jpg,ichneumoneus
gs://bugoff-bucket1/hinton/Insecta/GenusSpecies/Sphex/ichneumoneus/Sphex-ichneumoneus-9095900.jpg,ichneumoneus
gs://bugoff-bucket1/hinton/Insecta/GenusSpecies/Sphex/ichneumoneus/Sphex-ichneumoneus-9104840.jpg,ichneumoneus
gs://bugoff-bucket1/hinton/Insecta/GenusSpecies/Sphex/ichneumoneus/Sphex-ichneumoneus-9108026.jpg,ichneumoneus
gs://bugoff-bucket1/hinton/Insecta/GenusSpecies/Sphex/ichneumoneus/Sphex-ichneumoneus-9108901.jpg,ichneumoneus
gs://bugoff-bucket1/hinton/Insecta/GenusSpecies/Sphex/ichneumoneus/Sphex-ichneumoneus-9110364.jpg,ichneumoneus
gs://bugoff-bucket1/hinton/Insecta/GenusSpecies/Sphex/ichneumoneus/Sphex-ichneumoneus-9135272.jpg,ichneumoneus
gs://bugoff-bucket1/hinton/Insecta/GenusSpecies/Sphex/ichneumoneus/Sphex-ichneumoneus-9136393.jpg,ichneumoneus
gs://bugoff-bucket1/hinton/Insecta/GenusSpecies/Sphex/ichneumoneus/Sphex-ichneumoneus-9156552.jpg,ichneumoneus
gs://bugoff-bucket1/hinton/Insecta/GenusSpecies/Sphex/ichneumoneus/Sphex-ichneumoneus-9161099.jpg,ichneumoneus
gs://bugoff-bucket1/hinton/Insecta/GenusSpecies/Sphex/ichneumoneus/Sphex-ichneumoneus-9163013.jpg,ichneumoneus
gs://bugoff-bucket1/hinton/Insecta/GenusSpecies/Sphex/ichneumoneus/Sphex-ichneumoneus-9166303.jpg,ichneumoneus
gs://bugoff-bucket1/hinton/Insecta/GenusSpecies/Sphex/ichneumoneus/Sphex-ichneumoneus-9168086.jpg,ichneumoneus
gs://bugoff-bucket1/hinton/Insecta/GenusSpecies/Sphex/ichneumoneus/Sphex-ichneumoneus-9170469.jpg,ichneumoneus
gs://bugoff-bucket1/hinton/Insecta/GenusSpecies/Sphex/ichneumoneus/Sphex-ichneumoneus-9179625.jpg,ichneumoneus
gs://bugoff-bucket1/hinton/Insecta/GenusSpecies/Sphex/ichneumoneus/Sphex-ichneumoneus-9182983.jpg,ichneumoneus
gs://bugoff-bucket1/hinton/Insecta/GenusSpecies/Sphex/ichneumoneus/Sphex-ichneumoneus-91867.jpg,ichneumoneus
gs://bugoff-bucket1/hinton/Insecta/GenusSpecies/Sphex/ichneumoneus/Sphex-ichneumoneus-9201051.jpg,ichneumoneus
gs://bugoff-bucket1/hinton/Insecta/GenusSpecies/Sphex/ichneumoneus/Sphex-ichneumoneus-9209219.jpg,ichneumoneus
gs://bugoff-bucket1/hinton/Insecta/GenusSpecies/Sphex/ichneumoneus/Sphex-ichneumoneus-9218663.jpg,ichneumoneus
gs://bugoff-bucket1/hinton/Insecta/GenusSpecies/Sphex/ichneumoneus/Sphex-ichneumoneus-9232158.jpg,ichneumoneus
gs://bugoff-bucket1/hinton/Insecta/GenusSpecies/Sphex/ichneumoneus/Sphex-ichneumoneus-9246598.jpg,ichneumoneus
gs://bugoff-bucket1/hinton/Insecta/GenusSpecies/Sphex/ichneumoneus/Sphex-ichneumoneus-9249324.jpg,ichneumoneus
gs://bugoff-bucket1/hinton/Insecta/GenusSpecies/Sphex/ichneumoneus/Sphex-ichneumoneus-9252898.jpg,ichneumoneus
gs://bugoff-bucket1/hinton/Insecta/GenusSpecies/Sphex/ichneumoneus/Sphex-ichneumoneus-9260110.jpg,ichneumoneus
gs://bugoff-bucket1/hinton/Insecta/GenusSpecies/Sphex/ichneumoneus/Sphex-ichneumoneus-9267197.jpg,ichneumoneus
gs://bugoff-bucket1/hinton/Insecta/GenusSpecies/Sphex/ichneumoneus/Sphex-ichneumoneus-9282734.jpg,ichneumoneus
gs://bugoff-bucket1/hinton/Insecta/GenusSpecies/Sphex/ichneumoneus/Sphex-ichneumoneus-9282777.jpg,ichneumoneus
gs://bugoff-bucket1/hinton/Insecta/GenusSpecies/Sphex/ichneumoneus/Sphex-ichneumoneus-9293483.jpg,ichneumoneus
gs://bugoff-bucket1/hinton/Insecta/GenusSpecies/Sphex/ichneumoneus/Sphex-ichneumoneus-9293592.jpg,ichneumoneus
gs://bugoff-bucket1/hinton/Insecta/GenusSpecies/Sphex/ichneumoneus/Sphex-ichneumoneus-9295969.jpg,ichneumoneus
gs://bugoff-bucket1/hinton/Insecta/GenusSpecies/Sphex/ichneumoneus/Sphex-ichneumoneus-9307530.jpg,ichneumoneus
gs://bugoff-bucket1/hinton/Insecta/GenusSpecies/Sphex/ichneumoneus/Sphex-ichneumoneus-9324536.jpg,ichneumoneus
gs://bugoff-bucket1/hinton/Insecta/GenusSpecies/Sphex/ichneumoneus/Sphex-ichneumoneus-9325476.jpg,ichneumoneus
gs://bugoff-bucket1/hinton/Insecta/GenusSpecies/Sphex/ichneumoneus/Sphex-ichneumoneus-9325532.jpg,ichneumoneus
gs://bugoff-bucket1/hinton/Insecta/GenusSpecies/Sphex/ichneumoneus/Sphex-ichneumoneus-9349935.jpg,ichneumoneus
gs://bugoff-bucket1/hinton/Insecta/GenusSpecies/Sphex/ichneumoneus/Sphex-ichneumoneus-9364474.jpg,ichneumoneus
gs://bugoff-bucket1/hinton/Insecta/GenusSpecies/Sphex/ichneumoneus/Sphex-ichneumoneus-9367573.jpg,ichneumoneus
gs://bugoff-bucket1/hinton/Insecta/GenusSpecies/Sphex/ichneumoneus/Sphex-ichneumoneus-9390545.jpg,ichneumoneus
gs://bugoff-bucket1/hinton/Insecta/GenusSpecies/Sphex/ichneumoneus/Sphex-ichneumoneus-9392555.jpg,ichneumoneus
gs://bugoff-bucket1/hinton/Insecta/GenusSpecies/Sphex/ichneumoneus/Sphex-ichneumoneus-940086.jpg,ichneumoneus
gs://bugoff-bucket1/hinton/Insecta/GenusSpecies/Sphex/ichneumoneus/Sphex-ichneumoneus-9405879.jpg,ichneumoneus
gs://bugoff-bucket1/hinton/Insecta/GenusSpecies/Sphex/ichneumoneus/Sphex-ichneumoneus-9416073.jpg,ichneumoneus
gs://bugoff-bucket1/hinton/Insecta/GenusSpecies/Sphex/ichneumoneus/Sphex-ichneumoneus-9420926.jpg,ichneumoneus
gs://bugoff-bucket1/hinton/Insecta/GenusSpecies/Sphex/ichneumoneus/Sphex-ichneumoneus-9421702.jpg,ichneumoneus
gs://bugoff-bucket1/hinton/Insecta/GenusSpecies/Sphex/ichneumoneus/Sphex-ichneumoneus-9437358.jpg,ichneumoneus
gs://bugoff-bucket1/hinton/Insecta/GenusSpecies/Sphex/ichneumoneus/Sphex-ichneumoneus-9438266.jpg,ichneumoneus
gs://bugoff-bucket1/hinton/Insecta/GenusSpecies/Sphex/ichneumoneus/Sphex-ichneumoneus-9451157.jpg,ichneumoneus
gs://bugoff-bucket1/hinton/Insecta/GenusSpecies/Sphex/ichneumoneus/Sphex-ichneumoneus-9455485.jpg,ichneumoneus
gs://bugoff-bucket1/hinton/Insecta/GenusSpecies/Sphex/ichneumoneus/Sphex-ichneumoneus-9473535.jpg,ichneumoneus
gs://bugoff-bucket1/hinton/Insecta/GenusSpecies/Sphex/ichneumoneus/Sphex-ichneumoneus-9503879.jpg,ichneumoneus
gs://bugoff-bucket1/hinton/Insecta/GenusSpecies/Sphex/ichneumoneus/Sphex-ichneumoneus-9507081.jpg,ichneumoneus
gs://bugoff-bucket1/hinton/Insecta/GenusSpecies/Sphex/ichneumoneus/Sphex-ichneumoneus-9514261.jpg,ichneumoneus
gs://bugoff-bucket1/hinton/Insecta/GenusSpecies/Sphex/ichneumoneus/Sphex-ichneumoneus-9515567.jpg,ichneumoneus
gs://bugoff-bucket1/hinton/Insecta/GenusSpecies/Sphex/ichneumoneus/Sphex-ichneumoneus-9516148.jpg,ichneumoneus
gs://bugoff-bucket1/hinton/Insecta/GenusSpecies/Sphex/ichneumoneus/Sphex-ichneumoneus-9521729.jpg,ichneumoneus
gs://bugoff-bucket1/hinton/Insecta/GenusSpecies/Sphex/ichneumoneus/Sphex-ichneumoneus-9529942.jpg,ichneumoneus
gs://bugoff-bucket1/hinton/Insecta/GenusSpecies/Sphex/ichneumoneus/Sphex-ichneumoneus-9548971.jpg,ichneumoneus
gs://bugoff-bucket1/hinton/Insecta/GenusSpecies/Sphex/ichneumoneus/Sphex-ichneumoneus-9554862.jpg,ichneumoneus
gs://bugoff-bucket1/hinton/Insecta/GenusSpecies/Sphex/ichneumoneus/Sphex-ichneumoneus-9558986.jpg,ichneumoneus
gs://bugoff-bucket1/hinton/Insecta/GenusSpecies/Sphex/ichneumoneus/Sphex-ichneumoneus-9559066.jpg,ichneumoneus
gs://bugoff-bucket1/hinton/Insecta/GenusSpecies/Sphex/ichneumoneus/Sphex-ichneumoneus-9565045.jpg,ichneumoneus
gs://bugoff-bucket1/hinton/Insecta/GenusSpecies/Sphex/ichneumoneus/Sphex-ichneumoneus-9581100.jpg,ichneumoneus
gs://bugoff-bucket1/hinton/Insecta/GenusSpecies/Sphex/ichneumoneus/Sphex-ichneumoneus-9585318.jpg,ichneumoneus
gs://bugoff-bucket1/hinton/Insecta/GenusSpecies/Sphex/ichneumoneus/Sphex-ichneumoneus-9587064.jpg,ichneumoneus
gs://bugoff-bucket1/hinton/Insecta/GenusSpecies/Sphex/ichneumoneus/Sphex-ichneumoneus-9605592.jpg,ichneumoneus
gs://bugoff-bucket1/hinton/Insecta/GenusSpecies/Sphex/ichneumoneus/Sphex-ichneumoneus-9606154.jpg,ichneumoneus
gs://bugoff-bucket1/hinton/Insecta/GenusSpecies/Sphex/ichneumoneus/Sphex-ichneumoneus-9608364.jpg,ichneumoneus
gs://bugoff-bucket1/hinton/Insecta/GenusSpecies/Sphex/ichneumoneus/Sphex-ichneumoneus-9609779.jpg,ichneumoneus
gs://bugoff-bucket1/hinton/Insecta/GenusSpecies/Sphex/ichneumoneus/Sphex-ichneumoneus-962827.jpg,ichneumoneus
gs://bugoff-bucket1/hinton/Insecta/GenusSpecies/Sphex/ichneumoneus/Sphex-ichneumoneus-9632847.jpg,ichneumoneus
gs://bugoff-bucket1/hinton/Insecta/GenusSpecies/Sphex/ichneumoneus/Sphex-ichneumoneus-9640806.jpg,ichneumoneus
gs://bugoff-bucket1/hinton/Insecta/GenusSpecies/Sphex/ichneumoneus/Sphex-ichneumoneus-9646532.jpg,ichneumoneus
gs://bugoff-bucket1/hinton/Insecta/GenusSpecies/Sphex/ichneumoneus/Sphex-ichneumoneus-9657392.jpg,ichneumoneus
gs://bugoff-bucket1/hinton/Insecta/GenusSpecies/Sphex/ichneumoneus/Sphex-ichneumoneus-978973.jpg,ichneumoneus
gs://bugoff-bucket1/hinton/Insecta/GenusSpecies/Sphex/ichneumoneus/Sphex-ichneumoneus-996469.jpg,ichneumoneus
gs://bugoff-bucket1/hinton/Insecta/GenusSpecies/Sphex/ichneumoneus/Sphex-ichneumoneus-997324.jpg,ichneumoneus
gs://bugoff-bucket1/hinton/Insecta/GenusSpecies/Sphex/ichneumoneus/Sphex-ichneumoneus-997419.jpg,ichneumoneus
gs://bugoff-bucket1/hinton/Insecta/GenusSpecies/Sphex/jamaicensis/Sphex-jamaicensis-8039732.jpg,jamaicensis
gs://bugoff-bucket1/hinton/Insecta/GenusSpecies/Sphex/lucae/Sphex-lucae-8068431.jpg,lucae
gs://bugoff-bucket1/hinton/Insecta/GenusSpecies/Sphex/lucae/Sphex-lucae-8406650.jpg,lucae
gs://bugoff-bucket1/hinton/Insecta/GenusSpecies/Sphex/lucae/Sphex-lucae-8429329.jpg,lucae
gs://bugoff-bucket1/hinton/Insecta/GenusSpecies/Sphex/lucae/Sphex-lucae-8522415.jpg,lucae
gs://bugoff-bucket1/hinton/Insecta/GenusSpecies/Sphex/lucae/Sphex-lucae-8578309.jpg,lucae
gs://bugoff-bucket1/hinton/Insecta/GenusSpecies/Sphex/lucae/Sphex-lucae-8621652.jpg,lucae
gs://bugoff-bucket1/hinton/Insecta/GenusSpecies/Sphex/lucae/Sphex-lucae-8739412.jpg,lucae
gs://bugoff-bucket1/hinton/Insecta/GenusSpecies/Sphex/lucae/Sphex-lucae-8784235.jpg,lucae
gs://bugoff-bucket1/hinton/Insecta/GenusSpecies/Sphex/lucae/Sphex-lucae-8868672.jpg,lucae
gs://bugoff-bucket1/hinton/Insecta/GenusSpecies/Sphex/lucae/Sphex-lucae-8975966.jpg,lucae
gs://bugoff-bucket1/hinton/Insecta/GenusSpecies/Sphex/lucae/Sphex-lucae-8984515.jpg,lucae
gs://bugoff-bucket1/hinton/Insecta/GenusSpecies/Sphex/lucae/Sphex-lucae-925015.jpg,lucae
gs://bugoff-bucket1/hinton/Insecta/GenusSpecies/Sphex/lucae/Sphex-lucae-9371783.jpg,lucae
gs://bugoff-bucket1/hinton/Insecta/GenusSpecies/Sphex/lucae/Sphex-lucae-9516128.jpg,lucae
gs://bugoff-bucket1/hinton/Insecta/GenusSpecies/Sphex/nudus/Sphex-nudus-8255220.jpg,nudus
gs://bugoff-bucket1/hinton/Insecta/GenusSpecies/Sphex/nudus/Sphex-nudus-8496398.jpg,nudus
gs://bugoff-bucket1/hinton/Insecta/GenusSpecies/Sphex/nudus/Sphex-nudus-9394121.jpg,nudus
gs://bugoff-bucket1/hinton/Insecta/GenusSpecies/Sphex/nudus/Sphex-nudus-9411781.jpg,nudus
gs://bugoff-bucket1/hinton/Insecta/GenusSpecies/Sphex/nudus/Sphex-nudus-970231.jpg,nudus
gs://bugoff-bucket1/hinton/Insecta/GenusSpecies/Sphex/pensylvanicus/Sphex-pensylvanicus-8073212.jpg,pensylvanicus
gs://bugoff-bucket1/hinton/Insecta/GenusSpecies/Sphex/pensylvanicus/Sphex-pensylvanicus-8151721.jpg,pensylvanicus
gs://bugoff-bucket1/hinton/Insecta/GenusSpecies/Sphex/pensylvanicus/Sphex-pensylvanicus-8153645.jpg,pensylvanicus
gs://bugoff-bucket1/hinton/Insecta/GenusSpecies/Sphex/pensylvanicus/Sphex-pensylvanicus-8162275.jpg,pensylvanicus
gs://bugoff-bucket1/hinton/Insecta/GenusSpecies/Sphex/pensylvanicus/Sphex-pensylvanicus-8166537.jpg,pensylvanicus
gs://bugoff-bucket1/hinton/Insecta/GenusSpecies/Sphex/pensylvanicus/Sphex-pensylvanicus-8182915.jpg,pensylvanicus
gs://bugoff-bucket1/hinton/Insecta/GenusSpecies/Sphex/pensylvanicus/Sphex-pensylvanicus-8195072.jpg,pensylvanicus
gs://bugoff-bucket1/hinton/Insecta/GenusSpecies/Sphex/pensylvanicus/Sphex-pensylvanicus-8275338.jpg,pensylvanicus
gs://bugoff-bucket1/hinton/Insecta/GenusSpecies/Sphex/pensylvanicus/Sphex-pensylvanicus-8296214.jpg,pensylvanicus
gs://bugoff-bucket1/hinton/Insecta/GenusSpecies/Sphex/pensylvanicus/Sphex-pensylvanicus-8308104.jpg,pensylvanicus
gs://bugoff-bucket1/hinton/Insecta/GenusSpecies/Sphex/pensylvanicus/Sphex-pensylvanicus-8308285.jpg,pensylvanicus
gs://bugoff-bucket1/hinton/Insecta/GenusSpecies/Sphex/pensylvanicus/Sphex-pensylvanicus-8382919.jpg,pensylvanicus
gs://bugoff-bucket1/hinton/Insecta/GenusSpecies/Sphex/pensylvanicus/Sphex-pensylvanicus-8397358.jpg,pensylvanicus
gs://bugoff-bucket1/hinton/Insecta/GenusSpecies/Sphex/pensylvanicus/Sphex-pensylvanicus-8398684.jpg,pensylvanicus
gs://bugoff-bucket1/hinton/Insecta/GenusSpecies/Sphex/pensylvanicus/Sphex-pensylvanicus-8417951.jpg,pensylvanicus
gs://bugoff-bucket1/hinton/Insecta/GenusSpecies/Sphex/pensylvanicus/Sphex-pensylvanicus-8468736.jpg,pensylvanicus
gs://bugoff-bucket1/hinton/Insecta/GenusSpecies/Sphex/pensylvanicus/Sphex-pensylvanicus-8471061.jpg,pensylvanicus
gs://bugoff-bucket1/hinton/Insecta/GenusSpecies/Sphex/pensylvanicus/Sphex-pensylvanicus-8471481.jpg,pensylvanicus
gs://bugoff-bucket1/hinton/Insecta/GenusSpecies/Sphex/pensylvanicus/Sphex-pensylvanicus-8609372.jpg,pensylvanicus
gs://bugoff-bucket1/hinton/Insecta/GenusSpecies/Sphex/pensylvanicus/Sphex-pensylvanicus-8668154.jpg,pensylvanicus
gs://bugoff-bucket1/hinton/Insecta/GenusSpecies/Sphex/pensylvanicus/Sphex-pensylvanicus-8679304.jpg,pensylvanicus
gs://bugoff-bucket1/hinton/Insecta/GenusSpecies/Sphex/pensylvanicus/Sphex-pensylvanicus-8691894.jpg,pensylvanicus
gs://bugoff-bucket1/hinton/Insecta/GenusSpecies/Sphex/pensylvanicus/Sphex-pensylvanicus-8751252.jpg,pensylvanicus
gs://bugoff-bucket1/hinton/Insecta/GenusSpecies/Sphex/pensylvanicus/Sphex-pensylvanicus-8782186.jpg,pensylvanicus
gs://bugoff-bucket1/hinton/Insecta/GenusSpecies/Sphex/pensylvanicus/Sphex-pensylvanicus-8786473.jpg,pensylvanicus
gs://bugoff-bucket1/hinton/Insecta/GenusSpecies/Sphex/pensylvanicus/Sphex-pensylvanicus-8825139.jpg,pensylvanicus
gs://bugoff-bucket1/hinton/Insecta/GenusSpecies/Sphex/pensylvanicus/Sphex-pensylvanicus-8834375.jpg,pensylvanicus
gs://bugoff-bucket1/hinton/Insecta/GenusSpecies/Sphex/pensylvanicus/Sphex-pensylvanicus-8845811.jpg,pensylvanicus
gs://bugoff-bucket1/hinton/Insecta/GenusSpecies/Sphex/pensylvanicus/Sphex-pensylvanicus-8874169.jpg,pensylvanicus
gs://bugoff-bucket1/hinton/Insecta/GenusSpecies/Sphex/pensylvanicus/Sphex-pensylvanicus-8881456.jpg,pensylvanicus
gs://bugoff-bucket1/hinton/Insecta/GenusSpecies/Sphex/pensylvanicus/Sphex-pensylvanicus-8883537.jpg,pensylvanicus
gs://bugoff-bucket1/hinton/Insecta/GenusSpecies/Sphex/pensylvanicus/Sphex-pensylvanicus-8933355.jpg,pensylvanicus
gs://bugoff-bucket1/hinton/Insecta/GenusSpecies/Sphex/pensylvanicus/Sphex-pensylvanicus-8947533.jpg,pensylvanicus
gs://bugoff-bucket1/hinton/Insecta/GenusSpecies/Sphex/pensylvanicus/Sphex-pensylvanicus-8951869.jpg,pensylvanicus
gs://bugoff-bucket1/hinton/Insecta/GenusSpecies/Sphex/pensylvanicus/Sphex-pensylvanicus-9008076.jpg,pensylvanicus
gs://bugoff-bucket1/hinton/Insecta/GenusSpecies/Sphex/pensylvanicus/Sphex-pensylvanicus-9011594.jpg,pensylvanicus
gs://bugoff-bucket1/hinton/Insecta/GenusSpecies/Sphex/pensylvanicus/Sphex-pensylvanicus-9050657.jpg,pensylvanicus
gs://bugoff-bucket1/hinton/Insecta/GenusSpecies/Sphex/pensylvanicus/Sphex-pensylvanicus-9065693.jpg,pensylvanicus
gs://bugoff-bucket1/hinton/Insecta/GenusSpecies/Sphex/pensylvanicus/Sphex-pensylvanicus-9072439.jpg,pensylvanicus
gs://bugoff-bucket1/hinton/Insecta/GenusSpecies/Sphex/pensylvanicus/Sphex-pensylvanicus-9091657.jpg,pensylvanicus
gs://bugoff-bucket1/hinton/Insecta/GenusSpecies/Sphex/pensylvanicus/Sphex-pensylvanicus-9096113.jpg,pensylvanicus
gs://bugoff-bucket1/hinton/Insecta/GenusSpecies/Sphex/pensylvanicus/Sphex-pensylvanicus-9107794.jpg,pensylvanicus
gs://bugoff-bucket1/hinton/Insecta/GenusSpecies/Sphex/pensylvanicus/Sphex-pensylvanicus-9130935.jpg,pensylvanicus
gs://bugoff-bucket1/hinton/Insecta/GenusSpecies/Sphex/pensylvanicus/Sphex-pensylvanicus-9169297.jpg,pensylvanicus
gs://bugoff-bucket1/hinton/Insecta/GenusSpecies/Sphex/pensylvanicus/Sphex-pensylvanicus-9175038.jpg,pensylvanicus
gs://bugoff-bucket1/hinton/Insecta/GenusSpecies/Sphex/pensylvanicus/Sphex-pensylvanicus-9198171.jpg,pensylvanicus
gs://bugoff-bucket1/hinton/Insecta/GenusSpecies/Sphex/pensylvanicus/Sphex-pensylvanicus-9201222.jpg,pensylvanicus
gs://bugoff-bucket1/hinton/Insecta/GenusSpecies/Sphex/pensylvanicus/Sphex-pensylvanicus-9230528.jpg,pensylvanicus
gs://bugoff-bucket1/hinton/Insecta/GenusSpecies/Sphex/pensylvanicus/Sphex-pensylvanicus-9231202.jpg,pensylvanicus
gs://bugoff-bucket1/hinton/Insecta/GenusSpecies/Sphex/pensylvanicus/Sphex-pensylvanicus-9250880.jpg,pensylvanicus
gs://bugoff-bucket1/hinton/Insecta/GenusSpecies/Sphex/pensylvanicus/Sphex-pensylvanicus-9253105.jpg,pensylvanicus
gs://bugoff-bucket1/hinton/Insecta/GenusSpecies/Sphex/pensylvanicus/Sphex-pensylvanicus-9253725.jpg,pensylvanicus
gs://bugoff-bucket1/hinton/Insecta/GenusSpecies/Sphex/pensylvanicus/Sphex-pensylvanicus-9260721.jpg,pensylvanicus
gs://bugoff-bucket1/hinton/Insecta/GenusSpecies/Sphex/pensylvanicus/Sphex-pensylvanicus-9273809.jpg,pensylvanicus
gs://bugoff-bucket1/hinton/Insecta/GenusSpecies/Sphex/pensylvanicus/Sphex-pensylvanicus-9274210.jpg,pensylvanicus
gs://bugoff-bucket1/hinton/Insecta/GenusSpecies/Sphex/pensylvanicus/Sphex-pensylvanicus-9295683.jpg,pensylvanicus
gs://bugoff-bucket1/hinton/Insecta/GenusSpecies/Sphex/pensylvanicus/Sphex-pensylvanicus-9305732.jpg,pensylvanicus
gs://bugoff-bucket1/hinton/Insecta/GenusSpecies/Sphex/pensylvanicus/Sphex-pensylvanicus-9311699.jpg,pensylvanicus
gs://bugoff-bucket1/hinton/Insecta/GenusSpecies/Sphex/pensylvanicus/Sphex-pensylvanicus-9320532.jpg,pensylvanicus
gs://bugoff-bucket1/hinton/Insecta/GenusSpecies/Sphex/pensylvanicus/Sphex-pensylvanicus-9327095.jpg,pensylvanicus
gs://bugoff-bucket1/hinton/Insecta/GenusSpecies/Sphex/pensylvanicus/Sphex-pensylvanicus-9330420.jpg,pensylvanicus
gs://bugoff-bucket1/hinton/Insecta/GenusSpecies/Sphex/pensylvanicus/Sphex-pensylvanicus-9345629.jpg,pensylvanicus
gs://bugoff-bucket1/hinton/Insecta/GenusSpecies/Sphex/pensylvanicus/Sphex-pensylvanicus-9370733.jpg,pensylvanicus
gs://bugoff-bucket1/hinton/Insecta/GenusSpecies/Sphex/pensylvanicus/Sphex-pensylvanicus-9381273.jpg,pensylvanicus
gs://bugoff-bucket1/hinton/Insecta/GenusSpecies/Sphex/pensylvanicus/Sphex-pensylvanicus-9385461.jpg,pensylvanicus
gs://bugoff-bucket1/hinton/Insecta/GenusSpecies/Sphex/pensylvanicus/Sphex-pensylvanicus-9389727.jpg,pensylvanicus
gs://bugoff-bucket1/hinton/Insecta/GenusSpecies/Sphex/pensylvanicus/Sphex-pensylvanicus-9391682.jpg,pensylvanicus
gs://bugoff-bucket1/hinton/Insecta/GenusSpecies/Sphex/pensylvanicus/Sphex-pensylvanicus-9391860.jpg,pensylvanicus
gs://bugoff-bucket1/hinton/Insecta/GenusSpecies/Sphex/pensylvanicus/Sphex-pensylvanicus-9409768.jpg,pensylvanicus
gs://bugoff-bucket1/hinton/Insecta/GenusSpecies/Sphex/pensylvanicus/Sphex-pensylvanicus-9433525.jpg,pensylvanicus
gs://bugoff-bucket1/hinton/Insecta/GenusSpecies/Sphex/pensylvanicus/Sphex-pensylvanicus-9441514.jpg,pensylvanicus
gs://bugoff-bucket1/hinton/Insecta/GenusSpecies/Sphex/pensylvanicus/Sphex-pensylvanicus-9441942.jpg,pensylvanicus
gs://bugoff-bucket1/hinton/Insecta/GenusSpecies/Sphex/pensylvanicus/Sphex-pensylvanicus-9444764.jpg,pensylvanicus
gs://bugoff-bucket1/hinton/Insecta/GenusSpecies/Sphex/pensylvanicus/Sphex-pensylvanicus-9444804.jpg,pensylvanicus
gs://bugoff-bucket1/hinton/Insecta/GenusSpecies/Sphex/pensylvanicus/Sphex-pensylvanicus-9448129.jpg,pensylvanicus
gs://bugoff-bucket1/hinton/Insecta/GenusSpecies/Sphex/pensylvanicus/Sphex-pensylvanicus-9449604.jpg,pensylvanicus
gs://bugoff-bucket1/hinton/Insecta/GenusSpecies/Sphex/pensylvanicus/Sphex-pensylvanicus-9450214.jpg,pensylvanicus
gs://bugoff-bucket1/hinton/Insecta/GenusSpecies/Sphex/pensylvanicus/Sphex-pensylvanicus-9455462.jpg,pensylvanicus
gs://bugoff-bucket1/hinton/Insecta/GenusSpecies/Sphex/pensylvanicus/Sphex-pensylvanicus-9457402.jpg,pensylvanicus
gs://bugoff-bucket1/hinton/Insecta/GenusSpecies/Sphex/pensylvanicus/Sphex-pensylvanicus-9465661.jpg,pensylvanicus
gs://bugoff-bucket1/hinton/Insecta/GenusSpecies/Sphex/pensylvanicus/Sphex-pensylvanicus-9480222.jpg,pensylvanicus
gs://bugoff-bucket1/hinton/Insecta/GenusSpecies/Sphex/pensylvanicus/Sphex-pensylvanicus-9481372.jpg,pensylvanicus
gs://bugoff-bucket1/hinton/Insecta/GenusSpecies/Sphex/pensylvanicus/Sphex-pensylvanicus-9484068.jpg,pensylvanicus
gs://bugoff-bucket1/hinton/Insecta/GenusSpecies/Sphex/pensylvanicus/Sphex-pensylvanicus-9490161.jpg,pensylvanicus
gs://bugoff-bucket1/hinton/Insecta/GenusSpecies/Sphex/pensylvanicus/Sphex-pensylvanicus-949268.jpg,pensylvanicus
gs://bugoff-bucket1/hinton/Insecta/GenusSpecies/Sphex/pensylvanicus/Sphex-pensylvanicus-9493750.jpg,pensylvanicus
gs://bugoff-bucket1/hinton/Insecta/GenusSpecies/Sphex/pensylvanicus/Sphex-pensylvanicus-9504188.jpg,pensylvanicus
gs://bugoff-bucket1/hinton/Insecta/GenusSpecies/Sphex/pensylvanicus/Sphex-pensylvanicus-9505579.jpg,pensylvanicus
gs://bugoff-bucket1/hinton/Insecta/GenusSpecies/Sphex/pensylvanicus/Sphex-pensylvanicus-9506335.jpg,pensylvanicus
gs://bugoff-bucket1/hinton/Insecta/GenusSpecies/Sphex/pensylvanicus/Sphex-pensylvanicus-9507246.jpg,pensylvanicus
gs://bugoff-bucket1/hinton/Insecta/GenusSpecies/Sphex/pensylvanicus/Sphex-pensylvanicus-9509757.jpg,pensylvanicus
gs://bugoff-bucket1/hinton/Insecta/GenusSpecies/Sphex/pensylvanicus/Sphex-pensylvanicus-9519227.jpg,pensylvanicus
gs://bugoff-bucket1/hinton/Insecta/GenusSpecies/Sphex/pensylvanicus/Sphex-pensylvanicus-9543748.jpg,pensylvanicus
gs://bugoff-bucket1/hinton/Insecta/GenusSpecies/Sphex/pensylvanicus/Sphex-pensylvanicus-9548848.jpg,pensylvanicus
gs://bugoff-bucket1/hinton/Insecta/GenusSpecies/Sphex/pensylvanicus/Sphex-pensylvanicus-9570028.jpg,pensylvanicus
gs://bugoff-bucket1/hinton/Insecta/GenusSpecies/Sphex/pensylvanicus/Sphex-pensylvanicus-9576163.jpg,pensylvanicus
gs://bugoff-bucket1/hinton/Insecta/GenusSpecies/Sphex/pensylvanicus/Sphex-pensylvanicus-9589393.jpg,pensylvanicus
gs://bugoff-bucket1/hinton/Insecta/GenusSpecies/Sphex/pensylvanicus/Sphex-pensylvanicus-9602657.jpg,pensylvanicus
gs://bugoff-bucket1/hinton/Insecta/GenusSpecies/Sphex/pensylvanicus/Sphex-pensylvanicus-9609746.jpg,pensylvanicus
gs://bugoff-bucket1/hinton/Insecta/GenusSpecies/Sphex/pensylvanicus/Sphex-pensylvanicus-9610671.jpg,pensylvanicus
gs://bugoff-bucket1/hinton/Insecta/GenusSpecies/Sphex/pensylvanicus/Sphex-pensylvanicus-9640139.jpg,pensylvanicus
gs://bugoff-bucket1/hinton/Insecta/GenusSpecies/Sphex/pensylvanicus/Sphex-pensylvanicus-9649703.jpg,pensylvanicus
gs://bugoff-bucket1/hinton/Insecta/GenusSpecies/Sphex/pensylvanicus/Sphex-pensylvanicus-9650544.jpg,pensylvanicus
gs://bugoff-bucket1/hinton/Insecta/GenusSpecies/Sphex/pensylvanicus/Sphex-pensylvanicus-966516.jpg,pensylvanicus
gs://bugoff-bucket1/hinton/Insecta/GenusSpecies/Sphex/pensylvanicus/Sphex-pensylvanicus-9682591.jpg,pensylvanicus
gs://bugoff-bucket1/hinton/Insecta/GenusSpecies/Sphex/pensylvanicus/Sphex-pensylvanicus-975742.jpg,pensylvanicus
gs://bugoff-bucket1/hinton/Insecta/GenusSpecies/Sphex/pensylvanicus/Sphex-pensylvanicus-996459.jpg,pensylvanicus
gs://bugoff-bucket1/hinton/Insecta/GenusSpecies/Sphex/pensylvanicus/Sphex-pensylvanicus-997904.jpg,pensylvanicus
gs://bugoff-bucket1/hinton/Insecta/GenusSpecies/Sphex/pruinosus/Sphex-pruinosus-9292423.jpg,pruinosus
gs://bugoff-bucket1/hinton/Insecta/GenusSpecies/Sphex/sericeus/Sphex-sericeus-8660330.jpg,sericeus
gs://bugoff-bucket1/hinton/Insecta/GenusSpecies/Sphex/sericeus/Sphex-sericeus-8975302.jpg,sericeus
gs://bugoff-bucket1/hinton/Insecta/GenusSpecies/Sphex/subtruncatus/Sphex-subtruncatus-8713008.jpg,subtruncatus
gs://bugoff-bucket1/hinton/Insecta/GenusSpecies/Sphex/subtruncatus/Sphex-subtruncatus-8935264.jpg,subtruncatus
gs://bugoff-bucket1/hinton/Insecta/GenusSpecies/Sphex/texanus/Sphex-texanus-9451185.jpg,texanus
