gs://bugoff-bucket1/hinton/Insecta/GenusSpecies/Atalantycha/bilineata/Atalantycha-bilineata-8109768.jpg,bilineata
gs://bugoff-bucket1/hinton/Insecta/GenusSpecies/Atalantycha/bilineata/Atalantycha-bilineata-8180289.jpg,bilineata
gs://bugoff-bucket1/hinton/Insecta/GenusSpecies/Atalantycha/bilineata/Atalantycha-bilineata-8263576.jpg,bilineata
gs://bugoff-bucket1/hinton/Insecta/GenusSpecies/Atalantycha/bilineata/Atalantycha-bilineata-8357953.jpg,bilineata
gs://bugoff-bucket1/hinton/Insecta/GenusSpecies/Atalantycha/bilineata/Atalantycha-bilineata-840887.jpg,bilineata
gs://bugoff-bucket1/hinton/Insecta/GenusSpecies/Atalantycha/bilineata/Atalantycha-bilineata-8531753.jpg,bilineata
gs://bugoff-bucket1/hinton/Insecta/GenusSpecies/Atalantycha/bilineata/Atalantycha-bilineata-8828580.jpg,bilineata
gs://bugoff-bucket1/hinton/Insecta/GenusSpecies/Atalantycha/bilineata/Atalantycha-bilineata-9205737.jpg,bilineata
gs://bugoff-bucket1/hinton/Insecta/GenusSpecies/Atalantycha/neglecta/Atalantycha-neglecta-8216017.jpg,neglecta
gs://bugoff-bucket1/hinton/Insecta/GenusSpecies/Atalantycha/neglecta/Atalantycha-neglecta-882516.jpg,neglecta
gs://bugoff-bucket1/hinton/Insecta/GenusSpecies/Belotus/bicolor/Belotus-bicolor-904771.jpg,bicolor
gs://bugoff-bucket1/hinton/Insecta/GenusSpecies/Belotus/bicolor/Belotus-bicolor-979013.jpg,bicolor
gs://bugoff-bucket1/hinton/Insecta/GenusSpecies/Cantharis/affinis/Cantharis-affinis-8728153.jpg,affinis
gs://bugoff-bucket1/hinton/Insecta/GenusSpecies/Cantharis/decipiens/Cantharis-decipiens-8522286.jpg,decipiens
gs://bugoff-bucket1/hinton/Insecta/GenusSpecies/Cantharis/decipiens/Cantharis-decipiens-8585696.jpg,decipiens
gs://bugoff-bucket1/hinton/Insecta/GenusSpecies/Cantharis/decipiens/Cantharis-decipiens-8660906.jpg,decipiens
gs://bugoff-bucket1/hinton/Insecta/GenusSpecies/Cantharis/fulva/Cantharis-fulva-8280604.jpg,fulva
gs://bugoff-bucket1/hinton/Insecta/GenusSpecies/Cantharis/fulva/Cantharis-fulva-8321592.jpg,fulva
gs://bugoff-bucket1/hinton/Insecta/GenusSpecies/Cantharis/fulva/Cantharis-fulva-8481960.jpg,fulva
gs://bugoff-bucket1/hinton/Insecta/GenusSpecies/Cantharis/fulva/Cantharis-fulva-8483495.jpg,fulva
gs://bugoff-bucket1/hinton/Insecta/GenusSpecies/Cantharis/fulva/Cantharis-fulva-8632725.jpg,fulva
gs://bugoff-bucket1/hinton/Insecta/GenusSpecies/Cantharis/fusca/Cantharis-fusca-8057282.jpg,fusca
gs://bugoff-bucket1/hinton/Insecta/GenusSpecies/Cantharis/fusca/Cantharis-fusca-8127704.jpg,fusca
gs://bugoff-bucket1/hinton/Insecta/GenusSpecies/Cantharis/fusca/Cantharis-fusca-8143363.jpg,fusca
gs://bugoff-bucket1/hinton/Insecta/GenusSpecies/Cantharis/fusca/Cantharis-fusca-8156197.jpg,fusca
gs://bugoff-bucket1/hinton/Insecta/GenusSpecies/Cantharis/fusca/Cantharis-fusca-8213892.jpg,fusca
gs://bugoff-bucket1/hinton/Insecta/GenusSpecies/Cantharis/fusca/Cantharis-fusca-8258355.jpg,fusca
gs://bugoff-bucket1/hinton/Insecta/GenusSpecies/Cantharis/fusca/Cantharis-fusca-8289130.jpg,fusca
gs://bugoff-bucket1/hinton/Insecta/GenusSpecies/Cantharis/fusca/Cantharis-fusca-8390178.jpg,fusca
gs://bugoff-bucket1/hinton/Insecta/GenusSpecies/Cantharis/fusca/Cantharis-fusca-8426301.jpg,fusca
gs://bugoff-bucket1/hinton/Insecta/GenusSpecies/Cantharis/fusca/Cantharis-fusca-8476590.jpg,fusca
gs://bugoff-bucket1/hinton/Insecta/GenusSpecies/Cantharis/fusca/Cantharis-fusca-8521095.jpg,fusca
gs://bugoff-bucket1/hinton/Insecta/GenusSpecies/Cantharis/lateralis/Cantharis-lateralis-8465651.jpg,lateralis
gs://bugoff-bucket1/hinton/Insecta/GenusSpecies/Cantharis/lateralis/Cantharis-lateralis-8483025.jpg,lateralis
gs://bugoff-bucket1/hinton/Insecta/GenusSpecies/Cantharis/lateralis/Cantharis-lateralis-938607.jpg,lateralis
gs://bugoff-bucket1/hinton/Insecta/GenusSpecies/Cantharis/livida/Cantharis-livida-8019452.jpg,livida
gs://bugoff-bucket1/hinton/Insecta/GenusSpecies/Cantharis/livida/Cantharis-livida-8050552.jpg,livida
gs://bugoff-bucket1/hinton/Insecta/GenusSpecies/Cantharis/livida/Cantharis-livida-8200133.jpg,livida
gs://bugoff-bucket1/hinton/Insecta/GenusSpecies/Cantharis/livida/Cantharis-livida-8386636.jpg,livida
gs://bugoff-bucket1/hinton/Insecta/GenusSpecies/Cantharis/livida/Cantharis-livida-8462746.jpg,livida
gs://bugoff-bucket1/hinton/Insecta/GenusSpecies/Cantharis/livida/Cantharis-livida-8462790.jpg,livida
gs://bugoff-bucket1/hinton/Insecta/GenusSpecies/Cantharis/livida/Cantharis-livida-8476365.jpg,livida
gs://bugoff-bucket1/hinton/Insecta/GenusSpecies/Cantharis/livida/Cantharis-livida-8525873.jpg,livida
gs://bugoff-bucket1/hinton/Insecta/GenusSpecies/Cantharis/livida/Cantharis-livida-8593472.jpg,livida
gs://bugoff-bucket1/hinton/Insecta/GenusSpecies/Cantharis/livida/Cantharis-livida-8655161.jpg,livida
gs://bugoff-bucket1/hinton/Insecta/GenusSpecies/Cantharis/livida/Cantharis-livida-8669537.jpg,livida
gs://bugoff-bucket1/hinton/Insecta/GenusSpecies/Cantharis/livida/Cantharis-livida-9012510.jpg,livida
gs://bugoff-bucket1/hinton/Insecta/GenusSpecies/Cantharis/nigra/Cantharis-nigra-8277879.jpg,nigra
gs://bugoff-bucket1/hinton/Insecta/GenusSpecies/Cantharis/nigricans/Cantharis-nigricans-8070916.jpg,nigricans
gs://bugoff-bucket1/hinton/Insecta/GenusSpecies/Cantharis/nigricans/Cantharis-nigricans-8119485.jpg,nigricans
gs://bugoff-bucket1/hinton/Insecta/GenusSpecies/Cantharis/nigricans/Cantharis-nigricans-8160987.jpg,nigricans
gs://bugoff-bucket1/hinton/Insecta/GenusSpecies/Cantharis/nigricans/Cantharis-nigricans-8241092.jpg,nigricans
gs://bugoff-bucket1/hinton/Insecta/GenusSpecies/Cantharis/nigricans/Cantharis-nigricans-8259077.jpg,nigricans
gs://bugoff-bucket1/hinton/Insecta/GenusSpecies/Cantharis/nigricans/Cantharis-nigricans-8372376.jpg,nigricans
gs://bugoff-bucket1/hinton/Insecta/GenusSpecies/Cantharis/nigricans/Cantharis-nigricans-8409552.jpg,nigricans
gs://bugoff-bucket1/hinton/Insecta/GenusSpecies/Cantharis/nigricans/Cantharis-nigricans-8425229.jpg,nigricans
gs://bugoff-bucket1/hinton/Insecta/GenusSpecies/Cantharis/nigricans/Cantharis-nigricans-8443143.jpg,nigricans
gs://bugoff-bucket1/hinton/Insecta/GenusSpecies/Cantharis/nigricans/Cantharis-nigricans-8443145.jpg,nigricans
gs://bugoff-bucket1/hinton/Insecta/GenusSpecies/Cantharis/nigricans/Cantharis-nigricans-8443148.jpg,nigricans
gs://bugoff-bucket1/hinton/Insecta/GenusSpecies/Cantharis/nigricans/Cantharis-nigricans-8499293.jpg,nigricans
gs://bugoff-bucket1/hinton/Insecta/GenusSpecies/Cantharis/nigricans/Cantharis-nigricans-8501551.jpg,nigricans
gs://bugoff-bucket1/hinton/Insecta/GenusSpecies/Cantharis/nigricans/Cantharis-nigricans-8542003.jpg,nigricans
gs://bugoff-bucket1/hinton/Insecta/GenusSpecies/Cantharis/nigricans/Cantharis-nigricans-8542036.jpg,nigricans
gs://bugoff-bucket1/hinton/Insecta/GenusSpecies/Cantharis/nigricans/Cantharis-nigricans-8636428.jpg,nigricans
gs://bugoff-bucket1/hinton/Insecta/GenusSpecies/Cantharis/nigricans/Cantharis-nigricans-8686211.jpg,nigricans
gs://bugoff-bucket1/hinton/Insecta/GenusSpecies/Cantharis/nigricans/Cantharis-nigricans-8686236.jpg,nigricans
gs://bugoff-bucket1/hinton/Insecta/GenusSpecies/Cantharis/nigricans/Cantharis-nigricans-8743171.jpg,nigricans
gs://bugoff-bucket1/hinton/Insecta/GenusSpecies/Cantharis/nigricans/Cantharis-nigricans-8985893.jpg,nigricans
gs://bugoff-bucket1/hinton/Insecta/GenusSpecies/Cantharis/obscura/Cantharis-obscura-8121924.jpg,obscura
gs://bugoff-bucket1/hinton/Insecta/GenusSpecies/Cantharis/obscura/Cantharis-obscura-8257034.jpg,obscura
gs://bugoff-bucket1/hinton/Insecta/GenusSpecies/Cantharis/obscura/Cantharis-obscura-8363091.jpg,obscura
gs://bugoff-bucket1/hinton/Insecta/GenusSpecies/Cantharis/obscura/Cantharis-obscura-8372374.jpg,obscura
gs://bugoff-bucket1/hinton/Insecta/GenusSpecies/Cantharis/obscura/Cantharis-obscura-8669580.jpg,obscura
gs://bugoff-bucket1/hinton/Insecta/GenusSpecies/Cantharis/pallida/Cantharis-pallida-816789.jpg,pallida
gs://bugoff-bucket1/hinton/Insecta/GenusSpecies/Cantharis/pallida/Cantharis-pallida-931855.jpg,pallida
gs://bugoff-bucket1/hinton/Insecta/GenusSpecies/Cantharis/pallida/Cantharis-pallida-938460.jpg,pallida
gs://bugoff-bucket1/hinton/Insecta/GenusSpecies/Cantharis/pallida/Cantharis-pallida-972990.jpg,pallida
gs://bugoff-bucket1/hinton/Insecta/GenusSpecies/Cantharis/pallida/Cantharis-pallida-977306.jpg,pallida
gs://bugoff-bucket1/hinton/Insecta/GenusSpecies/Cantharis/pellucida/Cantharis-pellucida-8050752.jpg,pellucida
gs://bugoff-bucket1/hinton/Insecta/GenusSpecies/Cantharis/pellucida/Cantharis-pellucida-8063266.jpg,pellucida
gs://bugoff-bucket1/hinton/Insecta/GenusSpecies/Cantharis/pellucida/Cantharis-pellucida-8077912.jpg,pellucida
gs://bugoff-bucket1/hinton/Insecta/GenusSpecies/Cantharis/pellucida/Cantharis-pellucida-8099809.jpg,pellucida
gs://bugoff-bucket1/hinton/Insecta/GenusSpecies/Cantharis/pellucida/Cantharis-pellucida-8137559.jpg,pellucida
gs://bugoff-bucket1/hinton/Insecta/GenusSpecies/Cantharis/pellucida/Cantharis-pellucida-8145557.jpg,pellucida
gs://bugoff-bucket1/hinton/Insecta/GenusSpecies/Cantharis/pellucida/Cantharis-pellucida-8427660.jpg,pellucida
gs://bugoff-bucket1/hinton/Insecta/GenusSpecies/Cantharis/pellucida/Cantharis-pellucida-8445357.jpg,pellucida
gs://bugoff-bucket1/hinton/Insecta/GenusSpecies/Cantharis/pellucida/Cantharis-pellucida-8575470.jpg,pellucida
gs://bugoff-bucket1/hinton/Insecta/GenusSpecies/Cantharis/pellucida/Cantharis-pellucida-8686137.jpg,pellucida
gs://bugoff-bucket1/hinton/Insecta/GenusSpecies/Cantharis/pellucida/Cantharis-pellucida-8831061.jpg,pellucida
gs://bugoff-bucket1/hinton/Insecta/GenusSpecies/Cantharis/pellucida/Cantharis-pellucida-8993168.jpg,pellucida
gs://bugoff-bucket1/hinton/Insecta/GenusSpecies/Cantharis/pellucida/Cantharis-pellucida-9170132.jpg,pellucida
gs://bugoff-bucket1/hinton/Insecta/GenusSpecies/Cantharis/pellucida/Cantharis-pellucida-9244653.jpg,pellucida
gs://bugoff-bucket1/hinton/Insecta/GenusSpecies/Cantharis/rufa/Cantharis-rufa-8050952.jpg,rufa
gs://bugoff-bucket1/hinton/Insecta/GenusSpecies/Cantharis/rufa/Cantharis-rufa-8339041.jpg,rufa
gs://bugoff-bucket1/hinton/Insecta/GenusSpecies/Cantharis/rufa/Cantharis-rufa-8458247.jpg,rufa
gs://bugoff-bucket1/hinton/Insecta/GenusSpecies/Cantharis/rufa/Cantharis-rufa-8464723.jpg,rufa
gs://bugoff-bucket1/hinton/Insecta/GenusSpecies/Cantharis/rufa/Cantharis-rufa-8486633.jpg,rufa
gs://bugoff-bucket1/hinton/Insecta/GenusSpecies/Cantharis/rufa/Cantharis-rufa-8541819.jpg,rufa
gs://bugoff-bucket1/hinton/Insecta/GenusSpecies/Cantharis/rufa/Cantharis-rufa-8959943.jpg,rufa
gs://bugoff-bucket1/hinton/Insecta/GenusSpecies/Cantharis/rufa/Cantharis-rufa-9324827.jpg,rufa
gs://bugoff-bucket1/hinton/Insecta/GenusSpecies/Cantharis/rustica/Cantharis-rustica-8121991.jpg,rustica
gs://bugoff-bucket1/hinton/Insecta/GenusSpecies/Cantharis/rustica/Cantharis-rustica-8125778.jpg,rustica
gs://bugoff-bucket1/hinton/Insecta/GenusSpecies/Cantharis/rustica/Cantharis-rustica-8356993.jpg,rustica
gs://bugoff-bucket1/hinton/Insecta/GenusSpecies/Cantharis/rustica/Cantharis-rustica-8373496.jpg,rustica
gs://bugoff-bucket1/hinton/Insecta/GenusSpecies/Cantharis/rustica/Cantharis-rustica-842870.jpg,rustica
gs://bugoff-bucket1/hinton/Insecta/GenusSpecies/Cantharis/rustica/Cantharis-rustica-8430179.jpg,rustica
gs://bugoff-bucket1/hinton/Insecta/GenusSpecies/Cantharis/rustica/Cantharis-rustica-8476442.jpg,rustica
gs://bugoff-bucket1/hinton/Insecta/GenusSpecies/Cantharis/rustica/Cantharis-rustica-8519898.jpg,rustica
gs://bugoff-bucket1/hinton/Insecta/GenusSpecies/Cantharis/rustica/Cantharis-rustica-8523508.jpg,rustica
gs://bugoff-bucket1/hinton/Insecta/GenusSpecies/Cantharis/rustica/Cantharis-rustica-8805901.jpg,rustica
gs://bugoff-bucket1/hinton/Insecta/GenusSpecies/Cantharis/rustica/Cantharis-rustica-907472.jpg,rustica
gs://bugoff-bucket1/hinton/Insecta/GenusSpecies/Cantharis/rustica/Cantharis-rustica-924281.jpg,rustica
gs://bugoff-bucket1/hinton/Insecta/GenusSpecies/Cantharis/rustica/Cantharis-rustica-9280649.jpg,rustica
gs://bugoff-bucket1/hinton/Insecta/GenusSpecies/Cantharis/tristis/Cantharis-tristis-8137989.jpg,tristis
gs://bugoff-bucket1/hinton/Insecta/GenusSpecies/Chauliognathus/carota/Chauliognathus-carota-9299912.jpg,carota
gs://bugoff-bucket1/hinton/Insecta/GenusSpecies/Chauliognathus/dubium/Chauliognathus-dubium-9651453.jpg,dubium
gs://bugoff-bucket1/hinton/Insecta/GenusSpecies/Chauliognathus/filifolium/Chauliognathus-filifolium-8591931.jpg,filifolium
gs://bugoff-bucket1/hinton/Insecta/GenusSpecies/Chauliognathus/forreri/Chauliognathus-forreri-8946958.jpg,forreri
gs://bugoff-bucket1/hinton/Insecta/GenusSpecies/Chauliognathus/forreri/Chauliognathus-forreri-9552421.jpg,forreri
gs://bugoff-bucket1/hinton/Insecta/GenusSpecies/Chauliognathus/fulva/Chauliognathus-fulva-9338207.jpg,fulva
gs://bugoff-bucket1/hinton/Insecta/GenusSpecies/Chauliognathus/jucundus/Chauliognathus-jucundus-9187714.jpg,jucundus
gs://bugoff-bucket1/hinton/Insecta/GenusSpecies/Chauliognathus/jucundus/Chauliognathus-jucundus-9354087.jpg,jucundus
gs://bugoff-bucket1/hinton/Insecta/GenusSpecies/Chauliognathus/jucundus/Chauliognathus-jucundus-9465877.jpg,jucundus
gs://bugoff-bucket1/hinton/Insecta/GenusSpecies/Chauliognathus/jucundus/Chauliognathus-jucundus-986724.jpg,jucundus
gs://bugoff-bucket1/hinton/Insecta/GenusSpecies/Chauliognathus/marginatus/Chauliognathus-marginatus-8001644.jpg,marginatus
gs://bugoff-bucket1/hinton/Insecta/GenusSpecies/Chauliognathus/marginatus/Chauliognathus-marginatus-8002300.jpg,marginatus
gs://bugoff-bucket1/hinton/Insecta/GenusSpecies/Chauliognathus/marginatus/Chauliognathus-marginatus-8007219.jpg,marginatus
gs://bugoff-bucket1/hinton/Insecta/GenusSpecies/Chauliognathus/marginatus/Chauliognathus-marginatus-8015462.jpg,marginatus
gs://bugoff-bucket1/hinton/Insecta/GenusSpecies/Chauliognathus/marginatus/Chauliognathus-marginatus-8017462.jpg,marginatus
gs://bugoff-bucket1/hinton/Insecta/GenusSpecies/Chauliognathus/marginatus/Chauliognathus-marginatus-8023618.jpg,marginatus
gs://bugoff-bucket1/hinton/Insecta/GenusSpecies/Chauliognathus/marginatus/Chauliognathus-marginatus-8038817.jpg,marginatus
gs://bugoff-bucket1/hinton/Insecta/GenusSpecies/Chauliognathus/marginatus/Chauliognathus-marginatus-8041285.jpg,marginatus
gs://bugoff-bucket1/hinton/Insecta/GenusSpecies/Chauliognathus/marginatus/Chauliognathus-marginatus-8042152.jpg,marginatus
gs://bugoff-bucket1/hinton/Insecta/GenusSpecies/Chauliognathus/marginatus/Chauliognathus-marginatus-8046840.jpg,marginatus
gs://bugoff-bucket1/hinton/Insecta/GenusSpecies/Chauliognathus/marginatus/Chauliognathus-marginatus-8050930.jpg,marginatus
gs://bugoff-bucket1/hinton/Insecta/GenusSpecies/Chauliognathus/marginatus/Chauliognathus-marginatus-8052878.jpg,marginatus
gs://bugoff-bucket1/hinton/Insecta/GenusSpecies/Chauliognathus/marginatus/Chauliognathus-marginatus-8076846.jpg,marginatus
gs://bugoff-bucket1/hinton/Insecta/GenusSpecies/Chauliognathus/marginatus/Chauliognathus-marginatus-8092416.jpg,marginatus
gs://bugoff-bucket1/hinton/Insecta/GenusSpecies/Chauliognathus/marginatus/Chauliognathus-marginatus-8097067.jpg,marginatus
gs://bugoff-bucket1/hinton/Insecta/GenusSpecies/Chauliognathus/marginatus/Chauliognathus-marginatus-8100135.jpg,marginatus
gs://bugoff-bucket1/hinton/Insecta/GenusSpecies/Chauliognathus/marginatus/Chauliognathus-marginatus-8120123.jpg,marginatus
gs://bugoff-bucket1/hinton/Insecta/GenusSpecies/Chauliognathus/marginatus/Chauliognathus-marginatus-8140295.jpg,marginatus
gs://bugoff-bucket1/hinton/Insecta/GenusSpecies/Chauliognathus/marginatus/Chauliognathus-marginatus-8141841.jpg,marginatus
gs://bugoff-bucket1/hinton/Insecta/GenusSpecies/Chauliognathus/marginatus/Chauliognathus-marginatus-8150424.jpg,marginatus
gs://bugoff-bucket1/hinton/Insecta/GenusSpecies/Chauliognathus/marginatus/Chauliognathus-marginatus-8153303.jpg,marginatus
gs://bugoff-bucket1/hinton/Insecta/GenusSpecies/Chauliognathus/marginatus/Chauliognathus-marginatus-8154962.jpg,marginatus
gs://bugoff-bucket1/hinton/Insecta/GenusSpecies/Chauliognathus/marginatus/Chauliognathus-marginatus-8163721.jpg,marginatus
gs://bugoff-bucket1/hinton/Insecta/GenusSpecies/Chauliognathus/marginatus/Chauliognathus-marginatus-8168998.jpg,marginatus
gs://bugoff-bucket1/hinton/Insecta/GenusSpecies/Chauliognathus/marginatus/Chauliognathus-marginatus-8177084.jpg,marginatus
gs://bugoff-bucket1/hinton/Insecta/GenusSpecies/Chauliognathus/marginatus/Chauliognathus-marginatus-8185433.jpg,marginatus
gs://bugoff-bucket1/hinton/Insecta/GenusSpecies/Chauliognathus/marginatus/Chauliognathus-marginatus-8196276.jpg,marginatus
gs://bugoff-bucket1/hinton/Insecta/GenusSpecies/Chauliognathus/marginatus/Chauliognathus-marginatus-8215088.jpg,marginatus
gs://bugoff-bucket1/hinton/Insecta/GenusSpecies/Chauliognathus/marginatus/Chauliognathus-marginatus-8219973.jpg,marginatus
gs://bugoff-bucket1/hinton/Insecta/GenusSpecies/Chauliognathus/marginatus/Chauliognathus-marginatus-8238676.jpg,marginatus
gs://bugoff-bucket1/hinton/Insecta/GenusSpecies/Chauliognathus/marginatus/Chauliognathus-marginatus-8240909.jpg,marginatus
gs://bugoff-bucket1/hinton/Insecta/GenusSpecies/Chauliognathus/marginatus/Chauliognathus-marginatus-8249168.jpg,marginatus
gs://bugoff-bucket1/hinton/Insecta/GenusSpecies/Chauliognathus/marginatus/Chauliognathus-marginatus-8251318.jpg,marginatus
gs://bugoff-bucket1/hinton/Insecta/GenusSpecies/Chauliognathus/marginatus/Chauliognathus-marginatus-8274459.jpg,marginatus
gs://bugoff-bucket1/hinton/Insecta/GenusSpecies/Chauliognathus/marginatus/Chauliognathus-marginatus-8300923.jpg,marginatus
gs://bugoff-bucket1/hinton/Insecta/GenusSpecies/Chauliognathus/marginatus/Chauliognathus-marginatus-8307338.jpg,marginatus
gs://bugoff-bucket1/hinton/Insecta/GenusSpecies/Chauliognathus/marginatus/Chauliognathus-marginatus-8308935.jpg,marginatus
gs://bugoff-bucket1/hinton/Insecta/GenusSpecies/Chauliognathus/marginatus/Chauliognathus-marginatus-8326561.jpg,marginatus
gs://bugoff-bucket1/hinton/Insecta/GenusSpecies/Chauliognathus/marginatus/Chauliognathus-marginatus-8371999.jpg,marginatus
gs://bugoff-bucket1/hinton/Insecta/GenusSpecies/Chauliognathus/marginatus/Chauliognathus-marginatus-8376070.jpg,marginatus
gs://bugoff-bucket1/hinton/Insecta/GenusSpecies/Chauliognathus/marginatus/Chauliognathus-marginatus-8381927.jpg,marginatus
gs://bugoff-bucket1/hinton/Insecta/GenusSpecies/Chauliognathus/marginatus/Chauliognathus-marginatus-8390318.jpg,marginatus
gs://bugoff-bucket1/hinton/Insecta/GenusSpecies/Chauliognathus/marginatus/Chauliognathus-marginatus-8419193.jpg,marginatus
gs://bugoff-bucket1/hinton/Insecta/GenusSpecies/Chauliognathus/marginatus/Chauliognathus-marginatus-8441522.jpg,marginatus
gs://bugoff-bucket1/hinton/Insecta/GenusSpecies/Chauliognathus/marginatus/Chauliognathus-marginatus-8441808.jpg,marginatus
gs://bugoff-bucket1/hinton/Insecta/GenusSpecies/Chauliognathus/marginatus/Chauliognathus-marginatus-8466389.jpg,marginatus
gs://bugoff-bucket1/hinton/Insecta/GenusSpecies/Chauliognathus/marginatus/Chauliognathus-marginatus-8468722.jpg,marginatus
gs://bugoff-bucket1/hinton/Insecta/GenusSpecies/Chauliognathus/marginatus/Chauliognathus-marginatus-8474747.jpg,marginatus
gs://bugoff-bucket1/hinton/Insecta/GenusSpecies/Chauliognathus/marginatus/Chauliognathus-marginatus-8482427.jpg,marginatus
gs://bugoff-bucket1/hinton/Insecta/GenusSpecies/Chauliognathus/marginatus/Chauliognathus-marginatus-8484448.jpg,marginatus
gs://bugoff-bucket1/hinton/Insecta/GenusSpecies/Chauliognathus/marginatus/Chauliognathus-marginatus-8489447.jpg,marginatus
gs://bugoff-bucket1/hinton/Insecta/GenusSpecies/Chauliognathus/marginatus/Chauliognathus-marginatus-8507262.jpg,marginatus
gs://bugoff-bucket1/hinton/Insecta/GenusSpecies/Chauliognathus/marginatus/Chauliognathus-marginatus-8516881.jpg,marginatus
gs://bugoff-bucket1/hinton/Insecta/GenusSpecies/Chauliognathus/marginatus/Chauliognathus-marginatus-8517181.jpg,marginatus
gs://bugoff-bucket1/hinton/Insecta/GenusSpecies/Chauliognathus/marginatus/Chauliognathus-marginatus-8517468.jpg,marginatus
gs://bugoff-bucket1/hinton/Insecta/GenusSpecies/Chauliognathus/marginatus/Chauliognathus-marginatus-8530255.jpg,marginatus
gs://bugoff-bucket1/hinton/Insecta/GenusSpecies/Chauliognathus/marginatus/Chauliognathus-marginatus-8532778.jpg,marginatus
gs://bugoff-bucket1/hinton/Insecta/GenusSpecies/Chauliognathus/marginatus/Chauliognathus-marginatus-8534280.jpg,marginatus
gs://bugoff-bucket1/hinton/Insecta/GenusSpecies/Chauliognathus/marginatus/Chauliognathus-marginatus-8534504.jpg,marginatus
gs://bugoff-bucket1/hinton/Insecta/GenusSpecies/Chauliognathus/marginatus/Chauliognathus-marginatus-8544320.jpg,marginatus
gs://bugoff-bucket1/hinton/Insecta/GenusSpecies/Chauliognathus/marginatus/Chauliognathus-marginatus-8550230.jpg,marginatus
gs://bugoff-bucket1/hinton/Insecta/GenusSpecies/Chauliognathus/marginatus/Chauliognathus-marginatus-8550283.jpg,marginatus
gs://bugoff-bucket1/hinton/Insecta/GenusSpecies/Chauliognathus/marginatus/Chauliognathus-marginatus-8560696.jpg,marginatus
gs://bugoff-bucket1/hinton/Insecta/GenusSpecies/Chauliognathus/marginatus/Chauliognathus-marginatus-8562304.jpg,marginatus
gs://bugoff-bucket1/hinton/Insecta/GenusSpecies/Chauliognathus/marginatus/Chauliognathus-marginatus-8586153.jpg,marginatus
gs://bugoff-bucket1/hinton/Insecta/GenusSpecies/Chauliognathus/marginatus/Chauliognathus-marginatus-8590557.jpg,marginatus
gs://bugoff-bucket1/hinton/Insecta/GenusSpecies/Chauliognathus/marginatus/Chauliognathus-marginatus-8598540.jpg,marginatus
gs://bugoff-bucket1/hinton/Insecta/GenusSpecies/Chauliognathus/marginatus/Chauliognathus-marginatus-8602446.jpg,marginatus
gs://bugoff-bucket1/hinton/Insecta/GenusSpecies/Chauliognathus/marginatus/Chauliognathus-marginatus-8613296.jpg,marginatus
gs://bugoff-bucket1/hinton/Insecta/GenusSpecies/Chauliognathus/marginatus/Chauliognathus-marginatus-8614549.jpg,marginatus
gs://bugoff-bucket1/hinton/Insecta/GenusSpecies/Chauliognathus/marginatus/Chauliognathus-marginatus-8646151.jpg,marginatus
gs://bugoff-bucket1/hinton/Insecta/GenusSpecies/Chauliognathus/marginatus/Chauliognathus-marginatus-8651048.jpg,marginatus
gs://bugoff-bucket1/hinton/Insecta/GenusSpecies/Chauliognathus/marginatus/Chauliognathus-marginatus-8656707.jpg,marginatus
gs://bugoff-bucket1/hinton/Insecta/GenusSpecies/Chauliognathus/marginatus/Chauliognathus-marginatus-8660761.jpg,marginatus
gs://bugoff-bucket1/hinton/Insecta/GenusSpecies/Chauliognathus/marginatus/Chauliognathus-marginatus-866743.jpg,marginatus
gs://bugoff-bucket1/hinton/Insecta/GenusSpecies/Chauliognathus/marginatus/Chauliognathus-marginatus-8669419.jpg,marginatus
gs://bugoff-bucket1/hinton/Insecta/GenusSpecies/Chauliognathus/marginatus/Chauliognathus-marginatus-8698740.jpg,marginatus
gs://bugoff-bucket1/hinton/Insecta/GenusSpecies/Chauliognathus/marginatus/Chauliognathus-marginatus-8702958.jpg,marginatus
gs://bugoff-bucket1/hinton/Insecta/GenusSpecies/Chauliognathus/marginatus/Chauliognathus-marginatus-8703112.jpg,marginatus
gs://bugoff-bucket1/hinton/Insecta/GenusSpecies/Chauliognathus/marginatus/Chauliognathus-marginatus-871003.jpg,marginatus
gs://bugoff-bucket1/hinton/Insecta/GenusSpecies/Chauliognathus/marginatus/Chauliognathus-marginatus-8721904.jpg,marginatus
gs://bugoff-bucket1/hinton/Insecta/GenusSpecies/Chauliognathus/marginatus/Chauliognathus-marginatus-8725540.jpg,marginatus
gs://bugoff-bucket1/hinton/Insecta/GenusSpecies/Chauliognathus/marginatus/Chauliognathus-marginatus-8736908.jpg,marginatus
gs://bugoff-bucket1/hinton/Insecta/GenusSpecies/Chauliognathus/marginatus/Chauliognathus-marginatus-8742992.jpg,marginatus
gs://bugoff-bucket1/hinton/Insecta/GenusSpecies/Chauliognathus/marginatus/Chauliognathus-marginatus-8752893.jpg,marginatus
gs://bugoff-bucket1/hinton/Insecta/GenusSpecies/Chauliognathus/marginatus/Chauliognathus-marginatus-875405.jpg,marginatus
gs://bugoff-bucket1/hinton/Insecta/GenusSpecies/Chauliognathus/marginatus/Chauliognathus-marginatus-8756534.jpg,marginatus
gs://bugoff-bucket1/hinton/Insecta/GenusSpecies/Chauliognathus/marginatus/Chauliognathus-marginatus-8763653.jpg,marginatus
gs://bugoff-bucket1/hinton/Insecta/GenusSpecies/Chauliognathus/marginatus/Chauliognathus-marginatus-8765343.jpg,marginatus
gs://bugoff-bucket1/hinton/Insecta/GenusSpecies/Chauliognathus/marginatus/Chauliognathus-marginatus-8771847.jpg,marginatus
gs://bugoff-bucket1/hinton/Insecta/GenusSpecies/Chauliognathus/marginatus/Chauliognathus-marginatus-8777998.jpg,marginatus
gs://bugoff-bucket1/hinton/Insecta/GenusSpecies/Chauliognathus/marginatus/Chauliognathus-marginatus-8796488.jpg,marginatus
gs://bugoff-bucket1/hinton/Insecta/GenusSpecies/Chauliognathus/marginatus/Chauliognathus-marginatus-8806498.jpg,marginatus
gs://bugoff-bucket1/hinton/Insecta/GenusSpecies/Chauliognathus/marginatus/Chauliognathus-marginatus-8807374.jpg,marginatus
gs://bugoff-bucket1/hinton/Insecta/GenusSpecies/Chauliognathus/marginatus/Chauliognathus-marginatus-8813029.jpg,marginatus
gs://bugoff-bucket1/hinton/Insecta/GenusSpecies/Chauliognathus/marginatus/Chauliognathus-marginatus-8832612.jpg,marginatus
gs://bugoff-bucket1/hinton/Insecta/GenusSpecies/Chauliognathus/marginatus/Chauliognathus-marginatus-8839275.jpg,marginatus
gs://bugoff-bucket1/hinton/Insecta/GenusSpecies/Chauliognathus/marginatus/Chauliognathus-marginatus-8865929.jpg,marginatus
gs://bugoff-bucket1/hinton/Insecta/GenusSpecies/Chauliognathus/marginatus/Chauliognathus-marginatus-8867800.jpg,marginatus
gs://bugoff-bucket1/hinton/Insecta/GenusSpecies/Chauliognathus/marginatus/Chauliognathus-marginatus-8877754.jpg,marginatus
gs://bugoff-bucket1/hinton/Insecta/GenusSpecies/Chauliognathus/marginatus/Chauliognathus-marginatus-8880185.jpg,marginatus
gs://bugoff-bucket1/hinton/Insecta/GenusSpecies/Chauliognathus/marginatus/Chauliognathus-marginatus-8881740.jpg,marginatus
gs://bugoff-bucket1/hinton/Insecta/GenusSpecies/Chauliognathus/marginatus/Chauliognathus-marginatus-8889910.jpg,marginatus
gs://bugoff-bucket1/hinton/Insecta/GenusSpecies/Chauliognathus/marginatus/Chauliognathus-marginatus-8895899.jpg,marginatus
gs://bugoff-bucket1/hinton/Insecta/GenusSpecies/Chauliognathus/marginatus/Chauliognathus-marginatus-8903250.jpg,marginatus
gs://bugoff-bucket1/hinton/Insecta/GenusSpecies/Chauliognathus/marginatus/Chauliognathus-marginatus-8922181.jpg,marginatus
gs://bugoff-bucket1/hinton/Insecta/GenusSpecies/Chauliognathus/marginatus/Chauliognathus-marginatus-8971643.jpg,marginatus
gs://bugoff-bucket1/hinton/Insecta/GenusSpecies/Chauliognathus/marginatus/Chauliognathus-marginatus-897919.jpg,marginatus
gs://bugoff-bucket1/hinton/Insecta/GenusSpecies/Chauliognathus/marginatus/Chauliognathus-marginatus-900199.jpg,marginatus
gs://bugoff-bucket1/hinton/Insecta/GenusSpecies/Chauliognathus/marginatus/Chauliognathus-marginatus-9022132.jpg,marginatus
gs://bugoff-bucket1/hinton/Insecta/GenusSpecies/Chauliognathus/marginatus/Chauliognathus-marginatus-9054069.jpg,marginatus
gs://bugoff-bucket1/hinton/Insecta/GenusSpecies/Chauliognathus/marginatus/Chauliognathus-marginatus-9057717.jpg,marginatus
gs://bugoff-bucket1/hinton/Insecta/GenusSpecies/Chauliognathus/marginatus/Chauliognathus-marginatus-9066042.jpg,marginatus
gs://bugoff-bucket1/hinton/Insecta/GenusSpecies/Chauliognathus/marginatus/Chauliognathus-marginatus-9074786.jpg,marginatus
gs://bugoff-bucket1/hinton/Insecta/GenusSpecies/Chauliognathus/marginatus/Chauliognathus-marginatus-9136716.jpg,marginatus
gs://bugoff-bucket1/hinton/Insecta/GenusSpecies/Chauliognathus/marginatus/Chauliognathus-marginatus-9141029.jpg,marginatus
gs://bugoff-bucket1/hinton/Insecta/GenusSpecies/Chauliognathus/marginatus/Chauliognathus-marginatus-9144146.jpg,marginatus
gs://bugoff-bucket1/hinton/Insecta/GenusSpecies/Chauliognathus/marginatus/Chauliognathus-marginatus-917480.jpg,marginatus
gs://bugoff-bucket1/hinton/Insecta/GenusSpecies/Chauliognathus/marginatus/Chauliognathus-marginatus-920100.jpg,marginatus
gs://bugoff-bucket1/hinton/Insecta/GenusSpecies/Chauliognathus/marginatus/Chauliognathus-marginatus-9201048.jpg,marginatus
gs://bugoff-bucket1/hinton/Insecta/GenusSpecies/Chauliognathus/marginatus/Chauliognathus-marginatus-9225736.jpg,marginatus
gs://bugoff-bucket1/hinton/Insecta/GenusSpecies/Chauliognathus/marginatus/Chauliognathus-marginatus-9234634.jpg,marginatus
gs://bugoff-bucket1/hinton/Insecta/GenusSpecies/Chauliognathus/marginatus/Chauliognathus-marginatus-9252425.jpg,marginatus
gs://bugoff-bucket1/hinton/Insecta/GenusSpecies/Chauliognathus/marginatus/Chauliognathus-marginatus-9253198.jpg,marginatus
gs://bugoff-bucket1/hinton/Insecta/GenusSpecies/Chauliognathus/marginatus/Chauliognathus-marginatus-926230.jpg,marginatus
gs://bugoff-bucket1/hinton/Insecta/GenusSpecies/Chauliognathus/marginatus/Chauliognathus-marginatus-9269317.jpg,marginatus
gs://bugoff-bucket1/hinton/Insecta/GenusSpecies/Chauliognathus/marginatus/Chauliognathus-marginatus-9306882.jpg,marginatus
gs://bugoff-bucket1/hinton/Insecta/GenusSpecies/Chauliognathus/marginatus/Chauliognathus-marginatus-9325251.jpg,marginatus
gs://bugoff-bucket1/hinton/Insecta/GenusSpecies/Chauliognathus/marginatus/Chauliognathus-marginatus-9391524.jpg,marginatus
gs://bugoff-bucket1/hinton/Insecta/GenusSpecies/Chauliognathus/marginatus/Chauliognathus-marginatus-9402366.jpg,marginatus
gs://bugoff-bucket1/hinton/Insecta/GenusSpecies/Chauliognathus/marginatus/Chauliognathus-marginatus-944860.jpg,marginatus
gs://bugoff-bucket1/hinton/Insecta/GenusSpecies/Chauliognathus/marginatus/Chauliognathus-marginatus-9483249.jpg,marginatus
gs://bugoff-bucket1/hinton/Insecta/GenusSpecies/Chauliognathus/marginatus/Chauliognathus-marginatus-949834.jpg,marginatus
gs://bugoff-bucket1/hinton/Insecta/GenusSpecies/Chauliognathus/marginatus/Chauliognathus-marginatus-963217.jpg,marginatus
gs://bugoff-bucket1/hinton/Insecta/GenusSpecies/Chauliognathus/marginatus/Chauliognathus-marginatus-9635081.jpg,marginatus
gs://bugoff-bucket1/hinton/Insecta/GenusSpecies/Chauliognathus/marginatus/Chauliognathus-marginatus-999605.jpg,marginatus
gs://bugoff-bucket1/hinton/Insecta/GenusSpecies/Chauliognathus/megapotamicum/Chauliognathus-megapotamicum-8579731.jpg,megapotamicum
gs://bugoff-bucket1/hinton/Insecta/GenusSpecies/Chauliognathus/misellus/Chauliognathus-misellus-9192486.jpg,misellus
gs://bugoff-bucket1/hinton/Insecta/GenusSpecies/Chauliognathus/pennsylvanicus/Chauliognathus-pennsylvanicus-91894.jpg,pennsylvanicus
gs://bugoff-bucket1/hinton/Insecta/GenusSpecies/Chauliognathus/pennsylvanicus/Chauliognathus-pennsylvanicus-952519.jpg,pennsylvanicus
gs://bugoff-bucket1/hinton/Insecta/GenusSpecies/Chauliognathus/pensylvanicus/Chauliognathus-pensylvanicus-8045750.jpg,pensylvanicus
gs://bugoff-bucket1/hinton/Insecta/GenusSpecies/Chauliognathus/pensylvanicus/Chauliognathus-pensylvanicus-809863.jpg,pensylvanicus
gs://bugoff-bucket1/hinton/Insecta/GenusSpecies/Chauliognathus/pensylvanicus/Chauliognathus-pensylvanicus-8115475.jpg,pensylvanicus
gs://bugoff-bucket1/hinton/Insecta/GenusSpecies/Chauliognathus/pensylvanicus/Chauliognathus-pensylvanicus-8126116.jpg,pensylvanicus
gs://bugoff-bucket1/hinton/Insecta/GenusSpecies/Chauliognathus/pensylvanicus/Chauliognathus-pensylvanicus-8143145.jpg,pensylvanicus
gs://bugoff-bucket1/hinton/Insecta/GenusSpecies/Chauliognathus/pensylvanicus/Chauliognathus-pensylvanicus-8215858.jpg,pensylvanicus
gs://bugoff-bucket1/hinton/Insecta/GenusSpecies/Chauliognathus/pensylvanicus/Chauliognathus-pensylvanicus-8228851.jpg,pensylvanicus
gs://bugoff-bucket1/hinton/Insecta/GenusSpecies/Chauliognathus/pensylvanicus/Chauliognathus-pensylvanicus-8264995.jpg,pensylvanicus
gs://bugoff-bucket1/hinton/Insecta/GenusSpecies/Chauliognathus/pensylvanicus/Chauliognathus-pensylvanicus-8267580.jpg,pensylvanicus
gs://bugoff-bucket1/hinton/Insecta/GenusSpecies/Chauliognathus/pensylvanicus/Chauliognathus-pensylvanicus-8300232.jpg,pensylvanicus
gs://bugoff-bucket1/hinton/Insecta/GenusSpecies/Chauliognathus/pensylvanicus/Chauliognathus-pensylvanicus-8300236.jpg,pensylvanicus
gs://bugoff-bucket1/hinton/Insecta/GenusSpecies/Chauliognathus/pensylvanicus/Chauliognathus-pensylvanicus-8310150.jpg,pensylvanicus
gs://bugoff-bucket1/hinton/Insecta/GenusSpecies/Chauliognathus/pensylvanicus/Chauliognathus-pensylvanicus-8366255.jpg,pensylvanicus
gs://bugoff-bucket1/hinton/Insecta/GenusSpecies/Chauliognathus/pensylvanicus/Chauliognathus-pensylvanicus-8482436.jpg,pensylvanicus
gs://bugoff-bucket1/hinton/Insecta/GenusSpecies/Chauliognathus/pensylvanicus/Chauliognathus-pensylvanicus-8544432.jpg,pensylvanicus
gs://bugoff-bucket1/hinton/Insecta/GenusSpecies/Chauliognathus/pensylvanicus/Chauliognathus-pensylvanicus-8567482.jpg,pensylvanicus
gs://bugoff-bucket1/hinton/Insecta/GenusSpecies/Chauliognathus/pensylvanicus/Chauliognathus-pensylvanicus-8568846.jpg,pensylvanicus
gs://bugoff-bucket1/hinton/Insecta/GenusSpecies/Chauliognathus/pensylvanicus/Chauliognathus-pensylvanicus-8627597.jpg,pensylvanicus
gs://bugoff-bucket1/hinton/Insecta/GenusSpecies/Chauliognathus/pensylvanicus/Chauliognathus-pensylvanicus-8683305.jpg,pensylvanicus
gs://bugoff-bucket1/hinton/Insecta/GenusSpecies/Chauliognathus/pensylvanicus/Chauliognathus-pensylvanicus-8705012.jpg,pensylvanicus
gs://bugoff-bucket1/hinton/Insecta/GenusSpecies/Chauliognathus/pensylvanicus/Chauliognathus-pensylvanicus-8739703.jpg,pensylvanicus
gs://bugoff-bucket1/hinton/Insecta/GenusSpecies/Chauliognathus/pensylvanicus/Chauliognathus-pensylvanicus-882413.jpg,pensylvanicus
gs://bugoff-bucket1/hinton/Insecta/GenusSpecies/Chauliognathus/pensylvanicus/Chauliognathus-pensylvanicus-8893260.jpg,pensylvanicus
gs://bugoff-bucket1/hinton/Insecta/GenusSpecies/Chauliognathus/pensylvanicus/Chauliognathus-pensylvanicus-9046366.jpg,pensylvanicus
gs://bugoff-bucket1/hinton/Insecta/GenusSpecies/Chauliognathus/pensylvanicus/Chauliognathus-pensylvanicus-9070174.jpg,pensylvanicus
gs://bugoff-bucket1/hinton/Insecta/GenusSpecies/Chauliognathus/pensylvanicus/Chauliognathus-pensylvanicus-9077765.jpg,pensylvanicus
gs://bugoff-bucket1/hinton/Insecta/GenusSpecies/Chauliognathus/pensylvanicus/Chauliognathus-pensylvanicus-9272998.jpg,pensylvanicus
gs://bugoff-bucket1/hinton/Insecta/GenusSpecies/Chauliognathus/pensylvanicus/Chauliognathus-pensylvanicus-9349722.jpg,pensylvanicus
gs://bugoff-bucket1/hinton/Insecta/GenusSpecies/Chauliognathus/pensylvanicus/Chauliognathus-pensylvanicus-9388480.jpg,pensylvanicus
gs://bugoff-bucket1/hinton/Insecta/GenusSpecies/Chauliognathus/pensylvanicus/Chauliognathus-pensylvanicus-9393022.jpg,pensylvanicus
gs://bugoff-bucket1/hinton/Insecta/GenusSpecies/Chauliognathus/pensylvanicus/Chauliognathus-pensylvanicus-9473130.jpg,pensylvanicus
gs://bugoff-bucket1/hinton/Insecta/GenusSpecies/Chauliognathus/pensylvanicus/Chauliognathus-pensylvanicus-9482341.jpg,pensylvanicus
gs://bugoff-bucket1/hinton/Insecta/GenusSpecies/Chauliognathus/pensylvanicus/Chauliognathus-pensylvanicus-9501940.jpg,pensylvanicus
gs://bugoff-bucket1/hinton/Insecta/GenusSpecies/Chauliognathus/pensylvanicus/Chauliognathus-pensylvanicus-9503260.jpg,pensylvanicus
gs://bugoff-bucket1/hinton/Insecta/GenusSpecies/Chauliognathus/pensylvanicus/Chauliognathus-pensylvanicus-9515822.jpg,pensylvanicus
gs://bugoff-bucket1/hinton/Insecta/GenusSpecies/Chauliognathus/pensylvanicus/Chauliognathus-pensylvanicus-9524023.jpg,pensylvanicus
gs://bugoff-bucket1/hinton/Insecta/GenusSpecies/Chauliognathus/pensylvanicus/Chauliognathus-pensylvanicus-9528655.jpg,pensylvanicus
gs://bugoff-bucket1/hinton/Insecta/GenusSpecies/Chauliognathus/pensylvanicus/Chauliognathus-pensylvanicus-9538663.jpg,pensylvanicus
gs://bugoff-bucket1/hinton/Insecta/GenusSpecies/Chauliognathus/pensylvanicus/Chauliognathus-pensylvanicus-9540703.jpg,pensylvanicus
gs://bugoff-bucket1/hinton/Insecta/GenusSpecies/Chauliognathus/pensylvanicus/Chauliognathus-pensylvanicus-9542528.jpg,pensylvanicus
gs://bugoff-bucket1/hinton/Insecta/GenusSpecies/Chauliognathus/pensylvanicus/Chauliognathus-pensylvanicus-9547638.jpg,pensylvanicus
gs://bugoff-bucket1/hinton/Insecta/GenusSpecies/Chauliognathus/pensylvanicus/Chauliognathus-pensylvanicus-9569305.jpg,pensylvanicus
gs://bugoff-bucket1/hinton/Insecta/GenusSpecies/Chauliognathus/pensylvanicus/Chauliognathus-pensylvanicus-9572279.jpg,pensylvanicus
gs://bugoff-bucket1/hinton/Insecta/GenusSpecies/Chauliognathus/pensylvanicus/Chauliognathus-pensylvanicus-9573553.jpg,pensylvanicus
gs://bugoff-bucket1/hinton/Insecta/GenusSpecies/Chauliognathus/pensylvanicus/Chauliognathus-pensylvanicus-9575846.jpg,pensylvanicus
gs://bugoff-bucket1/hinton/Insecta/GenusSpecies/Chauliognathus/pensylvanicus/Chauliognathus-pensylvanicus-9583346.jpg,pensylvanicus
gs://bugoff-bucket1/hinton/Insecta/GenusSpecies/Chauliognathus/pensylvanicus/Chauliognathus-pensylvanicus-9592822.jpg,pensylvanicus
gs://bugoff-bucket1/hinton/Insecta/GenusSpecies/Chauliognathus/pensylvanicus/Chauliognathus-pensylvanicus-9602724.jpg,pensylvanicus
gs://bugoff-bucket1/hinton/Insecta/GenusSpecies/Chauliognathus/pensylvanicus/Chauliognathus-pensylvanicus-9605833.jpg,pensylvanicus
gs://bugoff-bucket1/hinton/Insecta/GenusSpecies/Chauliognathus/pensylvanicus/Chauliognathus-pensylvanicus-9606801.jpg,pensylvanicus
gs://bugoff-bucket1/hinton/Insecta/GenusSpecies/Chauliognathus/pensylvanicus/Chauliognathus-pensylvanicus-9610087.jpg,pensylvanicus
gs://bugoff-bucket1/hinton/Insecta/GenusSpecies/Chauliognathus/pensylvanicus/Chauliognathus-pensylvanicus-9616594.jpg,pensylvanicus
gs://bugoff-bucket1/hinton/Insecta/GenusSpecies/Chauliognathus/pensylvanicus/Chauliognathus-pensylvanicus-9630183.jpg,pensylvanicus
gs://bugoff-bucket1/hinton/Insecta/GenusSpecies/Chauliognathus/pensylvanicus/Chauliognathus-pensylvanicus-9633090.jpg,pensylvanicus
gs://bugoff-bucket1/hinton/Insecta/GenusSpecies/Chauliognathus/pensylvanicus/Chauliognathus-pensylvanicus-9633210.jpg,pensylvanicus
gs://bugoff-bucket1/hinton/Insecta/GenusSpecies/Chauliognathus/pensylvanicus/Chauliognathus-pensylvanicus-9634154.jpg,pensylvanicus
gs://bugoff-bucket1/hinton/Insecta/GenusSpecies/Chauliognathus/pensylvanicus/Chauliognathus-pensylvanicus-9634743.jpg,pensylvanicus
gs://bugoff-bucket1/hinton/Insecta/GenusSpecies/Chauliognathus/proteum/Chauliognathus-proteum-9170361.jpg,proteum
gs://bugoff-bucket1/hinton/Insecta/GenusSpecies/Chauliognathus/scutellaris/Chauliognathus-scutellaris-8009260.jpg,scutellaris
gs://bugoff-bucket1/hinton/Insecta/GenusSpecies/Chauliognathus/scutellaris/Chauliognathus-scutellaris-8125336.jpg,scutellaris
gs://bugoff-bucket1/hinton/Insecta/GenusSpecies/Chauliognathus/scutellaris/Chauliognathus-scutellaris-8357000.jpg,scutellaris
gs://bugoff-bucket1/hinton/Insecta/GenusSpecies/Chauliognathus/scutellaris/Chauliognathus-scutellaris-8961927.jpg,scutellaris
gs://bugoff-bucket1/hinton/Insecta/GenusSpecies/Chauliognathus/yuccifolium/Chauliognathus-yuccifolium-9148313.jpg,yuccifolium
gs://bugoff-bucket1/hinton/Insecta/GenusSpecies/Cultellunguis/perpallens/Cultellunguis-perpallens-8690031.jpg,perpallens
gs://bugoff-bucket1/hinton/Insecta/GenusSpecies/Cultellunguis/perpallens/Cultellunguis-perpallens-8738367.jpg,perpallens
gs://bugoff-bucket1/hinton/Insecta/GenusSpecies/Cultellunguis/perpallens/Cultellunguis-perpallens-8779993.jpg,perpallens
gs://bugoff-bucket1/hinton/Insecta/GenusSpecies/Cultellunguis/perpallens/Cultellunguis-perpallens-899218.jpg,perpallens
gs://bugoff-bucket1/hinton/Insecta/GenusSpecies/Cyrtomoptera/divisa/Cyrtomoptera-divisa-8463207.jpg,divisa
gs://bugoff-bucket1/hinton/Insecta/GenusSpecies/Cyrtomoptera/divisa/Cyrtomoptera-divisa-9546579.jpg,divisa
gs://bugoff-bucket1/hinton/Insecta/GenusSpecies/Dichelotarsus/pattoni/Dichelotarsus-pattoni-8784880.jpg,pattoni
gs://bugoff-bucket1/hinton/Insecta/GenusSpecies/Dichelotarsus/puberulus/Dichelotarsus-puberulus-8959250.jpg,puberulus
gs://bugoff-bucket1/hinton/Insecta/GenusSpecies/Malthinus/seriepunctatus/Malthinus-seriepunctatus-931480.jpg,seriepunctatus
gs://bugoff-bucket1/hinton/Insecta/GenusSpecies/Pacificanthia/consors/Pacificanthia-consors-800364.jpg,consors
gs://bugoff-bucket1/hinton/Insecta/GenusSpecies/Pacificanthia/consors/Pacificanthia-consors-814452.jpg,consors
gs://bugoff-bucket1/hinton/Insecta/GenusSpecies/Pacificanthia/consors/Pacificanthia-consors-849610.jpg,consors
gs://bugoff-bucket1/hinton/Insecta/GenusSpecies/Pacificanthia/consors/Pacificanthia-consors-850379.jpg,consors
gs://bugoff-bucket1/hinton/Insecta/GenusSpecies/Pacificanthia/consors/Pacificanthia-consors-8583408.jpg,consors
gs://bugoff-bucket1/hinton/Insecta/GenusSpecies/Pacificanthia/consors/Pacificanthia-consors-8646023.jpg,consors
gs://bugoff-bucket1/hinton/Insecta/GenusSpecies/Pacificanthia/consors/Pacificanthia-consors-8668224.jpg,consors
gs://bugoff-bucket1/hinton/Insecta/GenusSpecies/Pacificanthia/consors/Pacificanthia-consors-8714289.jpg,consors
gs://bugoff-bucket1/hinton/Insecta/GenusSpecies/Pacificanthia/consors/Pacificanthia-consors-8726505.jpg,consors
gs://bugoff-bucket1/hinton/Insecta/GenusSpecies/Pacificanthia/consors/Pacificanthia-consors-878893.jpg,consors
gs://bugoff-bucket1/hinton/Insecta/GenusSpecies/Pacificanthia/consors/Pacificanthia-consors-9413008.jpg,consors
gs://bugoff-bucket1/hinton/Insecta/GenusSpecies/Pacificanthia/consors/Pacificanthia-consors-976517.jpg,consors
gs://bugoff-bucket1/hinton/Insecta/GenusSpecies/Pacificanthia/rotundicollis/Pacificanthia-rotundicollis-8547448.jpg,rotundicollis
gs://bugoff-bucket1/hinton/Insecta/GenusSpecies/Pacificanthia/rotundicollis/Pacificanthia-rotundicollis-8641883.jpg,rotundicollis
gs://bugoff-bucket1/hinton/Insecta/GenusSpecies/Podabrus/alpinus/Podabrus-alpinus-8476480.jpg,alpinus
gs://bugoff-bucket1/hinton/Insecta/GenusSpecies/Podabrus/alpinus/Podabrus-alpinus-8993161.jpg,alpinus
gs://bugoff-bucket1/hinton/Insecta/GenusSpecies/Podabrus/alpinus/Podabrus-alpinus-8993171.jpg,alpinus
gs://bugoff-bucket1/hinton/Insecta/GenusSpecies/Podabrus/basillaris/Podabrus-basillaris-8196814.jpg,basillaris
gs://bugoff-bucket1/hinton/Insecta/GenusSpecies/Podabrus/basillaris/Podabrus-basillaris-8328266.jpg,basillaris
gs://bugoff-bucket1/hinton/Insecta/GenusSpecies/Podabrus/brunnicollis/Podabrus-brunnicollis-8176082.jpg,brunnicollis
gs://bugoff-bucket1/hinton/Insecta/GenusSpecies/Podabrus/cavicollis/Podabrus-cavicollis-8166096.jpg,cavicollis
gs://bugoff-bucket1/hinton/Insecta/GenusSpecies/Podabrus/dilaticollis/Podabrus-dilaticollis-8281276.jpg,dilaticollis
gs://bugoff-bucket1/hinton/Insecta/GenusSpecies/Podabrus/fayi/Podabrus-fayi-9254528.jpg,fayi
gs://bugoff-bucket1/hinton/Insecta/GenusSpecies/Podabrus/flavicollis/Podabrus-flavicollis-802236.jpg,flavicollis
gs://bugoff-bucket1/hinton/Insecta/GenusSpecies/Podabrus/flavicollis/Podabrus-flavicollis-8192266.jpg,flavicollis
gs://bugoff-bucket1/hinton/Insecta/GenusSpecies/Podabrus/flavicollis/Podabrus-flavicollis-906888.jpg,flavicollis
gs://bugoff-bucket1/hinton/Insecta/GenusSpecies/Podabrus/frater/Podabrus-frater-851290.jpg,frater
gs://bugoff-bucket1/hinton/Insecta/GenusSpecies/Podabrus/frater/Podabrus-frater-952640.jpg,frater
gs://bugoff-bucket1/hinton/Insecta/GenusSpecies/Podabrus/frosti/Podabrus-frosti-8192276.jpg,frosti
gs://bugoff-bucket1/hinton/Insecta/GenusSpecies/Podabrus/pruinosus/Podabrus-pruinosus-800978.jpg,pruinosus
gs://bugoff-bucket1/hinton/Insecta/GenusSpecies/Podabrus/pruinosus/Podabrus-pruinosus-8058777.jpg,pruinosus
gs://bugoff-bucket1/hinton/Insecta/GenusSpecies/Podabrus/pruinosus/Podabrus-pruinosus-8163720.jpg,pruinosus
gs://bugoff-bucket1/hinton/Insecta/GenusSpecies/Podabrus/pruinosus/Podabrus-pruinosus-826512.jpg,pruinosus
gs://bugoff-bucket1/hinton/Insecta/GenusSpecies/Podabrus/pruinosus/Podabrus-pruinosus-8270029.jpg,pruinosus
gs://bugoff-bucket1/hinton/Insecta/GenusSpecies/Podabrus/pruinosus/Podabrus-pruinosus-831708.jpg,pruinosus
gs://bugoff-bucket1/hinton/Insecta/GenusSpecies/Podabrus/pruinosus/Podabrus-pruinosus-8614745.jpg,pruinosus
gs://bugoff-bucket1/hinton/Insecta/GenusSpecies/Podabrus/pruinosus/Podabrus-pruinosus-8681024.jpg,pruinosus
gs://bugoff-bucket1/hinton/Insecta/GenusSpecies/Podabrus/pruinosus/Podabrus-pruinosus-8864689.jpg,pruinosus
gs://bugoff-bucket1/hinton/Insecta/GenusSpecies/Podabrus/pruinosus/Podabrus-pruinosus-9160177.jpg,pruinosus
gs://bugoff-bucket1/hinton/Insecta/GenusSpecies/Podabrus/pruinosus/Podabrus-pruinosus-9411807.jpg,pruinosus
gs://bugoff-bucket1/hinton/Insecta/GenusSpecies/Podabrus/pruinosus/Podabrus-pruinosus-9414999.jpg,pruinosus
gs://bugoff-bucket1/hinton/Insecta/GenusSpecies/Podabrus/rugosulus/Podabrus-rugosulus-8130708.jpg,rugosulus
gs://bugoff-bucket1/hinton/Insecta/GenusSpecies/Podabrus/rugosulus/Podabrus-rugosulus-8178375.jpg,rugosulus
gs://bugoff-bucket1/hinton/Insecta/GenusSpecies/Podabrus/rugosulus/Podabrus-rugosulus-8186109.jpg,rugosulus
gs://bugoff-bucket1/hinton/Insecta/GenusSpecies/Podabrus/rugosulus/Podabrus-rugosulus-8244001.jpg,rugosulus
gs://bugoff-bucket1/hinton/Insecta/GenusSpecies/Podabrus/rugosulus/Podabrus-rugosulus-8260400.jpg,rugosulus
gs://bugoff-bucket1/hinton/Insecta/GenusSpecies/Podabrus/rugosulus/Podabrus-rugosulus-8274752.jpg,rugosulus
gs://bugoff-bucket1/hinton/Insecta/GenusSpecies/Podabrus/rugosulus/Podabrus-rugosulus-8309800.jpg,rugosulus
gs://bugoff-bucket1/hinton/Insecta/GenusSpecies/Podabrus/rugosulus/Podabrus-rugosulus-8462127.jpg,rugosulus
gs://bugoff-bucket1/hinton/Insecta/GenusSpecies/Podabrus/rugosulus/Podabrus-rugosulus-8491547.jpg,rugosulus
gs://bugoff-bucket1/hinton/Insecta/GenusSpecies/Podabrus/rugosulus/Podabrus-rugosulus-8627083.jpg,rugosulus
gs://bugoff-bucket1/hinton/Insecta/GenusSpecies/Podabrus/rugosulus/Podabrus-rugosulus-8683809.jpg,rugosulus
gs://bugoff-bucket1/hinton/Insecta/GenusSpecies/Podabrus/rugosulus/Podabrus-rugosulus-8838637.jpg,rugosulus
gs://bugoff-bucket1/hinton/Insecta/GenusSpecies/Podabrus/rugosulus/Podabrus-rugosulus-898995.jpg,rugosulus
gs://bugoff-bucket1/hinton/Insecta/GenusSpecies/Podabrus/rugosulus/Podabrus-rugosulus-8995412.jpg,rugosulus
gs://bugoff-bucket1/hinton/Insecta/GenusSpecies/Podabrus/rugosulus/Podabrus-rugosulus-935268.jpg,rugosulus
gs://bugoff-bucket1/hinton/Insecta/GenusSpecies/Podabrus/rugosulus/Podabrus-rugosulus-973870.jpg,rugosulus
gs://bugoff-bucket1/hinton/Insecta/GenusSpecies/Podabrus/tomentosus/Podabrus-tomentosus-8343956.jpg,tomentosus
gs://bugoff-bucket1/hinton/Insecta/GenusSpecies/Podabrus/tomentosus/Podabrus-tomentosus-918025.jpg,tomentosus
gs://bugoff-bucket1/hinton/Insecta/GenusSpecies/Podabrus/tomentosus/Podabrus-tomentosus-918689.jpg,tomentosus
gs://bugoff-bucket1/hinton/Insecta/GenusSpecies/Podabrus/tricostatus/Podabrus-tricostatus-8152393.jpg,tricostatus
gs://bugoff-bucket1/hinton/Insecta/GenusSpecies/Podabrus/tricostatus/Podabrus-tricostatus-8442141.jpg,tricostatus
gs://bugoff-bucket1/hinton/Insecta/GenusSpecies/Podabrus/tricostatus/Podabrus-tricostatus-8473475.jpg,tricostatus
gs://bugoff-bucket1/hinton/Insecta/GenusSpecies/Podabrus/tricostatus/Podabrus-tricostatus-8567383.jpg,tricostatus
gs://bugoff-bucket1/hinton/Insecta/GenusSpecies/Podabrus/tricostatus/Podabrus-tricostatus-8645698.jpg,tricostatus
gs://bugoff-bucket1/hinton/Insecta/GenusSpecies/Polemius/laticornis/Polemius-laticornis-9007418.jpg,laticornis
gs://bugoff-bucket1/hinton/Insecta/GenusSpecies/Polemius/laticornis/Polemius-laticornis-9102945.jpg,laticornis
gs://bugoff-bucket1/hinton/Insecta/GenusSpecies/Rhagonycha/fulva/Rhagonycha-fulva-8055016.jpg,fulva
gs://bugoff-bucket1/hinton/Insecta/GenusSpecies/Rhagonycha/fulva/Rhagonycha-fulva-8057964.jpg,fulva
gs://bugoff-bucket1/hinton/Insecta/GenusSpecies/Rhagonycha/fulva/Rhagonycha-fulva-8057966.jpg,fulva
gs://bugoff-bucket1/hinton/Insecta/GenusSpecies/Rhagonycha/fulva/Rhagonycha-fulva-8096046.jpg,fulva
gs://bugoff-bucket1/hinton/Insecta/GenusSpecies/Rhagonycha/fulva/Rhagonycha-fulva-8118585.jpg,fulva
gs://bugoff-bucket1/hinton/Insecta/GenusSpecies/Rhagonycha/fulva/Rhagonycha-fulva-8143461.jpg,fulva
gs://bugoff-bucket1/hinton/Insecta/GenusSpecies/Rhagonycha/fulva/Rhagonycha-fulva-8163901.jpg,fulva
gs://bugoff-bucket1/hinton/Insecta/GenusSpecies/Rhagonycha/fulva/Rhagonycha-fulva-8192220.jpg,fulva
gs://bugoff-bucket1/hinton/Insecta/GenusSpecies/Rhagonycha/fulva/Rhagonycha-fulva-819928.jpg,fulva
gs://bugoff-bucket1/hinton/Insecta/GenusSpecies/Rhagonycha/fulva/Rhagonycha-fulva-8204697.jpg,fulva
gs://bugoff-bucket1/hinton/Insecta/GenusSpecies/Rhagonycha/fulva/Rhagonycha-fulva-8219892.jpg,fulva
gs://bugoff-bucket1/hinton/Insecta/GenusSpecies/Rhagonycha/fulva/Rhagonycha-fulva-8228602.jpg,fulva
gs://bugoff-bucket1/hinton/Insecta/GenusSpecies/Rhagonycha/fulva/Rhagonycha-fulva-823368.jpg,fulva
gs://bugoff-bucket1/hinton/Insecta/GenusSpecies/Rhagonycha/fulva/Rhagonycha-fulva-8256774.jpg,fulva
gs://bugoff-bucket1/hinton/Insecta/GenusSpecies/Rhagonycha/fulva/Rhagonycha-fulva-829049.jpg,fulva
gs://bugoff-bucket1/hinton/Insecta/GenusSpecies/Rhagonycha/fulva/Rhagonycha-fulva-8296995.jpg,fulva
gs://bugoff-bucket1/hinton/Insecta/GenusSpecies/Rhagonycha/fulva/Rhagonycha-fulva-8300234.jpg,fulva
gs://bugoff-bucket1/hinton/Insecta/GenusSpecies/Rhagonycha/fulva/Rhagonycha-fulva-8326572.jpg,fulva
gs://bugoff-bucket1/hinton/Insecta/GenusSpecies/Rhagonycha/fulva/Rhagonycha-fulva-8389882.jpg,fulva
gs://bugoff-bucket1/hinton/Insecta/GenusSpecies/Rhagonycha/fulva/Rhagonycha-fulva-8394184.jpg,fulva
gs://bugoff-bucket1/hinton/Insecta/GenusSpecies/Rhagonycha/fulva/Rhagonycha-fulva-8414391.jpg,fulva
gs://bugoff-bucket1/hinton/Insecta/GenusSpecies/Rhagonycha/fulva/Rhagonycha-fulva-8429076.jpg,fulva
gs://bugoff-bucket1/hinton/Insecta/GenusSpecies/Rhagonycha/fulva/Rhagonycha-fulva-8464021.jpg,fulva
gs://bugoff-bucket1/hinton/Insecta/GenusSpecies/Rhagonycha/fulva/Rhagonycha-fulva-8464393.jpg,fulva
gs://bugoff-bucket1/hinton/Insecta/GenusSpecies/Rhagonycha/fulva/Rhagonycha-fulva-8483591.jpg,fulva
gs://bugoff-bucket1/hinton/Insecta/GenusSpecies/Rhagonycha/fulva/Rhagonycha-fulva-8488529.jpg,fulva
gs://bugoff-bucket1/hinton/Insecta/GenusSpecies/Rhagonycha/fulva/Rhagonycha-fulva-8508839.jpg,fulva
gs://bugoff-bucket1/hinton/Insecta/GenusSpecies/Rhagonycha/fulva/Rhagonycha-fulva-8542594.jpg,fulva
gs://bugoff-bucket1/hinton/Insecta/GenusSpecies/Rhagonycha/fulva/Rhagonycha-fulva-8553082.jpg,fulva
gs://bugoff-bucket1/hinton/Insecta/GenusSpecies/Rhagonycha/fulva/Rhagonycha-fulva-8584303.jpg,fulva
gs://bugoff-bucket1/hinton/Insecta/GenusSpecies/Rhagonycha/fulva/Rhagonycha-fulva-8586872.jpg,fulva
gs://bugoff-bucket1/hinton/Insecta/GenusSpecies/Rhagonycha/fulva/Rhagonycha-fulva-8587056.jpg,fulva
gs://bugoff-bucket1/hinton/Insecta/GenusSpecies/Rhagonycha/fulva/Rhagonycha-fulva-8596336.jpg,fulva
gs://bugoff-bucket1/hinton/Insecta/GenusSpecies/Rhagonycha/fulva/Rhagonycha-fulva-8599795.jpg,fulva
gs://bugoff-bucket1/hinton/Insecta/GenusSpecies/Rhagonycha/fulva/Rhagonycha-fulva-8616352.jpg,fulva
gs://bugoff-bucket1/hinton/Insecta/GenusSpecies/Rhagonycha/fulva/Rhagonycha-fulva-8632295.jpg,fulva
gs://bugoff-bucket1/hinton/Insecta/GenusSpecies/Rhagonycha/fulva/Rhagonycha-fulva-8633030.jpg,fulva
gs://bugoff-bucket1/hinton/Insecta/GenusSpecies/Rhagonycha/fulva/Rhagonycha-fulva-8633390.jpg,fulva
gs://bugoff-bucket1/hinton/Insecta/GenusSpecies/Rhagonycha/fulva/Rhagonycha-fulva-8660674.jpg,fulva
gs://bugoff-bucket1/hinton/Insecta/GenusSpecies/Rhagonycha/fulva/Rhagonycha-fulva-8712627.jpg,fulva
gs://bugoff-bucket1/hinton/Insecta/GenusSpecies/Rhagonycha/fulva/Rhagonycha-fulva-8712727.jpg,fulva
gs://bugoff-bucket1/hinton/Insecta/GenusSpecies/Rhagonycha/fulva/Rhagonycha-fulva-8712891.jpg,fulva
gs://bugoff-bucket1/hinton/Insecta/GenusSpecies/Rhagonycha/fulva/Rhagonycha-fulva-8723571.jpg,fulva
gs://bugoff-bucket1/hinton/Insecta/GenusSpecies/Rhagonycha/fulva/Rhagonycha-fulva-8729903.jpg,fulva
gs://bugoff-bucket1/hinton/Insecta/GenusSpecies/Rhagonycha/fulva/Rhagonycha-fulva-8748965.jpg,fulva
gs://bugoff-bucket1/hinton/Insecta/GenusSpecies/Rhagonycha/fulva/Rhagonycha-fulva-8768182.jpg,fulva
gs://bugoff-bucket1/hinton/Insecta/GenusSpecies/Rhagonycha/fulva/Rhagonycha-fulva-8782335.jpg,fulva
gs://bugoff-bucket1/hinton/Insecta/GenusSpecies/Rhagonycha/fulva/Rhagonycha-fulva-8790504.jpg,fulva
gs://bugoff-bucket1/hinton/Insecta/GenusSpecies/Rhagonycha/fulva/Rhagonycha-fulva-8804101.jpg,fulva
gs://bugoff-bucket1/hinton/Insecta/GenusSpecies/Rhagonycha/fulva/Rhagonycha-fulva-8831589.jpg,fulva
gs://bugoff-bucket1/hinton/Insecta/GenusSpecies/Rhagonycha/fulva/Rhagonycha-fulva-8836668.jpg,fulva
gs://bugoff-bucket1/hinton/Insecta/GenusSpecies/Rhagonycha/fulva/Rhagonycha-fulva-8850543.jpg,fulva
gs://bugoff-bucket1/hinton/Insecta/GenusSpecies/Rhagonycha/fulva/Rhagonycha-fulva-8851115.jpg,fulva
gs://bugoff-bucket1/hinton/Insecta/GenusSpecies/Rhagonycha/fulva/Rhagonycha-fulva-8851937.jpg,fulva
gs://bugoff-bucket1/hinton/Insecta/GenusSpecies/Rhagonycha/fulva/Rhagonycha-fulva-8852844.jpg,fulva
gs://bugoff-bucket1/hinton/Insecta/GenusSpecies/Rhagonycha/fulva/Rhagonycha-fulva-8855653.jpg,fulva
gs://bugoff-bucket1/hinton/Insecta/GenusSpecies/Rhagonycha/fulva/Rhagonycha-fulva-8873460.jpg,fulva
gs://bugoff-bucket1/hinton/Insecta/GenusSpecies/Rhagonycha/fulva/Rhagonycha-fulva-8885663.jpg,fulva
gs://bugoff-bucket1/hinton/Insecta/GenusSpecies/Rhagonycha/fulva/Rhagonycha-fulva-8886735.jpg,fulva
gs://bugoff-bucket1/hinton/Insecta/GenusSpecies/Rhagonycha/fulva/Rhagonycha-fulva-8890375.jpg,fulva
gs://bugoff-bucket1/hinton/Insecta/GenusSpecies/Rhagonycha/fulva/Rhagonycha-fulva-8890376.jpg,fulva
gs://bugoff-bucket1/hinton/Insecta/GenusSpecies/Rhagonycha/fulva/Rhagonycha-fulva-8892874.jpg,fulva
gs://bugoff-bucket1/hinton/Insecta/GenusSpecies/Rhagonycha/fulva/Rhagonycha-fulva-8899569.jpg,fulva
gs://bugoff-bucket1/hinton/Insecta/GenusSpecies/Rhagonycha/fulva/Rhagonycha-fulva-8909854.jpg,fulva
gs://bugoff-bucket1/hinton/Insecta/GenusSpecies/Rhagonycha/fulva/Rhagonycha-fulva-8919006.jpg,fulva
gs://bugoff-bucket1/hinton/Insecta/GenusSpecies/Rhagonycha/fulva/Rhagonycha-fulva-8929792.jpg,fulva
gs://bugoff-bucket1/hinton/Insecta/GenusSpecies/Rhagonycha/fulva/Rhagonycha-fulva-8930543.jpg,fulva
gs://bugoff-bucket1/hinton/Insecta/GenusSpecies/Rhagonycha/fulva/Rhagonycha-fulva-8934466.jpg,fulva
gs://bugoff-bucket1/hinton/Insecta/GenusSpecies/Rhagonycha/fulva/Rhagonycha-fulva-8956002.jpg,fulva
gs://bugoff-bucket1/hinton/Insecta/GenusSpecies/Rhagonycha/fulva/Rhagonycha-fulva-8956047.jpg,fulva
gs://bugoff-bucket1/hinton/Insecta/GenusSpecies/Rhagonycha/fulva/Rhagonycha-fulva-8958826.jpg,fulva
gs://bugoff-bucket1/hinton/Insecta/GenusSpecies/Rhagonycha/fulva/Rhagonycha-fulva-8982595.jpg,fulva
gs://bugoff-bucket1/hinton/Insecta/GenusSpecies/Rhagonycha/fulva/Rhagonycha-fulva-8986681.jpg,fulva
gs://bugoff-bucket1/hinton/Insecta/GenusSpecies/Rhagonycha/fulva/Rhagonycha-fulva-9004886.jpg,fulva
gs://bugoff-bucket1/hinton/Insecta/GenusSpecies/Rhagonycha/fulva/Rhagonycha-fulva-9016260.jpg,fulva
gs://bugoff-bucket1/hinton/Insecta/GenusSpecies/Rhagonycha/fulva/Rhagonycha-fulva-9030617.jpg,fulva
gs://bugoff-bucket1/hinton/Insecta/GenusSpecies/Rhagonycha/fulva/Rhagonycha-fulva-9032691.jpg,fulva
gs://bugoff-bucket1/hinton/Insecta/GenusSpecies/Rhagonycha/fulva/Rhagonycha-fulva-9033895.jpg,fulva
gs://bugoff-bucket1/hinton/Insecta/GenusSpecies/Rhagonycha/fulva/Rhagonycha-fulva-9035438.jpg,fulva
gs://bugoff-bucket1/hinton/Insecta/GenusSpecies/Rhagonycha/fulva/Rhagonycha-fulva-9035886.jpg,fulva
gs://bugoff-bucket1/hinton/Insecta/GenusSpecies/Rhagonycha/fulva/Rhagonycha-fulva-9044596.jpg,fulva
gs://bugoff-bucket1/hinton/Insecta/GenusSpecies/Rhagonycha/fulva/Rhagonycha-fulva-9044817.jpg,fulva
gs://bugoff-bucket1/hinton/Insecta/GenusSpecies/Rhagonycha/fulva/Rhagonycha-fulva-9047246.jpg,fulva
gs://bugoff-bucket1/hinton/Insecta/GenusSpecies/Rhagonycha/fulva/Rhagonycha-fulva-9051818.jpg,fulva
gs://bugoff-bucket1/hinton/Insecta/GenusSpecies/Rhagonycha/fulva/Rhagonycha-fulva-9052626.jpg,fulva
gs://bugoff-bucket1/hinton/Insecta/GenusSpecies/Rhagonycha/fulva/Rhagonycha-fulva-9053224.jpg,fulva
gs://bugoff-bucket1/hinton/Insecta/GenusSpecies/Rhagonycha/fulva/Rhagonycha-fulva-9061791.jpg,fulva
gs://bugoff-bucket1/hinton/Insecta/GenusSpecies/Rhagonycha/fulva/Rhagonycha-fulva-9061796.jpg,fulva
gs://bugoff-bucket1/hinton/Insecta/GenusSpecies/Rhagonycha/fulva/Rhagonycha-fulva-9066155.jpg,fulva
gs://bugoff-bucket1/hinton/Insecta/GenusSpecies/Rhagonycha/fulva/Rhagonycha-fulva-9066796.jpg,fulva
gs://bugoff-bucket1/hinton/Insecta/GenusSpecies/Rhagonycha/fulva/Rhagonycha-fulva-9074114.jpg,fulva
gs://bugoff-bucket1/hinton/Insecta/GenusSpecies/Rhagonycha/fulva/Rhagonycha-fulva-9074412.jpg,fulva
gs://bugoff-bucket1/hinton/Insecta/GenusSpecies/Rhagonycha/fulva/Rhagonycha-fulva-9079050.jpg,fulva
gs://bugoff-bucket1/hinton/Insecta/GenusSpecies/Rhagonycha/fulva/Rhagonycha-fulva-9079900.jpg,fulva
gs://bugoff-bucket1/hinton/Insecta/GenusSpecies/Rhagonycha/fulva/Rhagonycha-fulva-9079920.jpg,fulva
gs://bugoff-bucket1/hinton/Insecta/GenusSpecies/Rhagonycha/fulva/Rhagonycha-fulva-9088285.jpg,fulva
gs://bugoff-bucket1/hinton/Insecta/GenusSpecies/Rhagonycha/fulva/Rhagonycha-fulva-9102074.jpg,fulva
gs://bugoff-bucket1/hinton/Insecta/GenusSpecies/Rhagonycha/fulva/Rhagonycha-fulva-9102650.jpg,fulva
gs://bugoff-bucket1/hinton/Insecta/GenusSpecies/Rhagonycha/fulva/Rhagonycha-fulva-9108758.jpg,fulva
gs://bugoff-bucket1/hinton/Insecta/GenusSpecies/Rhagonycha/fulva/Rhagonycha-fulva-9137979.jpg,fulva
gs://bugoff-bucket1/hinton/Insecta/GenusSpecies/Rhagonycha/fulva/Rhagonycha-fulva-9139914.jpg,fulva
gs://bugoff-bucket1/hinton/Insecta/GenusSpecies/Rhagonycha/fulva/Rhagonycha-fulva-9141411.jpg,fulva
gs://bugoff-bucket1/hinton/Insecta/GenusSpecies/Rhagonycha/fulva/Rhagonycha-fulva-9144306.jpg,fulva
gs://bugoff-bucket1/hinton/Insecta/GenusSpecies/Rhagonycha/fulva/Rhagonycha-fulva-9149642.jpg,fulva
gs://bugoff-bucket1/hinton/Insecta/GenusSpecies/Rhagonycha/fulva/Rhagonycha-fulva-9149751.jpg,fulva
gs://bugoff-bucket1/hinton/Insecta/GenusSpecies/Rhagonycha/fulva/Rhagonycha-fulva-9157167.jpg,fulva
gs://bugoff-bucket1/hinton/Insecta/GenusSpecies/Rhagonycha/fulva/Rhagonycha-fulva-9161986.jpg,fulva
gs://bugoff-bucket1/hinton/Insecta/GenusSpecies/Rhagonycha/fulva/Rhagonycha-fulva-9170172.jpg,fulva
gs://bugoff-bucket1/hinton/Insecta/GenusSpecies/Rhagonycha/fulva/Rhagonycha-fulva-9179959.jpg,fulva
gs://bugoff-bucket1/hinton/Insecta/GenusSpecies/Rhagonycha/fulva/Rhagonycha-fulva-9181879.jpg,fulva
gs://bugoff-bucket1/hinton/Insecta/GenusSpecies/Rhagonycha/fulva/Rhagonycha-fulva-9185919.jpg,fulva
gs://bugoff-bucket1/hinton/Insecta/GenusSpecies/Rhagonycha/fulva/Rhagonycha-fulva-9201215.jpg,fulva
gs://bugoff-bucket1/hinton/Insecta/GenusSpecies/Rhagonycha/fulva/Rhagonycha-fulva-9202927.jpg,fulva
gs://bugoff-bucket1/hinton/Insecta/GenusSpecies/Rhagonycha/fulva/Rhagonycha-fulva-9211035.jpg,fulva
gs://bugoff-bucket1/hinton/Insecta/GenusSpecies/Rhagonycha/fulva/Rhagonycha-fulva-9215391.jpg,fulva
gs://bugoff-bucket1/hinton/Insecta/GenusSpecies/Rhagonycha/fulva/Rhagonycha-fulva-9215885.jpg,fulva
gs://bugoff-bucket1/hinton/Insecta/GenusSpecies/Rhagonycha/fulva/Rhagonycha-fulva-9216022.jpg,fulva
gs://bugoff-bucket1/hinton/Insecta/GenusSpecies/Rhagonycha/fulva/Rhagonycha-fulva-9219025.jpg,fulva
gs://bugoff-bucket1/hinton/Insecta/GenusSpecies/Rhagonycha/fulva/Rhagonycha-fulva-9220382.jpg,fulva
gs://bugoff-bucket1/hinton/Insecta/GenusSpecies/Rhagonycha/fulva/Rhagonycha-fulva-9224572.jpg,fulva
gs://bugoff-bucket1/hinton/Insecta/GenusSpecies/Rhagonycha/fulva/Rhagonycha-fulva-9225581.jpg,fulva
gs://bugoff-bucket1/hinton/Insecta/GenusSpecies/Rhagonycha/fulva/Rhagonycha-fulva-9227931.jpg,fulva
gs://bugoff-bucket1/hinton/Insecta/GenusSpecies/Rhagonycha/fulva/Rhagonycha-fulva-9231259.jpg,fulva
gs://bugoff-bucket1/hinton/Insecta/GenusSpecies/Rhagonycha/fulva/Rhagonycha-fulva-9234557.jpg,fulva
gs://bugoff-bucket1/hinton/Insecta/GenusSpecies/Rhagonycha/fulva/Rhagonycha-fulva-9235968.jpg,fulva
gs://bugoff-bucket1/hinton/Insecta/GenusSpecies/Rhagonycha/fulva/Rhagonycha-fulva-9240927.jpg,fulva
gs://bugoff-bucket1/hinton/Insecta/GenusSpecies/Rhagonycha/fulva/Rhagonycha-fulva-9241298.jpg,fulva
gs://bugoff-bucket1/hinton/Insecta/GenusSpecies/Rhagonycha/fulva/Rhagonycha-fulva-9249356.jpg,fulva
gs://bugoff-bucket1/hinton/Insecta/GenusSpecies/Rhagonycha/fulva/Rhagonycha-fulva-9265630.jpg,fulva
gs://bugoff-bucket1/hinton/Insecta/GenusSpecies/Rhagonycha/fulva/Rhagonycha-fulva-9266092.jpg,fulva
gs://bugoff-bucket1/hinton/Insecta/GenusSpecies/Rhagonycha/fulva/Rhagonycha-fulva-9266332.jpg,fulva
gs://bugoff-bucket1/hinton/Insecta/GenusSpecies/Rhagonycha/fulva/Rhagonycha-fulva-9266460.jpg,fulva
gs://bugoff-bucket1/hinton/Insecta/GenusSpecies/Rhagonycha/fulva/Rhagonycha-fulva-9270646.jpg,fulva
gs://bugoff-bucket1/hinton/Insecta/GenusSpecies/Rhagonycha/fulva/Rhagonycha-fulva-9272975.jpg,fulva
gs://bugoff-bucket1/hinton/Insecta/GenusSpecies/Rhagonycha/fulva/Rhagonycha-fulva-9277111.jpg,fulva
gs://bugoff-bucket1/hinton/Insecta/GenusSpecies/Rhagonycha/fulva/Rhagonycha-fulva-9282385.jpg,fulva
gs://bugoff-bucket1/hinton/Insecta/GenusSpecies/Rhagonycha/fulva/Rhagonycha-fulva-9288293.jpg,fulva
gs://bugoff-bucket1/hinton/Insecta/GenusSpecies/Rhagonycha/fulva/Rhagonycha-fulva-9288681.jpg,fulva
gs://bugoff-bucket1/hinton/Insecta/GenusSpecies/Rhagonycha/fulva/Rhagonycha-fulva-9289974.jpg,fulva
gs://bugoff-bucket1/hinton/Insecta/GenusSpecies/Rhagonycha/fulva/Rhagonycha-fulva-9313183.jpg,fulva
gs://bugoff-bucket1/hinton/Insecta/GenusSpecies/Rhagonycha/fulva/Rhagonycha-fulva-9315415.jpg,fulva
gs://bugoff-bucket1/hinton/Insecta/GenusSpecies/Rhagonycha/fulva/Rhagonycha-fulva-9316623.jpg,fulva
gs://bugoff-bucket1/hinton/Insecta/GenusSpecies/Rhagonycha/fulva/Rhagonycha-fulva-9319639.jpg,fulva
gs://bugoff-bucket1/hinton/Insecta/GenusSpecies/Rhagonycha/fulva/Rhagonycha-fulva-9320870.jpg,fulva
gs://bugoff-bucket1/hinton/Insecta/GenusSpecies/Rhagonycha/fulva/Rhagonycha-fulva-9337721.jpg,fulva
gs://bugoff-bucket1/hinton/Insecta/GenusSpecies/Rhagonycha/fulva/Rhagonycha-fulva-9345015.jpg,fulva
gs://bugoff-bucket1/hinton/Insecta/GenusSpecies/Rhagonycha/fulva/Rhagonycha-fulva-934656.jpg,fulva
gs://bugoff-bucket1/hinton/Insecta/GenusSpecies/Rhagonycha/fulva/Rhagonycha-fulva-9349742.jpg,fulva
gs://bugoff-bucket1/hinton/Insecta/GenusSpecies/Rhagonycha/fulva/Rhagonycha-fulva-9353373.jpg,fulva
gs://bugoff-bucket1/hinton/Insecta/GenusSpecies/Rhagonycha/fulva/Rhagonycha-fulva-9364695.jpg,fulva
gs://bugoff-bucket1/hinton/Insecta/GenusSpecies/Rhagonycha/fulva/Rhagonycha-fulva-9383637.jpg,fulva
gs://bugoff-bucket1/hinton/Insecta/GenusSpecies/Rhagonycha/fulva/Rhagonycha-fulva-9385404.jpg,fulva
gs://bugoff-bucket1/hinton/Insecta/GenusSpecies/Rhagonycha/fulva/Rhagonycha-fulva-9403088.jpg,fulva
gs://bugoff-bucket1/hinton/Insecta/GenusSpecies/Rhagonycha/fulva/Rhagonycha-fulva-9403100.jpg,fulva
gs://bugoff-bucket1/hinton/Insecta/GenusSpecies/Rhagonycha/fulva/Rhagonycha-fulva-9408605.jpg,fulva
gs://bugoff-bucket1/hinton/Insecta/GenusSpecies/Rhagonycha/fulva/Rhagonycha-fulva-9413462.jpg,fulva
gs://bugoff-bucket1/hinton/Insecta/GenusSpecies/Rhagonycha/fulva/Rhagonycha-fulva-9452550.jpg,fulva
gs://bugoff-bucket1/hinton/Insecta/GenusSpecies/Rhagonycha/fulva/Rhagonycha-fulva-9462018.jpg,fulva
gs://bugoff-bucket1/hinton/Insecta/GenusSpecies/Rhagonycha/fulva/Rhagonycha-fulva-9466952.jpg,fulva
gs://bugoff-bucket1/hinton/Insecta/GenusSpecies/Rhagonycha/fulva/Rhagonycha-fulva-9478232.jpg,fulva
gs://bugoff-bucket1/hinton/Insecta/GenusSpecies/Rhagonycha/fulva/Rhagonycha-fulva-9498664.jpg,fulva
gs://bugoff-bucket1/hinton/Insecta/GenusSpecies/Rhagonycha/fulva/Rhagonycha-fulva-9508970.jpg,fulva
gs://bugoff-bucket1/hinton/Insecta/GenusSpecies/Rhagonycha/fulva/Rhagonycha-fulva-9514366.jpg,fulva
gs://bugoff-bucket1/hinton/Insecta/GenusSpecies/Rhagonycha/fulva/Rhagonycha-fulva-9518918.jpg,fulva
gs://bugoff-bucket1/hinton/Insecta/GenusSpecies/Rhagonycha/fulva/Rhagonycha-fulva-9519202.jpg,fulva
gs://bugoff-bucket1/hinton/Insecta/GenusSpecies/Rhagonycha/fulva/Rhagonycha-fulva-9521045.jpg,fulva
gs://bugoff-bucket1/hinton/Insecta/GenusSpecies/Rhagonycha/fulva/Rhagonycha-fulva-9532122.jpg,fulva
gs://bugoff-bucket1/hinton/Insecta/GenusSpecies/Rhagonycha/fulva/Rhagonycha-fulva-9536392.jpg,fulva
gs://bugoff-bucket1/hinton/Insecta/GenusSpecies/Rhagonycha/fulva/Rhagonycha-fulva-9542787.jpg,fulva
gs://bugoff-bucket1/hinton/Insecta/GenusSpecies/Rhagonycha/fulva/Rhagonycha-fulva-9593282.jpg,fulva
gs://bugoff-bucket1/hinton/Insecta/GenusSpecies/Rhagonycha/fulva/Rhagonycha-fulva-9598961.jpg,fulva
gs://bugoff-bucket1/hinton/Insecta/GenusSpecies/Rhagonycha/fulva/Rhagonycha-fulva-9631150.jpg,fulva
gs://bugoff-bucket1/hinton/Insecta/GenusSpecies/Rhagonycha/fulva/Rhagonycha-fulva-968946.jpg,fulva
gs://bugoff-bucket1/hinton/Insecta/GenusSpecies/Rhagonycha/mollis/Rhagonycha-mollis-9288735.jpg,mollis
gs://bugoff-bucket1/hinton/Insecta/GenusSpecies/Rhaxonycha/carolina/Rhaxonycha-carolina-8111653.jpg,carolina
gs://bugoff-bucket1/hinton/Insecta/GenusSpecies/Rhaxonycha/carolina/Rhaxonycha-carolina-8260534.jpg,carolina
gs://bugoff-bucket1/hinton/Insecta/GenusSpecies/Rhaxonycha/carolina/Rhaxonycha-carolina-8535264.jpg,carolina
gs://bugoff-bucket1/hinton/Insecta/GenusSpecies/Rhaxonycha/carolina/Rhaxonycha-carolina-9006879.jpg,carolina
gs://bugoff-bucket1/hinton/Insecta/GenusSpecies/Rhaxonycha/carolina/Rhaxonycha-carolina-922865.jpg,carolina
gs://bugoff-bucket1/hinton/Insecta/GenusSpecies/Silis/difficilis/Silis-difficilis-8670091.jpg,difficilis
gs://bugoff-bucket1/hinton/Insecta/GenusSpecies/Trypherus/frisoni/Trypherus-frisoni-8652684.jpg,frisoni
