gs://bugoff-bucket1/hinton/Insecta/GenusSpecies/Lasioglossum/coactum/Lasioglossum-coactum-8330638.jpg,coactum
gs://bugoff-bucket1/hinton/Insecta/GenusSpecies/Lasioglossum/coeruleum/Lasioglossum-coeruleum-9260625.jpg,coeruleum
gs://bugoff-bucket1/hinton/Insecta/GenusSpecies/Lasioglossum/fuscipenne/Lasioglossum-fuscipenne-8174557.jpg,fuscipenne
gs://bugoff-bucket1/hinton/Insecta/GenusSpecies/Lasioglossum/imbrex/Lasioglossum-imbrex-9221340.jpg,imbrex
gs://bugoff-bucket1/hinton/Insecta/GenusSpecies/Lasioglossum/morio/Lasioglossum-morio-8306572.jpg,morio
gs://bugoff-bucket1/hinton/Insecta/GenusSpecies/Lasioglossum/pavonotum/Lasioglossum-pavonotum-833088.jpg,pavonotum
gs://bugoff-bucket1/hinton/Insecta/GenusSpecies/Lasioglossum/pruinosum/Lasioglossum-pruinosum-8454769.jpg,pruinosum
gs://bugoff-bucket1/hinton/Insecta/GenusSpecies/Lasioglossum/sakagamii/Lasioglossum-sakagamii-8203566.jpg,sakagamii
gs://bugoff-bucket1/hinton/Insecta/GenusSpecies/Lasioglossum/sisymbrii/Lasioglossum-sisymbrii-8319729.jpg,sisymbrii
gs://bugoff-bucket1/hinton/Insecta/GenusSpecies/Lasioglossum/sisymbrii/Lasioglossum-sisymbrii-8733209.jpg,sisymbrii
gs://bugoff-bucket1/hinton/Insecta/GenusSpecies/Lasioglossum/vierecki/Lasioglossum-vierecki-8517263.jpg,vierecki
gs://bugoff-bucket1/hinton/Insecta/GenusSpecies/Lasioglossum/zephyrum/Lasioglossum-zephyrum-8244364.jpg,zephyrum
gs://bugoff-bucket1/hinton/Insecta/GenusSpecies/Lasioglossum/coactum/Lasioglossum-coactum-8330638.jpg,coactum
gs://bugoff-bucket1/hinton/Insecta/GenusSpecies/Lasioglossum/coeruleum/Lasioglossum-coeruleum-9260625.jpg,coeruleum
gs://bugoff-bucket1/hinton/Insecta/GenusSpecies/Lasioglossum/fuscipenne/Lasioglossum-fuscipenne-8174557.jpg,fuscipenne
gs://bugoff-bucket1/hinton/Insecta/GenusSpecies/Lasioglossum/imbrex/Lasioglossum-imbrex-9221340.jpg,imbrex
gs://bugoff-bucket1/hinton/Insecta/GenusSpecies/Lasioglossum/morio/Lasioglossum-morio-8306572.jpg,morio
gs://bugoff-bucket1/hinton/Insecta/GenusSpecies/Lasioglossum/pavonotum/Lasioglossum-pavonotum-833088.jpg,pavonotum
gs://bugoff-bucket1/hinton/Insecta/GenusSpecies/Lasioglossum/pruinosum/Lasioglossum-pruinosum-8454769.jpg,pruinosum
gs://bugoff-bucket1/hinton/Insecta/GenusSpecies/Lasioglossum/sakagamii/Lasioglossum-sakagamii-8203566.jpg,sakagamii
gs://bugoff-bucket1/hinton/Insecta/GenusSpecies/Lasioglossum/sisymbrii/Lasioglossum-sisymbrii-8319729.jpg,sisymbrii
gs://bugoff-bucket1/hinton/Insecta/GenusSpecies/Lasioglossum/sisymbrii/Lasioglossum-sisymbrii-8733209.jpg,sisymbrii
gs://bugoff-bucket1/hinton/Insecta/GenusSpecies/Lasioglossum/vierecki/Lasioglossum-vierecki-8517263.jpg,vierecki
gs://bugoff-bucket1/hinton/Insecta/GenusSpecies/Lasioglossum/zephyrum/Lasioglossum-zephyrum-8244364.jpg,zephyrum
