gs://bugoff-bucket1/hinton/Insecta/GenusSpecies/Lasioglossum/(austrevylaeus)/Lasioglossum-(austrevylaeus)-5365959.jpg,(austrevylaeus)
gs://bugoff-bucket1/hinton/Insecta/GenusSpecies/Lasioglossum/(austrevylaeus)/Lasioglossum-(austrevylaeus)-6208334.jpg,(austrevylaeus)
gs://bugoff-bucket1/hinton/Insecta/GenusSpecies/Lasioglossum/actinosum/Lasioglossum-actinosum-1178371.jpg,actinosum
gs://bugoff-bucket1/hinton/Insecta/GenusSpecies/Lasioglossum/calceatum/Lasioglossum-calceatum-4921107.jpg,calceatum
gs://bugoff-bucket1/hinton/Insecta/GenusSpecies/Lasioglossum/coactum/Lasioglossum-coactum-5892369.jpg,coactum
gs://bugoff-bucket1/hinton/Insecta/GenusSpecies/Lasioglossum/coactum/Lasioglossum-coactum-6233159.jpg,coactum
gs://bugoff-bucket1/hinton/Insecta/GenusSpecies/Lasioglossum/coactum/Lasioglossum-coactum-6334872.jpg,coactum
gs://bugoff-bucket1/hinton/Insecta/GenusSpecies/Lasioglossum/coactum/Lasioglossum-coactum-6748831.jpg,coactum
gs://bugoff-bucket1/hinton/Insecta/GenusSpecies/Lasioglossum/coactum/Lasioglossum-coactum-7515607.jpg,coactum
gs://bugoff-bucket1/hinton/Insecta/GenusSpecies/Lasioglossum/cognatum/Lasioglossum-cognatum-1922147.jpg,cognatum
gs://bugoff-bucket1/hinton/Insecta/GenusSpecies/Lasioglossum/cognatum/Lasioglossum-cognatum-4285276.jpg,cognatum
gs://bugoff-bucket1/hinton/Insecta/GenusSpecies/Lasioglossum/cognatum/Lasioglossum-cognatum-5716276.jpg,cognatum
gs://bugoff-bucket1/hinton/Insecta/GenusSpecies/Lasioglossum/cognatum/Lasioglossum-cognatum-6154019.jpg,cognatum
gs://bugoff-bucket1/hinton/Insecta/GenusSpecies/Lasioglossum/cressonii/Lasioglossum-cressonii-5398971.jpg,cressonii
gs://bugoff-bucket1/hinton/Insecta/GenusSpecies/Lasioglossum/foxii/Lasioglossum-foxii-4959512.jpg,foxii
gs://bugoff-bucket1/hinton/Insecta/GenusSpecies/Lasioglossum/fuscipenne/Lasioglossum-fuscipenne-1320436.jpg,fuscipenne
gs://bugoff-bucket1/hinton/Insecta/GenusSpecies/Lasioglossum/fuscipenne/Lasioglossum-fuscipenne-411731.jpg,fuscipenne
gs://bugoff-bucket1/hinton/Insecta/GenusSpecies/Lasioglossum/fuscipenne/Lasioglossum-fuscipenne-5516346.jpg,fuscipenne
gs://bugoff-bucket1/hinton/Insecta/GenusSpecies/Lasioglossum/fuscipenne/Lasioglossum-fuscipenne-5954346.jpg,fuscipenne
gs://bugoff-bucket1/hinton/Insecta/GenusSpecies/Lasioglossum/fuscipenne/Lasioglossum-fuscipenne-6133835.jpg,fuscipenne
gs://bugoff-bucket1/hinton/Insecta/GenusSpecies/Lasioglossum/hudsoniellum/Lasioglossum-hudsoniellum-3742162.jpg,hudsoniellum
gs://bugoff-bucket1/hinton/Insecta/GenusSpecies/Lasioglossum/imitatum/Lasioglossum-imitatum-4955009.jpg,imitatum
gs://bugoff-bucket1/hinton/Insecta/GenusSpecies/Lasioglossum/imitatum/Lasioglossum-imitatum-5557720.jpg,imitatum
gs://bugoff-bucket1/hinton/Insecta/GenusSpecies/Lasioglossum/incompletum/Lasioglossum-incompletum-3796711.jpg,incompletum
gs://bugoff-bucket1/hinton/Insecta/GenusSpecies/Lasioglossum/laevissimum/Lasioglossum-laevissimum-7783033.jpg,laevissimum
gs://bugoff-bucket1/hinton/Insecta/GenusSpecies/Lasioglossum/lionotum/Lasioglossum-lionotum-4952534.jpg,lionotum
gs://bugoff-bucket1/hinton/Insecta/GenusSpecies/Lasioglossum/michiganense/Lasioglossum-michiganense-4953519.jpg,michiganense
gs://bugoff-bucket1/hinton/Insecta/GenusSpecies/Lasioglossum/microlepoides/Lasioglossum-microlepoides-3135312.jpg,microlepoides
gs://bugoff-bucket1/hinton/Insecta/GenusSpecies/Lasioglossum/microlepoides/Lasioglossum-microlepoides-3796266.jpg,microlepoides
gs://bugoff-bucket1/hinton/Insecta/GenusSpecies/Lasioglossum/microlepoides/Lasioglossum-microlepoides-3796276.jpg,microlepoides
gs://bugoff-bucket1/hinton/Insecta/GenusSpecies/Lasioglossum/microlepoides/Lasioglossum-microlepoides-3796374.jpg,microlepoides
gs://bugoff-bucket1/hinton/Insecta/GenusSpecies/Lasioglossum/microlepoides/Lasioglossum-microlepoides-3796381.jpg,microlepoides
gs://bugoff-bucket1/hinton/Insecta/GenusSpecies/Lasioglossum/microlepoides/Lasioglossum-microlepoides-3796393.jpg,microlepoides
gs://bugoff-bucket1/hinton/Insecta/GenusSpecies/Lasioglossum/microlepoides/Lasioglossum-microlepoides-3796410.jpg,microlepoides
gs://bugoff-bucket1/hinton/Insecta/GenusSpecies/Lasioglossum/microlepoides/Lasioglossum-microlepoides-3796608.jpg,microlepoides
gs://bugoff-bucket1/hinton/Insecta/GenusSpecies/Lasioglossum/microlepoides/Lasioglossum-microlepoides-3796719.jpg,microlepoides
gs://bugoff-bucket1/hinton/Insecta/GenusSpecies/Lasioglossum/microlepoides/Lasioglossum-microlepoides-4015097.jpg,microlepoides
gs://bugoff-bucket1/hinton/Insecta/GenusSpecies/Lasioglossum/morio/Lasioglossum-morio-2699423.jpg,morio
gs://bugoff-bucket1/hinton/Insecta/GenusSpecies/Lasioglossum/oenotherae/Lasioglossum-oenotherae-4953579.jpg,oenotherae
gs://bugoff-bucket1/hinton/Insecta/GenusSpecies/Lasioglossum/ovaliceps/Lasioglossum-ovaliceps-1607015.jpg,ovaliceps
gs://bugoff-bucket1/hinton/Insecta/GenusSpecies/Lasioglossum/ovaliceps/Lasioglossum-ovaliceps-7383241.jpg,ovaliceps
gs://bugoff-bucket1/hinton/Insecta/GenusSpecies/Lasioglossum/pectorale/Lasioglossum-pectorale-4957688.jpg,pectorale
gs://bugoff-bucket1/hinton/Insecta/GenusSpecies/Lasioglossum/pictum/Lasioglossum-pictum-6090985.jpg,pictum
gs://bugoff-bucket1/hinton/Insecta/GenusSpecies/Lasioglossum/pilosum/Lasioglossum-pilosum-2795858.jpg,pilosum
gs://bugoff-bucket1/hinton/Insecta/GenusSpecies/Lasioglossum/pilosum/Lasioglossum-pilosum-4957598.jpg,pilosum
gs://bugoff-bucket1/hinton/Insecta/GenusSpecies/Lasioglossum/pilosum/Lasioglossum-pilosum-5539536.jpg,pilosum
gs://bugoff-bucket1/hinton/Insecta/GenusSpecies/Lasioglossum/pilosum/Lasioglossum-pilosum-6505132.jpg,pilosum
gs://bugoff-bucket1/hinton/Insecta/GenusSpecies/Lasioglossum/pilosum/Lasioglossum-pilosum-7610406.jpg,pilosum
gs://bugoff-bucket1/hinton/Insecta/GenusSpecies/Lasioglossum/sexnotatum/Lasioglossum-sexnotatum-4556218.jpg,sexnotatum
gs://bugoff-bucket1/hinton/Insecta/GenusSpecies/Lasioglossum/sisymbrii/Lasioglossum-sisymbrii-3123646.jpg,sisymbrii
gs://bugoff-bucket1/hinton/Insecta/GenusSpecies/Lasioglossum/sisymbrii/Lasioglossum-sisymbrii-3285136.jpg,sisymbrii
gs://bugoff-bucket1/hinton/Insecta/GenusSpecies/Lasioglossum/sisymbrii/Lasioglossum-sisymbrii-3740133.jpg,sisymbrii
gs://bugoff-bucket1/hinton/Insecta/GenusSpecies/Lasioglossum/sisymbrii/Lasioglossum-sisymbrii-3740295.jpg,sisymbrii
gs://bugoff-bucket1/hinton/Insecta/GenusSpecies/Lasioglossum/sisymbrii/Lasioglossum-sisymbrii-3741925.jpg,sisymbrii
gs://bugoff-bucket1/hinton/Insecta/GenusSpecies/Lasioglossum/sisymbrii/Lasioglossum-sisymbrii-3741951.jpg,sisymbrii
gs://bugoff-bucket1/hinton/Insecta/GenusSpecies/Lasioglossum/sisymbrii/Lasioglossum-sisymbrii-3741978.jpg,sisymbrii
gs://bugoff-bucket1/hinton/Insecta/GenusSpecies/Lasioglossum/sisymbrii/Lasioglossum-sisymbrii-3742004.jpg,sisymbrii
gs://bugoff-bucket1/hinton/Insecta/GenusSpecies/Lasioglossum/sisymbrii/Lasioglossum-sisymbrii-3742020.jpg,sisymbrii
gs://bugoff-bucket1/hinton/Insecta/GenusSpecies/Lasioglossum/sisymbrii/Lasioglossum-sisymbrii-3742508.jpg,sisymbrii
gs://bugoff-bucket1/hinton/Insecta/GenusSpecies/Lasioglossum/sisymbrii/Lasioglossum-sisymbrii-3742541.jpg,sisymbrii
gs://bugoff-bucket1/hinton/Insecta/GenusSpecies/Lasioglossum/sisymbrii/Lasioglossum-sisymbrii-3742556.jpg,sisymbrii
gs://bugoff-bucket1/hinton/Insecta/GenusSpecies/Lasioglossum/sisymbrii/Lasioglossum-sisymbrii-3772709.jpg,sisymbrii
gs://bugoff-bucket1/hinton/Insecta/GenusSpecies/Lasioglossum/sisymbrii/Lasioglossum-sisymbrii-3785467.jpg,sisymbrii
gs://bugoff-bucket1/hinton/Insecta/GenusSpecies/Lasioglossum/sisymbrii/Lasioglossum-sisymbrii-6967234.jpg,sisymbrii
gs://bugoff-bucket1/hinton/Insecta/GenusSpecies/Lasioglossum/sisymbrii/Lasioglossum-sisymbrii-7037674.jpg,sisymbrii
gs://bugoff-bucket1/hinton/Insecta/GenusSpecies/Lasioglossum/sordidum/Lasioglossum-sordidum-5951349.jpg,sordidum
gs://bugoff-bucket1/hinton/Insecta/GenusSpecies/Lasioglossum/sordidum/Lasioglossum-sordidum-5972389.jpg,sordidum
gs://bugoff-bucket1/hinton/Insecta/GenusSpecies/Lasioglossum/sordidum/Lasioglossum-sordidum-6484439.jpg,sordidum
gs://bugoff-bucket1/hinton/Insecta/GenusSpecies/Lasioglossum/sphecodoides/Lasioglossum-sphecodoides-3039896.jpg,sphecodoides
gs://bugoff-bucket1/hinton/Insecta/GenusSpecies/Lasioglossum/urbanum/Lasioglossum-urbanum-1733755.jpg,urbanum
gs://bugoff-bucket1/hinton/Insecta/GenusSpecies/Lasioglossum/versatum/Lasioglossum-versatum-4957610.jpg,versatum
gs://bugoff-bucket1/hinton/Insecta/GenusSpecies/Lasioglossum/versatum/Lasioglossum-versatum-5839643.jpg,versatum
gs://bugoff-bucket1/hinton/Insecta/GenusSpecies/Lasioglossum/versatum/Lasioglossum-versatum-6133841.jpg,versatum
gs://bugoff-bucket1/hinton/Insecta/GenusSpecies/Lasioglossum/vierecki/Lasioglossum-vierecki-1689545.jpg,vierecki
gs://bugoff-bucket1/hinton/Insecta/GenusSpecies/Lasioglossum/vierecki/Lasioglossum-vierecki-2106945.jpg,vierecki
gs://bugoff-bucket1/hinton/Insecta/GenusSpecies/Lasioglossum/vierecki/Lasioglossum-vierecki-2143929.jpg,vierecki
gs://bugoff-bucket1/hinton/Insecta/GenusSpecies/Lasioglossum/vierecki/Lasioglossum-vierecki-4955391.jpg,vierecki
gs://bugoff-bucket1/hinton/Insecta/GenusSpecies/Lasioglossum/zephyrum/Lasioglossum-zephyrum-2261341.jpg,zephyrum
gs://bugoff-bucket1/hinton/Insecta/GenusSpecies/Lasioglossum/zephyrum/Lasioglossum-zephyrum-2366720.jpg,zephyrum
gs://bugoff-bucket1/hinton/Insecta/GenusSpecies/Lasioglossum/zephyrum/Lasioglossum-zephyrum-330016.jpg,zephyrum
gs://bugoff-bucket1/hinton/Insecta/GenusSpecies/Lasioglossum/zephyrum/Lasioglossum-zephyrum-5960659.jpg,zephyrum
gs://bugoff-bucket1/hinton/Insecta/GenusSpecies/Lasioglossum/zephyrum/Lasioglossum-zephyrum-6477578.jpg,zephyrum
gs://bugoff-bucket1/hinton/Insecta/GenusSpecies/Lasioglossum/(austrevylaeus)/Lasioglossum-(austrevylaeus)-5365959.jpg,(austrevylaeus)
gs://bugoff-bucket1/hinton/Insecta/GenusSpecies/Lasioglossum/(austrevylaeus)/Lasioglossum-(austrevylaeus)-6208334.jpg,(austrevylaeus)
gs://bugoff-bucket1/hinton/Insecta/GenusSpecies/Lasioglossum/actinosum/Lasioglossum-actinosum-1178371.jpg,actinosum
gs://bugoff-bucket1/hinton/Insecta/GenusSpecies/Lasioglossum/calceatum/Lasioglossum-calceatum-4921107.jpg,calceatum
gs://bugoff-bucket1/hinton/Insecta/GenusSpecies/Lasioglossum/coactum/Lasioglossum-coactum-5892369.jpg,coactum
gs://bugoff-bucket1/hinton/Insecta/GenusSpecies/Lasioglossum/coactum/Lasioglossum-coactum-6233159.jpg,coactum
gs://bugoff-bucket1/hinton/Insecta/GenusSpecies/Lasioglossum/coactum/Lasioglossum-coactum-6334872.jpg,coactum
gs://bugoff-bucket1/hinton/Insecta/GenusSpecies/Lasioglossum/coactum/Lasioglossum-coactum-6748831.jpg,coactum
gs://bugoff-bucket1/hinton/Insecta/GenusSpecies/Lasioglossum/coactum/Lasioglossum-coactum-7515607.jpg,coactum
gs://bugoff-bucket1/hinton/Insecta/GenusSpecies/Lasioglossum/cognatum/Lasioglossum-cognatum-1922147.jpg,cognatum
gs://bugoff-bucket1/hinton/Insecta/GenusSpecies/Lasioglossum/cognatum/Lasioglossum-cognatum-4285276.jpg,cognatum
gs://bugoff-bucket1/hinton/Insecta/GenusSpecies/Lasioglossum/cognatum/Lasioglossum-cognatum-5716276.jpg,cognatum
gs://bugoff-bucket1/hinton/Insecta/GenusSpecies/Lasioglossum/cognatum/Lasioglossum-cognatum-6154019.jpg,cognatum
gs://bugoff-bucket1/hinton/Insecta/GenusSpecies/Lasioglossum/cressonii/Lasioglossum-cressonii-5398971.jpg,cressonii
gs://bugoff-bucket1/hinton/Insecta/GenusSpecies/Lasioglossum/foxii/Lasioglossum-foxii-4959512.jpg,foxii
gs://bugoff-bucket1/hinton/Insecta/GenusSpecies/Lasioglossum/fuscipenne/Lasioglossum-fuscipenne-1320436.jpg,fuscipenne
gs://bugoff-bucket1/hinton/Insecta/GenusSpecies/Lasioglossum/fuscipenne/Lasioglossum-fuscipenne-411731.jpg,fuscipenne
gs://bugoff-bucket1/hinton/Insecta/GenusSpecies/Lasioglossum/fuscipenne/Lasioglossum-fuscipenne-5516346.jpg,fuscipenne
gs://bugoff-bucket1/hinton/Insecta/GenusSpecies/Lasioglossum/fuscipenne/Lasioglossum-fuscipenne-5954346.jpg,fuscipenne
gs://bugoff-bucket1/hinton/Insecta/GenusSpecies/Lasioglossum/fuscipenne/Lasioglossum-fuscipenne-6133835.jpg,fuscipenne
gs://bugoff-bucket1/hinton/Insecta/GenusSpecies/Lasioglossum/hudsoniellum/Lasioglossum-hudsoniellum-3742162.jpg,hudsoniellum
gs://bugoff-bucket1/hinton/Insecta/GenusSpecies/Lasioglossum/imitatum/Lasioglossum-imitatum-4955009.jpg,imitatum
gs://bugoff-bucket1/hinton/Insecta/GenusSpecies/Lasioglossum/imitatum/Lasioglossum-imitatum-5557720.jpg,imitatum
gs://bugoff-bucket1/hinton/Insecta/GenusSpecies/Lasioglossum/incompletum/Lasioglossum-incompletum-3796711.jpg,incompletum
gs://bugoff-bucket1/hinton/Insecta/GenusSpecies/Lasioglossum/laevissimum/Lasioglossum-laevissimum-7783033.jpg,laevissimum
gs://bugoff-bucket1/hinton/Insecta/GenusSpecies/Lasioglossum/lionotum/Lasioglossum-lionotum-4952534.jpg,lionotum
gs://bugoff-bucket1/hinton/Insecta/GenusSpecies/Lasioglossum/michiganense/Lasioglossum-michiganense-4953519.jpg,michiganense
gs://bugoff-bucket1/hinton/Insecta/GenusSpecies/Lasioglossum/microlepoides/Lasioglossum-microlepoides-3135312.jpg,microlepoides
gs://bugoff-bucket1/hinton/Insecta/GenusSpecies/Lasioglossum/microlepoides/Lasioglossum-microlepoides-3796266.jpg,microlepoides
gs://bugoff-bucket1/hinton/Insecta/GenusSpecies/Lasioglossum/microlepoides/Lasioglossum-microlepoides-3796276.jpg,microlepoides
gs://bugoff-bucket1/hinton/Insecta/GenusSpecies/Lasioglossum/microlepoides/Lasioglossum-microlepoides-3796374.jpg,microlepoides
gs://bugoff-bucket1/hinton/Insecta/GenusSpecies/Lasioglossum/microlepoides/Lasioglossum-microlepoides-3796381.jpg,microlepoides
gs://bugoff-bucket1/hinton/Insecta/GenusSpecies/Lasioglossum/microlepoides/Lasioglossum-microlepoides-3796393.jpg,microlepoides
gs://bugoff-bucket1/hinton/Insecta/GenusSpecies/Lasioglossum/microlepoides/Lasioglossum-microlepoides-3796410.jpg,microlepoides
gs://bugoff-bucket1/hinton/Insecta/GenusSpecies/Lasioglossum/microlepoides/Lasioglossum-microlepoides-3796608.jpg,microlepoides
gs://bugoff-bucket1/hinton/Insecta/GenusSpecies/Lasioglossum/microlepoides/Lasioglossum-microlepoides-3796719.jpg,microlepoides
gs://bugoff-bucket1/hinton/Insecta/GenusSpecies/Lasioglossum/microlepoides/Lasioglossum-microlepoides-4015097.jpg,microlepoides
gs://bugoff-bucket1/hinton/Insecta/GenusSpecies/Lasioglossum/morio/Lasioglossum-morio-2699423.jpg,morio
gs://bugoff-bucket1/hinton/Insecta/GenusSpecies/Lasioglossum/oenotherae/Lasioglossum-oenotherae-4953579.jpg,oenotherae
gs://bugoff-bucket1/hinton/Insecta/GenusSpecies/Lasioglossum/ovaliceps/Lasioglossum-ovaliceps-1607015.jpg,ovaliceps
gs://bugoff-bucket1/hinton/Insecta/GenusSpecies/Lasioglossum/ovaliceps/Lasioglossum-ovaliceps-7383241.jpg,ovaliceps
gs://bugoff-bucket1/hinton/Insecta/GenusSpecies/Lasioglossum/pectorale/Lasioglossum-pectorale-4957688.jpg,pectorale
gs://bugoff-bucket1/hinton/Insecta/GenusSpecies/Lasioglossum/pictum/Lasioglossum-pictum-6090985.jpg,pictum
gs://bugoff-bucket1/hinton/Insecta/GenusSpecies/Lasioglossum/pilosum/Lasioglossum-pilosum-2795858.jpg,pilosum
gs://bugoff-bucket1/hinton/Insecta/GenusSpecies/Lasioglossum/pilosum/Lasioglossum-pilosum-4957598.jpg,pilosum
gs://bugoff-bucket1/hinton/Insecta/GenusSpecies/Lasioglossum/pilosum/Lasioglossum-pilosum-5539536.jpg,pilosum
gs://bugoff-bucket1/hinton/Insecta/GenusSpecies/Lasioglossum/pilosum/Lasioglossum-pilosum-6505132.jpg,pilosum
gs://bugoff-bucket1/hinton/Insecta/GenusSpecies/Lasioglossum/pilosum/Lasioglossum-pilosum-7610406.jpg,pilosum
gs://bugoff-bucket1/hinton/Insecta/GenusSpecies/Lasioglossum/sexnotatum/Lasioglossum-sexnotatum-4556218.jpg,sexnotatum
gs://bugoff-bucket1/hinton/Insecta/GenusSpecies/Lasioglossum/sisymbrii/Lasioglossum-sisymbrii-3123646.jpg,sisymbrii
gs://bugoff-bucket1/hinton/Insecta/GenusSpecies/Lasioglossum/sisymbrii/Lasioglossum-sisymbrii-3285136.jpg,sisymbrii
gs://bugoff-bucket1/hinton/Insecta/GenusSpecies/Lasioglossum/sisymbrii/Lasioglossum-sisymbrii-3740133.jpg,sisymbrii
gs://bugoff-bucket1/hinton/Insecta/GenusSpecies/Lasioglossum/sisymbrii/Lasioglossum-sisymbrii-3740295.jpg,sisymbrii
gs://bugoff-bucket1/hinton/Insecta/GenusSpecies/Lasioglossum/sisymbrii/Lasioglossum-sisymbrii-3741925.jpg,sisymbrii
gs://bugoff-bucket1/hinton/Insecta/GenusSpecies/Lasioglossum/sisymbrii/Lasioglossum-sisymbrii-3741951.jpg,sisymbrii
gs://bugoff-bucket1/hinton/Insecta/GenusSpecies/Lasioglossum/sisymbrii/Lasioglossum-sisymbrii-3741978.jpg,sisymbrii
gs://bugoff-bucket1/hinton/Insecta/GenusSpecies/Lasioglossum/sisymbrii/Lasioglossum-sisymbrii-3742004.jpg,sisymbrii
gs://bugoff-bucket1/hinton/Insecta/GenusSpecies/Lasioglossum/sisymbrii/Lasioglossum-sisymbrii-3742020.jpg,sisymbrii
gs://bugoff-bucket1/hinton/Insecta/GenusSpecies/Lasioglossum/sisymbrii/Lasioglossum-sisymbrii-3742508.jpg,sisymbrii
gs://bugoff-bucket1/hinton/Insecta/GenusSpecies/Lasioglossum/sisymbrii/Lasioglossum-sisymbrii-3742541.jpg,sisymbrii
gs://bugoff-bucket1/hinton/Insecta/GenusSpecies/Lasioglossum/sisymbrii/Lasioglossum-sisymbrii-3742556.jpg,sisymbrii
gs://bugoff-bucket1/hinton/Insecta/GenusSpecies/Lasioglossum/sisymbrii/Lasioglossum-sisymbrii-3772709.jpg,sisymbrii
gs://bugoff-bucket1/hinton/Insecta/GenusSpecies/Lasioglossum/sisymbrii/Lasioglossum-sisymbrii-3785467.jpg,sisymbrii
gs://bugoff-bucket1/hinton/Insecta/GenusSpecies/Lasioglossum/sisymbrii/Lasioglossum-sisymbrii-6967234.jpg,sisymbrii
gs://bugoff-bucket1/hinton/Insecta/GenusSpecies/Lasioglossum/sisymbrii/Lasioglossum-sisymbrii-7037674.jpg,sisymbrii
gs://bugoff-bucket1/hinton/Insecta/GenusSpecies/Lasioglossum/sordidum/Lasioglossum-sordidum-5951349.jpg,sordidum
gs://bugoff-bucket1/hinton/Insecta/GenusSpecies/Lasioglossum/sordidum/Lasioglossum-sordidum-5972389.jpg,sordidum
gs://bugoff-bucket1/hinton/Insecta/GenusSpecies/Lasioglossum/sordidum/Lasioglossum-sordidum-6484439.jpg,sordidum
gs://bugoff-bucket1/hinton/Insecta/GenusSpecies/Lasioglossum/sphecodoides/Lasioglossum-sphecodoides-3039896.jpg,sphecodoides
gs://bugoff-bucket1/hinton/Insecta/GenusSpecies/Lasioglossum/urbanum/Lasioglossum-urbanum-1733755.jpg,urbanum
gs://bugoff-bucket1/hinton/Insecta/GenusSpecies/Lasioglossum/versatum/Lasioglossum-versatum-4957610.jpg,versatum
gs://bugoff-bucket1/hinton/Insecta/GenusSpecies/Lasioglossum/versatum/Lasioglossum-versatum-5839643.jpg,versatum
gs://bugoff-bucket1/hinton/Insecta/GenusSpecies/Lasioglossum/versatum/Lasioglossum-versatum-6133841.jpg,versatum
gs://bugoff-bucket1/hinton/Insecta/GenusSpecies/Lasioglossum/vierecki/Lasioglossum-vierecki-1689545.jpg,vierecki
gs://bugoff-bucket1/hinton/Insecta/GenusSpecies/Lasioglossum/vierecki/Lasioglossum-vierecki-2106945.jpg,vierecki
gs://bugoff-bucket1/hinton/Insecta/GenusSpecies/Lasioglossum/vierecki/Lasioglossum-vierecki-2143929.jpg,vierecki
gs://bugoff-bucket1/hinton/Insecta/GenusSpecies/Lasioglossum/vierecki/Lasioglossum-vierecki-4955391.jpg,vierecki
gs://bugoff-bucket1/hinton/Insecta/GenusSpecies/Lasioglossum/zephyrum/Lasioglossum-zephyrum-2261341.jpg,zephyrum
gs://bugoff-bucket1/hinton/Insecta/GenusSpecies/Lasioglossum/zephyrum/Lasioglossum-zephyrum-2366720.jpg,zephyrum
gs://bugoff-bucket1/hinton/Insecta/GenusSpecies/Lasioglossum/zephyrum/Lasioglossum-zephyrum-330016.jpg,zephyrum
gs://bugoff-bucket1/hinton/Insecta/GenusSpecies/Lasioglossum/zephyrum/Lasioglossum-zephyrum-5960659.jpg,zephyrum
gs://bugoff-bucket1/hinton/Insecta/GenusSpecies/Lasioglossum/zephyrum/Lasioglossum-zephyrum-6477578.jpg,zephyrum
