gs://bugoff-bucket1/hinton/Insecta/GenusSpecies/Centris/adani/Centris-adani-7427383.jpg,adani
gs://bugoff-bucket1/hinton/Insecta/GenusSpecies/Centris/atripes/Centris-atripes-3741001.jpg,atripes
gs://bugoff-bucket1/hinton/Insecta/GenusSpecies/Centris/atripes/Centris-atripes-3813741.jpg,atripes
gs://bugoff-bucket1/hinton/Insecta/GenusSpecies/Centris/atripes/Centris-atripes-3863283.jpg,atripes
gs://bugoff-bucket1/hinton/Insecta/GenusSpecies/Centris/atripes/Centris-atripes-7109472.jpg,atripes
gs://bugoff-bucket1/hinton/Insecta/GenusSpecies/Centris/atripes/Centris-atripes-7171179.jpg,atripes
gs://bugoff-bucket1/hinton/Insecta/GenusSpecies/Centris/brasiletto/Centris-brasiletto-5976209.jpg,brasiletto
gs://bugoff-bucket1/hinton/Insecta/GenusSpecies/Centris/cockerelli/Centris-cockerelli-3232082.jpg,cockerelli
gs://bugoff-bucket1/hinton/Insecta/GenusSpecies/Centris/cockerelli/Centris-cockerelli-3816424.jpg,cockerelli
gs://bugoff-bucket1/hinton/Insecta/GenusSpecies/Centris/crassifolia/Centris-crassifolia-6104336.jpg,crassifolia
gs://bugoff-bucket1/hinton/Insecta/GenusSpecies/Centris/crassifolia/Centris-crassifolia-6150951.jpg,crassifolia
gs://bugoff-bucket1/hinton/Insecta/GenusSpecies/Centris/crassifolia/Centris-crassifolia-6151974.jpg,crassifolia
gs://bugoff-bucket1/hinton/Insecta/GenusSpecies/Centris/decolorata/Centris-decolorata-1319522.jpg,decolorata
gs://bugoff-bucket1/hinton/Insecta/GenusSpecies/Centris/diversifolia/Centris-diversifolia-6151488.jpg,diversifolia
gs://bugoff-bucket1/hinton/Insecta/GenusSpecies/Centris/diversifolia/Centris-diversifolia-6151561.jpg,diversifolia
gs://bugoff-bucket1/hinton/Insecta/GenusSpecies/Centris/erecta/Centris-erecta-1817916.jpg,erecta
gs://bugoff-bucket1/hinton/Insecta/GenusSpecies/Centris/flavifrons/Centris-flavifrons-594971.jpg,flavifrons
gs://bugoff-bucket1/hinton/Insecta/GenusSpecies/Centris/flavifrons/Centris-flavifrons-6155942.jpg,flavifrons
gs://bugoff-bucket1/hinton/Insecta/GenusSpecies/Centris/flavofasciata/Centris-flavofasciata-3809259.jpg,flavofasciata
gs://bugoff-bucket1/hinton/Insecta/GenusSpecies/Centris/flavofasciata/Centris-flavofasciata-7593739.jpg,flavofasciata
gs://bugoff-bucket1/hinton/Insecta/GenusSpecies/Centris/frutescens/Centris-frutescens-6219856.jpg,frutescens
gs://bugoff-bucket1/hinton/Insecta/GenusSpecies/Centris/labiata/Centris-labiata-1714048.jpg,labiata
gs://bugoff-bucket1/hinton/Insecta/GenusSpecies/Centris/labiata/Centris-labiata-1801633.jpg,labiata
gs://bugoff-bucket1/hinton/Insecta/GenusSpecies/Centris/labiata/Centris-labiata-1805229.jpg,labiata
gs://bugoff-bucket1/hinton/Insecta/GenusSpecies/Centris/labiata/Centris-labiata-2079839.jpg,labiata
gs://bugoff-bucket1/hinton/Insecta/GenusSpecies/Centris/labiata/Centris-labiata-3364984.jpg,labiata
gs://bugoff-bucket1/hinton/Insecta/GenusSpecies/Centris/lanosa/Centris-lanosa-1779071.jpg,lanosa
gs://bugoff-bucket1/hinton/Insecta/GenusSpecies/Centris/lilacina/Centris-lilacina-6600711.jpg,lilacina
gs://bugoff-bucket1/hinton/Insecta/GenusSpecies/Centris/longimana/Centris-longimana-6721892.jpg,longimana
gs://bugoff-bucket1/hinton/Insecta/GenusSpecies/Centris/nitida/Centris-nitida-3080231.jpg,nitida
gs://bugoff-bucket1/hinton/Insecta/GenusSpecies/Centris/nitida/Centris-nitida-3875894.jpg,nitida
gs://bugoff-bucket1/hinton/Insecta/GenusSpecies/Centris/nitida/Centris-nitida-4714799.jpg,nitida
gs://bugoff-bucket1/hinton/Insecta/GenusSpecies/Centris/nitida/Centris-nitida-6665201.jpg,nitida
gs://bugoff-bucket1/hinton/Insecta/GenusSpecies/Centris/pallida/Centris-pallida-3281297.jpg,pallida
gs://bugoff-bucket1/hinton/Insecta/GenusSpecies/Centris/pallida/Centris-pallida-6212097.jpg,pallida
gs://bugoff-bucket1/hinton/Insecta/GenusSpecies/Centris/pallida/Centris-pallida-7475663.jpg,pallida
gs://bugoff-bucket1/hinton/Insecta/GenusSpecies/Centris/pallida/Centris-pallida-7757771.jpg,pallida
gs://bugoff-bucket1/hinton/Insecta/GenusSpecies/Centris/pudica/Centris-pudica-6146295.jpg,pudica
gs://bugoff-bucket1/hinton/Insecta/GenusSpecies/Centris/retusum/Centris-retusum-6151923.jpg,retusum
gs://bugoff-bucket1/hinton/Insecta/GenusSpecies/Centris/retusum/Centris-retusum-6156329.jpg,retusum
gs://bugoff-bucket1/hinton/Insecta/GenusSpecies/Centris/rhodopus/Centris-rhodopus-255193.jpg,rhodopus
gs://bugoff-bucket1/hinton/Insecta/GenusSpecies/Centris/rhodopus/Centris-rhodopus-2986576.jpg,rhodopus
gs://bugoff-bucket1/hinton/Insecta/GenusSpecies/Centris/rhodopus/Centris-rhodopus-3198424.jpg,rhodopus
gs://bugoff-bucket1/hinton/Insecta/GenusSpecies/Centris/rhodopus/Centris-rhodopus-3218296.jpg,rhodopus
gs://bugoff-bucket1/hinton/Insecta/GenusSpecies/Centris/rhodopus/Centris-rhodopus-4697214.jpg,rhodopus
gs://bugoff-bucket1/hinton/Insecta/GenusSpecies/Centris/rhodopus/Centris-rhodopus-4953157.jpg,rhodopus
gs://bugoff-bucket1/hinton/Insecta/GenusSpecies/Centris/rhodopus/Centris-rhodopus-4953301.jpg,rhodopus
gs://bugoff-bucket1/hinton/Insecta/GenusSpecies/Centris/rhodopus/Centris-rhodopus-6928786.jpg,rhodopus
gs://bugoff-bucket1/hinton/Insecta/GenusSpecies/Centris/rhodopus/Centris-rhodopus-7489981.jpg,rhodopus
gs://bugoff-bucket1/hinton/Insecta/GenusSpecies/Centris/rosea/Centris-rosea-5976127.jpg,rosea
gs://bugoff-bucket1/hinton/Insecta/GenusSpecies/Centris/rosea/Centris-rosea-6151700.jpg,rosea
gs://bugoff-bucket1/hinton/Insecta/GenusSpecies/Centris/rosea/Centris-rosea-6167381.jpg,rosea
gs://bugoff-bucket1/hinton/Insecta/GenusSpecies/Centris/rosea/Centris-rosea-6212053.jpg,rosea
gs://bugoff-bucket1/hinton/Insecta/GenusSpecies/Centris/stans/Centris-stans-1356566.jpg,stans
gs://bugoff-bucket1/hinton/Insecta/GenusSpecies/Centris/tricolor/Centris-tricolor-6184348.jpg,tricolor
gs://bugoff-bucket1/hinton/Insecta/GenusSpecies/Centris/vittata/Centris-vittata-6656202.jpg,vittata
gs://bugoff-bucket1/hinton/Insecta/GenusSpecies/Centris/adani/Centris-adani-7427383.jpg,adani
gs://bugoff-bucket1/hinton/Insecta/GenusSpecies/Centris/atripes/Centris-atripes-3741001.jpg,atripes
gs://bugoff-bucket1/hinton/Insecta/GenusSpecies/Centris/atripes/Centris-atripes-3813741.jpg,atripes
gs://bugoff-bucket1/hinton/Insecta/GenusSpecies/Centris/atripes/Centris-atripes-3863283.jpg,atripes
gs://bugoff-bucket1/hinton/Insecta/GenusSpecies/Centris/atripes/Centris-atripes-7109472.jpg,atripes
gs://bugoff-bucket1/hinton/Insecta/GenusSpecies/Centris/atripes/Centris-atripes-7171179.jpg,atripes
gs://bugoff-bucket1/hinton/Insecta/GenusSpecies/Centris/brasiletto/Centris-brasiletto-5976209.jpg,brasiletto
gs://bugoff-bucket1/hinton/Insecta/GenusSpecies/Centris/cockerelli/Centris-cockerelli-3232082.jpg,cockerelli
gs://bugoff-bucket1/hinton/Insecta/GenusSpecies/Centris/cockerelli/Centris-cockerelli-3816424.jpg,cockerelli
gs://bugoff-bucket1/hinton/Insecta/GenusSpecies/Centris/crassifolia/Centris-crassifolia-6104336.jpg,crassifolia
gs://bugoff-bucket1/hinton/Insecta/GenusSpecies/Centris/crassifolia/Centris-crassifolia-6150951.jpg,crassifolia
gs://bugoff-bucket1/hinton/Insecta/GenusSpecies/Centris/crassifolia/Centris-crassifolia-6151974.jpg,crassifolia
gs://bugoff-bucket1/hinton/Insecta/GenusSpecies/Centris/decolorata/Centris-decolorata-1319522.jpg,decolorata
gs://bugoff-bucket1/hinton/Insecta/GenusSpecies/Centris/diversifolia/Centris-diversifolia-6151488.jpg,diversifolia
gs://bugoff-bucket1/hinton/Insecta/GenusSpecies/Centris/diversifolia/Centris-diversifolia-6151561.jpg,diversifolia
gs://bugoff-bucket1/hinton/Insecta/GenusSpecies/Centris/erecta/Centris-erecta-1817916.jpg,erecta
gs://bugoff-bucket1/hinton/Insecta/GenusSpecies/Centris/flavifrons/Centris-flavifrons-594971.jpg,flavifrons
gs://bugoff-bucket1/hinton/Insecta/GenusSpecies/Centris/flavifrons/Centris-flavifrons-6155942.jpg,flavifrons
gs://bugoff-bucket1/hinton/Insecta/GenusSpecies/Centris/flavofasciata/Centris-flavofasciata-3809259.jpg,flavofasciata
gs://bugoff-bucket1/hinton/Insecta/GenusSpecies/Centris/flavofasciata/Centris-flavofasciata-7593739.jpg,flavofasciata
gs://bugoff-bucket1/hinton/Insecta/GenusSpecies/Centris/frutescens/Centris-frutescens-6219856.jpg,frutescens
gs://bugoff-bucket1/hinton/Insecta/GenusSpecies/Centris/labiata/Centris-labiata-1714048.jpg,labiata
gs://bugoff-bucket1/hinton/Insecta/GenusSpecies/Centris/labiata/Centris-labiata-1801633.jpg,labiata
gs://bugoff-bucket1/hinton/Insecta/GenusSpecies/Centris/labiata/Centris-labiata-1805229.jpg,labiata
gs://bugoff-bucket1/hinton/Insecta/GenusSpecies/Centris/labiata/Centris-labiata-2079839.jpg,labiata
gs://bugoff-bucket1/hinton/Insecta/GenusSpecies/Centris/labiata/Centris-labiata-3364984.jpg,labiata
gs://bugoff-bucket1/hinton/Insecta/GenusSpecies/Centris/lanosa/Centris-lanosa-1779071.jpg,lanosa
gs://bugoff-bucket1/hinton/Insecta/GenusSpecies/Centris/lilacina/Centris-lilacina-6600711.jpg,lilacina
gs://bugoff-bucket1/hinton/Insecta/GenusSpecies/Centris/longimana/Centris-longimana-6721892.jpg,longimana
gs://bugoff-bucket1/hinton/Insecta/GenusSpecies/Centris/nitida/Centris-nitida-3080231.jpg,nitida
gs://bugoff-bucket1/hinton/Insecta/GenusSpecies/Centris/nitida/Centris-nitida-3875894.jpg,nitida
gs://bugoff-bucket1/hinton/Insecta/GenusSpecies/Centris/nitida/Centris-nitida-4714799.jpg,nitida
gs://bugoff-bucket1/hinton/Insecta/GenusSpecies/Centris/nitida/Centris-nitida-6665201.jpg,nitida
gs://bugoff-bucket1/hinton/Insecta/GenusSpecies/Centris/pallida/Centris-pallida-3281297.jpg,pallida
gs://bugoff-bucket1/hinton/Insecta/GenusSpecies/Centris/pallida/Centris-pallida-6212097.jpg,pallida
gs://bugoff-bucket1/hinton/Insecta/GenusSpecies/Centris/pallida/Centris-pallida-7475663.jpg,pallida
gs://bugoff-bucket1/hinton/Insecta/GenusSpecies/Centris/pallida/Centris-pallida-7757771.jpg,pallida
gs://bugoff-bucket1/hinton/Insecta/GenusSpecies/Centris/pudica/Centris-pudica-6146295.jpg,pudica
gs://bugoff-bucket1/hinton/Insecta/GenusSpecies/Centris/retusum/Centris-retusum-6151923.jpg,retusum
gs://bugoff-bucket1/hinton/Insecta/GenusSpecies/Centris/retusum/Centris-retusum-6156329.jpg,retusum
gs://bugoff-bucket1/hinton/Insecta/GenusSpecies/Centris/rhodopus/Centris-rhodopus-255193.jpg,rhodopus
gs://bugoff-bucket1/hinton/Insecta/GenusSpecies/Centris/rhodopus/Centris-rhodopus-2986576.jpg,rhodopus
gs://bugoff-bucket1/hinton/Insecta/GenusSpecies/Centris/rhodopus/Centris-rhodopus-3198424.jpg,rhodopus
gs://bugoff-bucket1/hinton/Insecta/GenusSpecies/Centris/rhodopus/Centris-rhodopus-3218296.jpg,rhodopus
gs://bugoff-bucket1/hinton/Insecta/GenusSpecies/Centris/rhodopus/Centris-rhodopus-4697214.jpg,rhodopus
gs://bugoff-bucket1/hinton/Insecta/GenusSpecies/Centris/rhodopus/Centris-rhodopus-4953157.jpg,rhodopus
gs://bugoff-bucket1/hinton/Insecta/GenusSpecies/Centris/rhodopus/Centris-rhodopus-4953301.jpg,rhodopus
gs://bugoff-bucket1/hinton/Insecta/GenusSpecies/Centris/rhodopus/Centris-rhodopus-6928786.jpg,rhodopus
gs://bugoff-bucket1/hinton/Insecta/GenusSpecies/Centris/rhodopus/Centris-rhodopus-7489981.jpg,rhodopus
gs://bugoff-bucket1/hinton/Insecta/GenusSpecies/Centris/rosea/Centris-rosea-5976127.jpg,rosea
gs://bugoff-bucket1/hinton/Insecta/GenusSpecies/Centris/rosea/Centris-rosea-6151700.jpg,rosea
gs://bugoff-bucket1/hinton/Insecta/GenusSpecies/Centris/rosea/Centris-rosea-6167381.jpg,rosea
gs://bugoff-bucket1/hinton/Insecta/GenusSpecies/Centris/rosea/Centris-rosea-6212053.jpg,rosea
gs://bugoff-bucket1/hinton/Insecta/GenusSpecies/Centris/stans/Centris-stans-1356566.jpg,stans
gs://bugoff-bucket1/hinton/Insecta/GenusSpecies/Centris/tricolor/Centris-tricolor-6184348.jpg,tricolor
gs://bugoff-bucket1/hinton/Insecta/GenusSpecies/Centris/vittata/Centris-vittata-6656202.jpg,vittata
gs://bugoff-bucket1/hinton/Insecta/GenusSpecies/Centris/adani/Centris-adani-7427383.jpg,adani
gs://bugoff-bucket1/hinton/Insecta/GenusSpecies/Centris/atripes/Centris-atripes-3741001.jpg,atripes
gs://bugoff-bucket1/hinton/Insecta/GenusSpecies/Centris/atripes/Centris-atripes-3813741.jpg,atripes
gs://bugoff-bucket1/hinton/Insecta/GenusSpecies/Centris/atripes/Centris-atripes-3863283.jpg,atripes
gs://bugoff-bucket1/hinton/Insecta/GenusSpecies/Centris/atripes/Centris-atripes-7109472.jpg,atripes
gs://bugoff-bucket1/hinton/Insecta/GenusSpecies/Centris/atripes/Centris-atripes-7171179.jpg,atripes
gs://bugoff-bucket1/hinton/Insecta/GenusSpecies/Centris/brasiletto/Centris-brasiletto-5976209.jpg,brasiletto
gs://bugoff-bucket1/hinton/Insecta/GenusSpecies/Centris/cockerelli/Centris-cockerelli-3232082.jpg,cockerelli
gs://bugoff-bucket1/hinton/Insecta/GenusSpecies/Centris/cockerelli/Centris-cockerelli-3816424.jpg,cockerelli
gs://bugoff-bucket1/hinton/Insecta/GenusSpecies/Centris/crassifolia/Centris-crassifolia-6104336.jpg,crassifolia
gs://bugoff-bucket1/hinton/Insecta/GenusSpecies/Centris/crassifolia/Centris-crassifolia-6150951.jpg,crassifolia
gs://bugoff-bucket1/hinton/Insecta/GenusSpecies/Centris/crassifolia/Centris-crassifolia-6151974.jpg,crassifolia
gs://bugoff-bucket1/hinton/Insecta/GenusSpecies/Centris/decolorata/Centris-decolorata-1319522.jpg,decolorata
gs://bugoff-bucket1/hinton/Insecta/GenusSpecies/Centris/diversifolia/Centris-diversifolia-6151488.jpg,diversifolia
gs://bugoff-bucket1/hinton/Insecta/GenusSpecies/Centris/diversifolia/Centris-diversifolia-6151561.jpg,diversifolia
gs://bugoff-bucket1/hinton/Insecta/GenusSpecies/Centris/erecta/Centris-erecta-1817916.jpg,erecta
gs://bugoff-bucket1/hinton/Insecta/GenusSpecies/Centris/flavifrons/Centris-flavifrons-594971.jpg,flavifrons
gs://bugoff-bucket1/hinton/Insecta/GenusSpecies/Centris/flavifrons/Centris-flavifrons-6155942.jpg,flavifrons
gs://bugoff-bucket1/hinton/Insecta/GenusSpecies/Centris/flavofasciata/Centris-flavofasciata-3809259.jpg,flavofasciata
gs://bugoff-bucket1/hinton/Insecta/GenusSpecies/Centris/flavofasciata/Centris-flavofasciata-7593739.jpg,flavofasciata
gs://bugoff-bucket1/hinton/Insecta/GenusSpecies/Centris/frutescens/Centris-frutescens-6219856.jpg,frutescens
gs://bugoff-bucket1/hinton/Insecta/GenusSpecies/Centris/labiata/Centris-labiata-1714048.jpg,labiata
gs://bugoff-bucket1/hinton/Insecta/GenusSpecies/Centris/labiata/Centris-labiata-1801633.jpg,labiata
gs://bugoff-bucket1/hinton/Insecta/GenusSpecies/Centris/labiata/Centris-labiata-1805229.jpg,labiata
gs://bugoff-bucket1/hinton/Insecta/GenusSpecies/Centris/labiata/Centris-labiata-2079839.jpg,labiata
gs://bugoff-bucket1/hinton/Insecta/GenusSpecies/Centris/labiata/Centris-labiata-3364984.jpg,labiata
gs://bugoff-bucket1/hinton/Insecta/GenusSpecies/Centris/lanosa/Centris-lanosa-1779071.jpg,lanosa
gs://bugoff-bucket1/hinton/Insecta/GenusSpecies/Centris/lilacina/Centris-lilacina-6600711.jpg,lilacina
gs://bugoff-bucket1/hinton/Insecta/GenusSpecies/Centris/longimana/Centris-longimana-6721892.jpg,longimana
gs://bugoff-bucket1/hinton/Insecta/GenusSpecies/Centris/nitida/Centris-nitida-3080231.jpg,nitida
gs://bugoff-bucket1/hinton/Insecta/GenusSpecies/Centris/nitida/Centris-nitida-3875894.jpg,nitida
gs://bugoff-bucket1/hinton/Insecta/GenusSpecies/Centris/nitida/Centris-nitida-4714799.jpg,nitida
gs://bugoff-bucket1/hinton/Insecta/GenusSpecies/Centris/nitida/Centris-nitida-6665201.jpg,nitida
gs://bugoff-bucket1/hinton/Insecta/GenusSpecies/Centris/pallida/Centris-pallida-3281297.jpg,pallida
gs://bugoff-bucket1/hinton/Insecta/GenusSpecies/Centris/pallida/Centris-pallida-6212097.jpg,pallida
gs://bugoff-bucket1/hinton/Insecta/GenusSpecies/Centris/pallida/Centris-pallida-7475663.jpg,pallida
gs://bugoff-bucket1/hinton/Insecta/GenusSpecies/Centris/pallida/Centris-pallida-7757771.jpg,pallida
gs://bugoff-bucket1/hinton/Insecta/GenusSpecies/Centris/pudica/Centris-pudica-6146295.jpg,pudica
gs://bugoff-bucket1/hinton/Insecta/GenusSpecies/Centris/retusum/Centris-retusum-6151923.jpg,retusum
gs://bugoff-bucket1/hinton/Insecta/GenusSpecies/Centris/retusum/Centris-retusum-6156329.jpg,retusum
gs://bugoff-bucket1/hinton/Insecta/GenusSpecies/Centris/rhodopus/Centris-rhodopus-255193.jpg,rhodopus
gs://bugoff-bucket1/hinton/Insecta/GenusSpecies/Centris/rhodopus/Centris-rhodopus-2986576.jpg,rhodopus
gs://bugoff-bucket1/hinton/Insecta/GenusSpecies/Centris/rhodopus/Centris-rhodopus-3198424.jpg,rhodopus
gs://bugoff-bucket1/hinton/Insecta/GenusSpecies/Centris/rhodopus/Centris-rhodopus-3218296.jpg,rhodopus
gs://bugoff-bucket1/hinton/Insecta/GenusSpecies/Centris/rhodopus/Centris-rhodopus-4697214.jpg,rhodopus
gs://bugoff-bucket1/hinton/Insecta/GenusSpecies/Centris/rhodopus/Centris-rhodopus-4953157.jpg,rhodopus
gs://bugoff-bucket1/hinton/Insecta/GenusSpecies/Centris/rhodopus/Centris-rhodopus-4953301.jpg,rhodopus
gs://bugoff-bucket1/hinton/Insecta/GenusSpecies/Centris/rhodopus/Centris-rhodopus-6928786.jpg,rhodopus
gs://bugoff-bucket1/hinton/Insecta/GenusSpecies/Centris/rhodopus/Centris-rhodopus-7489981.jpg,rhodopus
gs://bugoff-bucket1/hinton/Insecta/GenusSpecies/Centris/rosea/Centris-rosea-5976127.jpg,rosea
gs://bugoff-bucket1/hinton/Insecta/GenusSpecies/Centris/rosea/Centris-rosea-6151700.jpg,rosea
gs://bugoff-bucket1/hinton/Insecta/GenusSpecies/Centris/rosea/Centris-rosea-6167381.jpg,rosea
gs://bugoff-bucket1/hinton/Insecta/GenusSpecies/Centris/rosea/Centris-rosea-6212053.jpg,rosea
gs://bugoff-bucket1/hinton/Insecta/GenusSpecies/Centris/stans/Centris-stans-1356566.jpg,stans
gs://bugoff-bucket1/hinton/Insecta/GenusSpecies/Centris/tricolor/Centris-tricolor-6184348.jpg,tricolor
gs://bugoff-bucket1/hinton/Insecta/GenusSpecies/Centris/vittata/Centris-vittata-6656202.jpg,vittata
