gs://bugoff-bucket1/hinton/Insecta/GenusSpecies/Ammobaenetes/algodonensis/Ammobaenetes-algodonensis-99316.jpg,algodonensis
gs://bugoff-bucket1/hinton/Insecta/GenusSpecies/Ceuthophilus/agassizii/Ceuthophilus-agassizii-8213304.jpg,agassizii
gs://bugoff-bucket1/hinton/Insecta/GenusSpecies/Ceuthophilus/agassizii/Ceuthophilus-agassizii-8213326.jpg,agassizii
gs://bugoff-bucket1/hinton/Insecta/GenusSpecies/Ceuthophilus/asynamora/Ceuthophilus-asynamora-9329384.jpg,asynamora
gs://bugoff-bucket1/hinton/Insecta/GenusSpecies/Ceuthophilus/brevipes/Ceuthophilus-brevipes-8346645.jpg,brevipes
gs://bugoff-bucket1/hinton/Insecta/GenusSpecies/Ceuthophilus/californianus/Ceuthophilus-californianus-826430.jpg,californianus
gs://bugoff-bucket1/hinton/Insecta/GenusSpecies/Ceuthophilus/californianus/Ceuthophilus-californianus-910060.jpg,californianus
gs://bugoff-bucket1/hinton/Insecta/GenusSpecies/Ceuthophilus/californianus/Ceuthophilus-californianus-9193696.jpg,californianus
gs://bugoff-bucket1/hinton/Insecta/GenusSpecies/Ceuthophilus/hesperus/Ceuthophilus-hesperus-807312.jpg,hesperus
gs://bugoff-bucket1/hinton/Insecta/GenusSpecies/Ceuthophilus/hesperus/Ceuthophilus-hesperus-814963.jpg,hesperus
gs://bugoff-bucket1/hinton/Insecta/GenusSpecies/Ceuthophilus/hesperus/Ceuthophilus-hesperus-819504.jpg,hesperus
gs://bugoff-bucket1/hinton/Insecta/GenusSpecies/Ceuthophilus/hesperus/Ceuthophilus-hesperus-835273.jpg,hesperus
gs://bugoff-bucket1/hinton/Insecta/GenusSpecies/Ceuthophilus/hesperus/Ceuthophilus-hesperus-8423975.jpg,hesperus
gs://bugoff-bucket1/hinton/Insecta/GenusSpecies/Ceuthophilus/latens/Ceuthophilus-latens-8156477.jpg,latens
gs://bugoff-bucket1/hinton/Insecta/GenusSpecies/Ceuthophilus/maculatus/Ceuthophilus-maculatus-8516894.jpg,maculatus
gs://bugoff-bucket1/hinton/Insecta/GenusSpecies/Ceuthophilus/maculatus/Ceuthophilus-maculatus-8553490.jpg,maculatus
gs://bugoff-bucket1/hinton/Insecta/GenusSpecies/Ceuthophilus/maculatus/Ceuthophilus-maculatus-8876404.jpg,maculatus
gs://bugoff-bucket1/hinton/Insecta/GenusSpecies/Ceuthophilus/maculatus/Ceuthophilus-maculatus-9014514.jpg,maculatus
gs://bugoff-bucket1/hinton/Insecta/GenusSpecies/Ceuthophilus/variegatus/Ceuthophilus-variegatus-9296506.jpg,variegatus
gs://bugoff-bucket1/hinton/Insecta/GenusSpecies/Diestrammena/asynamora/Diestrammena-asynamora-8163710.jpg,asynamora
gs://bugoff-bucket1/hinton/Insecta/GenusSpecies/Diestrammena/asynamora/Diestrammena-asynamora-8165574.jpg,asynamora
gs://bugoff-bucket1/hinton/Insecta/GenusSpecies/Diestrammena/asynamora/Diestrammena-asynamora-8209053.jpg,asynamora
gs://bugoff-bucket1/hinton/Insecta/GenusSpecies/Diestrammena/asynamora/Diestrammena-asynamora-8542936.jpg,asynamora
gs://bugoff-bucket1/hinton/Insecta/GenusSpecies/Diestrammena/asynamora/Diestrammena-asynamora-8662936.jpg,asynamora
gs://bugoff-bucket1/hinton/Insecta/GenusSpecies/Diestrammena/asynamora/Diestrammena-asynamora-8853385.jpg,asynamora
gs://bugoff-bucket1/hinton/Insecta/GenusSpecies/Diestrammena/asynamora/Diestrammena-asynamora-8954007.jpg,asynamora
gs://bugoff-bucket1/hinton/Insecta/GenusSpecies/Diestrammena/asynamora/Diestrammena-asynamora-8991035.jpg,asynamora
gs://bugoff-bucket1/hinton/Insecta/GenusSpecies/Diestrammena/asynamora/Diestrammena-asynamora-9071339.jpg,asynamora
gs://bugoff-bucket1/hinton/Insecta/GenusSpecies/Diestrammena/asynamora/Diestrammena-asynamora-9081503.jpg,asynamora
gs://bugoff-bucket1/hinton/Insecta/GenusSpecies/Diestrammena/asynamora/Diestrammena-asynamora-9123979.jpg,asynamora
gs://bugoff-bucket1/hinton/Insecta/GenusSpecies/Diestrammena/asynamora/Diestrammena-asynamora-9124003.jpg,asynamora
gs://bugoff-bucket1/hinton/Insecta/GenusSpecies/Diestrammena/asynamora/Diestrammena-asynamora-9146514.jpg,asynamora
gs://bugoff-bucket1/hinton/Insecta/GenusSpecies/Diestrammena/asynamora/Diestrammena-asynamora-9146516.jpg,asynamora
gs://bugoff-bucket1/hinton/Insecta/GenusSpecies/Diestrammena/asynamora/Diestrammena-asynamora-9146537.jpg,asynamora
gs://bugoff-bucket1/hinton/Insecta/GenusSpecies/Diestrammena/asynamora/Diestrammena-asynamora-9160854.jpg,asynamora
gs://bugoff-bucket1/hinton/Insecta/GenusSpecies/Diestrammena/asynamora/Diestrammena-asynamora-9167906.jpg,asynamora
gs://bugoff-bucket1/hinton/Insecta/GenusSpecies/Diestrammena/asynamora/Diestrammena-asynamora-9168155.jpg,asynamora
gs://bugoff-bucket1/hinton/Insecta/GenusSpecies/Diestrammena/asynamora/Diestrammena-asynamora-9240042.jpg,asynamora
gs://bugoff-bucket1/hinton/Insecta/GenusSpecies/Diestrammena/asynamora/Diestrammena-asynamora-9304905.jpg,asynamora
gs://bugoff-bucket1/hinton/Insecta/GenusSpecies/Diestrammena/asynamora/Diestrammena-asynamora-9312925.jpg,asynamora
gs://bugoff-bucket1/hinton/Insecta/GenusSpecies/Diestrammena/asynamora/Diestrammena-asynamora-9331918.jpg,asynamora
gs://bugoff-bucket1/hinton/Insecta/GenusSpecies/Diestrammena/asynamora/Diestrammena-asynamora-9340924.jpg,asynamora
gs://bugoff-bucket1/hinton/Insecta/GenusSpecies/Diestrammena/asynamora/Diestrammena-asynamora-9362997.jpg,asynamora
gs://bugoff-bucket1/hinton/Insecta/GenusSpecies/Diestrammena/asynamora/Diestrammena-asynamora-9471608.jpg,asynamora
gs://bugoff-bucket1/hinton/Insecta/GenusSpecies/Diestrammena/asynamora/Diestrammena-asynamora-9489101.jpg,asynamora
gs://bugoff-bucket1/hinton/Insecta/GenusSpecies/Diestrammena/asynamora/Diestrammena-asynamora-9512327.jpg,asynamora
gs://bugoff-bucket1/hinton/Insecta/GenusSpecies/Diestrammena/asynamora/Diestrammena-asynamora-9536360.jpg,asynamora
gs://bugoff-bucket1/hinton/Insecta/GenusSpecies/Diestrammena/asynamora/Diestrammena-asynamora-9655101.jpg,asynamora
gs://bugoff-bucket1/hinton/Insecta/GenusSpecies/Diestrammena/asynamora/Diestrammena-asynamora-9657548.jpg,asynamora
gs://bugoff-bucket1/hinton/Insecta/GenusSpecies/Diestrammena/japanica/Diestrammena-japanica-8319224.jpg,japanica
gs://bugoff-bucket1/hinton/Insecta/GenusSpecies/Gammarotettix/genitalis/Gammarotettix-genitalis-8190091.jpg,genitalis
gs://bugoff-bucket1/hinton/Insecta/GenusSpecies/Gammarotettix/genitalis/Gammarotettix-genitalis-8250373.jpg,genitalis
gs://bugoff-bucket1/hinton/Insecta/GenusSpecies/Gammarotettix/genitalis/Gammarotettix-genitalis-8263993.jpg,genitalis
gs://bugoff-bucket1/hinton/Insecta/GenusSpecies/Gammarotettix/genitalis/Gammarotettix-genitalis-8270046.jpg,genitalis
gs://bugoff-bucket1/hinton/Insecta/GenusSpecies/Gammarotettix/genitalis/Gammarotettix-genitalis-8270057.jpg,genitalis
gs://bugoff-bucket1/hinton/Insecta/GenusSpecies/Gammarotettix/genitalis/Gammarotettix-genitalis-8316638.jpg,genitalis
gs://bugoff-bucket1/hinton/Insecta/GenusSpecies/Macrobaenetes/valgum/Macrobaenetes-valgum-9069157.jpg,valgum
gs://bugoff-bucket1/hinton/Insecta/GenusSpecies/Pristoceuthophilus/celatus/Pristoceuthophilus-celatus-912704.jpg,celatus
gs://bugoff-bucket1/hinton/Insecta/GenusSpecies/Tropidischia/xanthostoma/Tropidischia-xanthostoma-8558878.jpg,xanthostoma
gs://bugoff-bucket1/hinton/Insecta/GenusSpecies/Tropidischia/xanthostoma/Tropidischia-xanthostoma-8576688.jpg,xanthostoma
gs://bugoff-bucket1/hinton/Insecta/GenusSpecies/Tropidischia/xanthostoma/Tropidischia-xanthostoma-8658058.jpg,xanthostoma
gs://bugoff-bucket1/hinton/Insecta/GenusSpecies/Tropidischia/xanthostoma/Tropidischia-xanthostoma-8737800.jpg,xanthostoma
gs://bugoff-bucket1/hinton/Insecta/GenusSpecies/Tropidischia/xanthostoma/Tropidischia-xanthostoma-9484152.jpg,xanthostoma
gs://bugoff-bucket1/hinton/Insecta/GenusSpecies/Tropidischia/xanthostoma/Tropidischia-xanthostoma-978146.jpg,xanthostoma
