gs://bugoff-bucket1/hinton/Insecta/GenusSpecies/Baeus/leai/Baeus-leai-1544054.jpg,leai
gs://bugoff-bucket1/hinton/Insecta/GenusSpecies/Ceratobaeus/st1/Ceratobaeus-st1-1737699.jpg,st1
gs://bugoff-bucket1/hinton/Insecta/GenusSpecies/Ceratobaeus/st1/Ceratobaeus-st1-1737787.jpg,st1
gs://bugoff-bucket1/hinton/Insecta/GenusSpecies/Ceratobaeus/st1/Ceratobaeus-st1-3211430.jpg,st1
gs://bugoff-bucket1/hinton/Insecta/GenusSpecies/Gryon/misellum/Gryon-misellum-1258290.jpg,misellum
gs://bugoff-bucket1/hinton/Insecta/GenusSpecies/Gryon/misellum/Gryon-misellum-1264312.jpg,misellum
gs://bugoff-bucket1/hinton/Insecta/GenusSpecies/Gryon/misellum/Gryon-misellum-2847365.jpg,misellum
gs://bugoff-bucket1/hinton/Insecta/GenusSpecies/Gryon/misellum/Gryon-misellum-3367780.jpg,misellum
gs://bugoff-bucket1/hinton/Insecta/GenusSpecies/Gryon/misellum/Gryon-misellum-3548876.jpg,misellum
gs://bugoff-bucket1/hinton/Insecta/GenusSpecies/Gryon/misellum/Gryon-misellum-4566363.jpg,misellum
gs://bugoff-bucket1/hinton/Insecta/GenusSpecies/Inostemma/boscii/Inostemma-boscii-1268844.jpg,boscii
gs://bugoff-bucket1/hinton/Insecta/GenusSpecies/Inostemma/boscii/Inostemma-boscii-5395912.jpg,boscii
gs://bugoff-bucket1/hinton/Insecta/GenusSpecies/Inostemma/boscii/Inostemma-boscii-5433344.jpg,boscii
gs://bugoff-bucket1/hinton/Insecta/GenusSpecies/Inostemma/boscii/Inostemma-boscii-5441463.jpg,boscii
gs://bugoff-bucket1/hinton/Insecta/GenusSpecies/Inostemma/boscii/Inostemma-boscii-5621582.jpg,boscii
gs://bugoff-bucket1/hinton/Insecta/GenusSpecies/Inostemma/boscii/Inostemma-boscii-5956538.jpg,boscii
gs://bugoff-bucket1/hinton/Insecta/GenusSpecies/Inostemma/boscii/Inostemma-boscii-6216632.jpg,boscii
gs://bugoff-bucket1/hinton/Insecta/GenusSpecies/Odontacolus/berryae/Odontacolus-berryae-1248669.jpg,berryae
gs://bugoff-bucket1/hinton/Insecta/GenusSpecies/Odontacolus/berryae/Odontacolus-berryae-1263831.jpg,berryae
gs://bugoff-bucket1/hinton/Insecta/GenusSpecies/Odontacolus/berryae/Odontacolus-berryae-1706454.jpg,berryae
gs://bugoff-bucket1/hinton/Insecta/GenusSpecies/Odontacolus/pintoi/Odontacolus-pintoi-1219812.jpg,pintoi
gs://bugoff-bucket1/hinton/Insecta/GenusSpecies/Odontacolus/pintoi/Odontacolus-pintoi-1257983.jpg,pintoi
gs://bugoff-bucket1/hinton/Insecta/GenusSpecies/Platygaster/podocarpi/Platygaster-podocarpi-1275724.jpg,podocarpi
gs://bugoff-bucket1/hinton/Insecta/GenusSpecies/Platygaster/podocarpi/Platygaster-podocarpi-1275897.jpg,podocarpi
