gs://bugoff-bucket1/hinton/Insecta/GenusSpecies/Baeus/leai/Baeus-leai-1544054.jpg,Baeus
gs://bugoff-bucket1/hinton/Insecta/GenusSpecies/Ceratobaeus/st1/Ceratobaeus-st1-1737699.jpg,Ceratobaeus
gs://bugoff-bucket1/hinton/Insecta/GenusSpecies/Ceratobaeus/st1/Ceratobaeus-st1-1737787.jpg,Ceratobaeus
gs://bugoff-bucket1/hinton/Insecta/GenusSpecies/Ceratobaeus/st1/Ceratobaeus-st1-3211430.jpg,Ceratobaeus
gs://bugoff-bucket1/hinton/Insecta/GenusSpecies/Gryon/misellum/Gryon-misellum-1258290.jpg,Gryon
gs://bugoff-bucket1/hinton/Insecta/GenusSpecies/Gryon/misellum/Gryon-misellum-1264312.jpg,Gryon
gs://bugoff-bucket1/hinton/Insecta/GenusSpecies/Gryon/misellum/Gryon-misellum-2847365.jpg,Gryon
gs://bugoff-bucket1/hinton/Insecta/GenusSpecies/Gryon/misellum/Gryon-misellum-3367780.jpg,Gryon
gs://bugoff-bucket1/hinton/Insecta/GenusSpecies/Gryon/misellum/Gryon-misellum-3548876.jpg,Gryon
gs://bugoff-bucket1/hinton/Insecta/GenusSpecies/Gryon/misellum/Gryon-misellum-4566363.jpg,Gryon
gs://bugoff-bucket1/hinton/Insecta/GenusSpecies/Inostemma/boscii/Inostemma-boscii-1268844.jpg,Inostemma
gs://bugoff-bucket1/hinton/Insecta/GenusSpecies/Inostemma/boscii/Inostemma-boscii-5395912.jpg,Inostemma
gs://bugoff-bucket1/hinton/Insecta/GenusSpecies/Inostemma/boscii/Inostemma-boscii-5433344.jpg,Inostemma
gs://bugoff-bucket1/hinton/Insecta/GenusSpecies/Inostemma/boscii/Inostemma-boscii-5441463.jpg,Inostemma
gs://bugoff-bucket1/hinton/Insecta/GenusSpecies/Inostemma/boscii/Inostemma-boscii-5621582.jpg,Inostemma
gs://bugoff-bucket1/hinton/Insecta/GenusSpecies/Inostemma/boscii/Inostemma-boscii-5956538.jpg,Inostemma
gs://bugoff-bucket1/hinton/Insecta/GenusSpecies/Inostemma/boscii/Inostemma-boscii-6216632.jpg,Inostemma
gs://bugoff-bucket1/hinton/Insecta/GenusSpecies/Odontacolus/berryae/Odontacolus-berryae-1248669.jpg,Odontacolus
gs://bugoff-bucket1/hinton/Insecta/GenusSpecies/Odontacolus/berryae/Odontacolus-berryae-1263831.jpg,Odontacolus
gs://bugoff-bucket1/hinton/Insecta/GenusSpecies/Odontacolus/berryae/Odontacolus-berryae-1706454.jpg,Odontacolus
gs://bugoff-bucket1/hinton/Insecta/GenusSpecies/Odontacolus/pintoi/Odontacolus-pintoi-1219812.jpg,Odontacolus
gs://bugoff-bucket1/hinton/Insecta/GenusSpecies/Odontacolus/pintoi/Odontacolus-pintoi-1257983.jpg,Odontacolus
gs://bugoff-bucket1/hinton/Insecta/GenusSpecies/Platygaster/podocarpi/Platygaster-podocarpi-1275724.jpg,Platygaster
gs://bugoff-bucket1/hinton/Insecta/GenusSpecies/Platygaster/podocarpi/Platygaster-podocarpi-1275897.jpg,Platygaster
gs://bugoff-bucket1/hinton/Insecta/Genus1/Baeus/Baeus-1216220.jpg,Baeus
gs://bugoff-bucket1/hinton/Insecta/Genus1/Baeus/Baeus-1237633.jpg,Baeus
gs://bugoff-bucket1/hinton/Insecta/Genus1/Baeus/Baeus-1253044.jpg,Baeus
gs://bugoff-bucket1/hinton/Insecta/Genus1/Baeus/Baeus-1264664.jpg,Baeus
gs://bugoff-bucket1/hinton/Insecta/Genus1/Baeus/Baeus-2849623.jpg,Baeus
gs://bugoff-bucket1/hinton/Insecta/Genus1/Baeus/Baeus-2906083.jpg,Baeus
gs://bugoff-bucket1/hinton/Insecta/Genus1/Baeus/Baeus-2934120.jpg,Baeus
gs://bugoff-bucket1/hinton/Insecta/Genus1/Baeus/Baeus-2934171.jpg,Baeus
gs://bugoff-bucket1/hinton/Insecta/Genus1/Baeus/Baeus-3068489.jpg,Baeus
gs://bugoff-bucket1/hinton/Insecta/Genus1/Baeus/Baeus-5799511.jpg,Baeus
gs://bugoff-bucket1/hinton/Insecta/Genus1/Baeus/Baeus-6352165.jpg,Baeus
gs://bugoff-bucket1/hinton/Insecta/Genus1/Gryon/Gryon-1210943.jpg,Gryon
gs://bugoff-bucket1/hinton/Insecta/Genus1/Gryon/Gryon-1212293.jpg,Gryon
gs://bugoff-bucket1/hinton/Insecta/Genus1/Gryon/Gryon-1227558.jpg,Gryon
gs://bugoff-bucket1/hinton/Insecta/Genus1/Gryon/Gryon-1259321.jpg,Gryon
gs://bugoff-bucket1/hinton/Insecta/Genus1/Gryon/Gryon-1263815.jpg,Gryon
gs://bugoff-bucket1/hinton/Insecta/Genus1/Gryon/Gryon-1271515.jpg,Gryon
gs://bugoff-bucket1/hinton/Insecta/Genus1/Gryon/Gryon-1644128.jpg,Gryon
gs://bugoff-bucket1/hinton/Insecta/Genus1/Gryon/Gryon-1669099.jpg,Gryon
gs://bugoff-bucket1/hinton/Insecta/Genus1/Gryon/Gryon-3102301.jpg,Gryon
gs://bugoff-bucket1/hinton/Insecta/Genus1/Idris/Idris-2934155.jpg,Idris
gs://bugoff-bucket1/hinton/Insecta/Genus1/Idris/Idris-2992685.jpg,Idris
gs://bugoff-bucket1/hinton/Insecta/Genus1/Idris/Idris-4889881.jpg,Idris
gs://bugoff-bucket1/hinton/Insecta/Genus1/Leptacis/Leptacis-2822694.jpg,Leptacis
gs://bugoff-bucket1/hinton/Insecta/Genus1/Platygaster/Platygaster-5289444.jpg,Platygaster
gs://bugoff-bucket1/hinton/Insecta/Genus1/Scelio/Scelio-2904581.jpg,Scelio
gs://bugoff-bucket1/hinton/Insecta/Genus1/Synopeas/Synopeas-1220366.jpg,Synopeas
gs://bugoff-bucket1/hinton/Insecta/Genus1/Telenomus/Telenomus-1216227.jpg,Telenomus
gs://bugoff-bucket1/hinton/Insecta/Genus1/Telenomus/Telenomus-1267492.jpg,Telenomus
gs://bugoff-bucket1/hinton/Insecta/Genus1/Trimorus/Trimorus-4270847.jpg,Trimorus
gs://bugoff-bucket1/hinton/Insecta/Genus1/Trissolcus/Trissolcus-6243759.jpg,Trissolcus
gs://bugoff-bucket1/hinton/Insecta/Genus1/Trissolcus/Trissolcus-7757361.jpg,Trissolcus
