gs://bugoff-bucket1/hinton/Insecta/GenusSpecies/Eurygaster/alternata/Eurygaster-alternata-7027477.jpg,alternata
gs://bugoff-bucket1/hinton/Insecta/GenusSpecies/Eurygaster/amerinda/Eurygaster-amerinda-1171995.jpg,amerinda
gs://bugoff-bucket1/hinton/Insecta/GenusSpecies/Eurygaster/amerinda/Eurygaster-amerinda-1172003.jpg,amerinda
gs://bugoff-bucket1/hinton/Insecta/GenusSpecies/Eurygaster/amerinda/Eurygaster-amerinda-3275852.jpg,amerinda
gs://bugoff-bucket1/hinton/Insecta/GenusSpecies/Eurygaster/amerinda/Eurygaster-amerinda-3695357.jpg,amerinda
gs://bugoff-bucket1/hinton/Insecta/GenusSpecies/Eurygaster/amerinda/Eurygaster-amerinda-3770567.jpg,amerinda
gs://bugoff-bucket1/hinton/Insecta/GenusSpecies/Eurygaster/austriaca/Eurygaster-austriaca-1995659.jpg,austriaca
gs://bugoff-bucket1/hinton/Insecta/GenusSpecies/Eurygaster/halys/Eurygaster-halys-4631943.jpg,halys
gs://bugoff-bucket1/hinton/Insecta/GenusSpecies/Eurygaster/integriceps/Eurygaster-integriceps-4420330.jpg,integriceps
gs://bugoff-bucket1/hinton/Insecta/GenusSpecies/Eurygaster/integriceps/Eurygaster-integriceps-5368185.jpg,integriceps
gs://bugoff-bucket1/hinton/Insecta/GenusSpecies/Eurygaster/integriceps/Eurygaster-integriceps-6657975.jpg,integriceps
gs://bugoff-bucket1/hinton/Insecta/GenusSpecies/Eurygaster/integriceps/Eurygaster-integriceps-7691139.jpg,integriceps
gs://bugoff-bucket1/hinton/Insecta/GenusSpecies/Eurygaster/integriceps/Eurygaster-integriceps-7753314.jpg,integriceps
gs://bugoff-bucket1/hinton/Insecta/GenusSpecies/Eurygaster/maura/Eurygaster-maura-2227857.jpg,maura
gs://bugoff-bucket1/hinton/Insecta/GenusSpecies/Eurygaster/maura/Eurygaster-maura-3339108.jpg,maura
gs://bugoff-bucket1/hinton/Insecta/GenusSpecies/Eurygaster/maura/Eurygaster-maura-3982698.jpg,maura
gs://bugoff-bucket1/hinton/Insecta/GenusSpecies/Eurygaster/maura/Eurygaster-maura-6483952.jpg,maura
gs://bugoff-bucket1/hinton/Insecta/GenusSpecies/Eurygaster/maura/Eurygaster-maura-6483954.jpg,maura
gs://bugoff-bucket1/hinton/Insecta/GenusSpecies/Eurygaster/maura/Eurygaster-maura-7199409.jpg,maura
gs://bugoff-bucket1/hinton/Insecta/GenusSpecies/Eurygaster/testudinaria/Eurygaster-testudinaria-2264124.jpg,testudinaria
gs://bugoff-bucket1/hinton/Insecta/GenusSpecies/Eurygaster/testudinaria/Eurygaster-testudinaria-4630926.jpg,testudinaria
gs://bugoff-bucket1/hinton/Insecta/GenusSpecies/Eurygaster/alternata/Eurygaster-alternata-7027477.jpg,alternata
gs://bugoff-bucket1/hinton/Insecta/GenusSpecies/Eurygaster/amerinda/Eurygaster-amerinda-1171995.jpg,amerinda
gs://bugoff-bucket1/hinton/Insecta/GenusSpecies/Eurygaster/amerinda/Eurygaster-amerinda-1172003.jpg,amerinda
gs://bugoff-bucket1/hinton/Insecta/GenusSpecies/Eurygaster/amerinda/Eurygaster-amerinda-3275852.jpg,amerinda
gs://bugoff-bucket1/hinton/Insecta/GenusSpecies/Eurygaster/amerinda/Eurygaster-amerinda-3695357.jpg,amerinda
gs://bugoff-bucket1/hinton/Insecta/GenusSpecies/Eurygaster/amerinda/Eurygaster-amerinda-3770567.jpg,amerinda
gs://bugoff-bucket1/hinton/Insecta/GenusSpecies/Eurygaster/austriaca/Eurygaster-austriaca-1995659.jpg,austriaca
gs://bugoff-bucket1/hinton/Insecta/GenusSpecies/Eurygaster/halys/Eurygaster-halys-4631943.jpg,halys
gs://bugoff-bucket1/hinton/Insecta/GenusSpecies/Eurygaster/integriceps/Eurygaster-integriceps-4420330.jpg,integriceps
gs://bugoff-bucket1/hinton/Insecta/GenusSpecies/Eurygaster/integriceps/Eurygaster-integriceps-5368185.jpg,integriceps
gs://bugoff-bucket1/hinton/Insecta/GenusSpecies/Eurygaster/integriceps/Eurygaster-integriceps-6657975.jpg,integriceps
gs://bugoff-bucket1/hinton/Insecta/GenusSpecies/Eurygaster/integriceps/Eurygaster-integriceps-7691139.jpg,integriceps
gs://bugoff-bucket1/hinton/Insecta/GenusSpecies/Eurygaster/integriceps/Eurygaster-integriceps-7753314.jpg,integriceps
gs://bugoff-bucket1/hinton/Insecta/GenusSpecies/Eurygaster/maura/Eurygaster-maura-2227857.jpg,maura
gs://bugoff-bucket1/hinton/Insecta/GenusSpecies/Eurygaster/maura/Eurygaster-maura-3339108.jpg,maura
gs://bugoff-bucket1/hinton/Insecta/GenusSpecies/Eurygaster/maura/Eurygaster-maura-3982698.jpg,maura
gs://bugoff-bucket1/hinton/Insecta/GenusSpecies/Eurygaster/maura/Eurygaster-maura-6483952.jpg,maura
gs://bugoff-bucket1/hinton/Insecta/GenusSpecies/Eurygaster/maura/Eurygaster-maura-6483954.jpg,maura
gs://bugoff-bucket1/hinton/Insecta/GenusSpecies/Eurygaster/maura/Eurygaster-maura-7199409.jpg,maura
gs://bugoff-bucket1/hinton/Insecta/GenusSpecies/Eurygaster/testudinaria/Eurygaster-testudinaria-2264124.jpg,testudinaria
gs://bugoff-bucket1/hinton/Insecta/GenusSpecies/Eurygaster/testudinaria/Eurygaster-testudinaria-4630926.jpg,testudinaria
