gs://bugoff-bucket1/hinton/Insecta/GenusSpecies/Trioza/adventicia/Trioza-adventicia-1202081.jpg,adventicia
gs://bugoff-bucket1/hinton/Insecta/GenusSpecies/Trioza/adventicia/Trioza-adventicia-1202175.jpg,adventicia
gs://bugoff-bucket1/hinton/Insecta/GenusSpecies/Trioza/adventicia/Trioza-adventicia-1202661.jpg,adventicia
gs://bugoff-bucket1/hinton/Insecta/GenusSpecies/Trioza/adventicia/Trioza-adventicia-1279434.jpg,adventicia
gs://bugoff-bucket1/hinton/Insecta/GenusSpecies/Trioza/adventicia/Trioza-adventicia-1705737.jpg,adventicia
gs://bugoff-bucket1/hinton/Insecta/GenusSpecies/Trioza/adventicia/Trioza-adventicia-2156578.jpg,adventicia
gs://bugoff-bucket1/hinton/Insecta/GenusSpecies/Trioza/adventicia/Trioza-adventicia-2581001.jpg,adventicia
gs://bugoff-bucket1/hinton/Insecta/GenusSpecies/Trioza/adventicia/Trioza-adventicia-2642550.jpg,adventicia
gs://bugoff-bucket1/hinton/Insecta/GenusSpecies/Trioza/alacris/Trioza-alacris-2838131.jpg,alacris
gs://bugoff-bucket1/hinton/Insecta/GenusSpecies/Trioza/alacris/Trioza-alacris-4282378.jpg,alacris
gs://bugoff-bucket1/hinton/Insecta/GenusSpecies/Trioza/alacris/Trioza-alacris-6766890.jpg,alacris
gs://bugoff-bucket1/hinton/Insecta/GenusSpecies/Trioza/albifrons/Trioza-albifrons-2909069.jpg,albifrons
gs://bugoff-bucket1/hinton/Insecta/GenusSpecies/Trioza/anceps/Trioza-anceps-2590043.jpg,anceps
gs://bugoff-bucket1/hinton/Insecta/GenusSpecies/Trioza/bakeri/Trioza-bakeri-3068674.jpg,bakeri
gs://bugoff-bucket1/hinton/Insecta/GenusSpecies/Trioza/bakeri/Trioza-bakeri-3187888.jpg,bakeri
gs://bugoff-bucket1/hinton/Insecta/GenusSpecies/Trioza/bakeri/Trioza-bakeri-3187928.jpg,bakeri
gs://bugoff-bucket1/hinton/Insecta/GenusSpecies/Trioza/bakeri/Trioza-bakeri-3187965.jpg,bakeri
gs://bugoff-bucket1/hinton/Insecta/GenusSpecies/Trioza/brevigenae/Trioza-brevigenae-3668799.jpg,brevigenae
gs://bugoff-bucket1/hinton/Insecta/GenusSpecies/Trioza/brevigenae/Trioza-brevigenae-5847302.jpg,brevigenae
gs://bugoff-bucket1/hinton/Insecta/GenusSpecies/Trioza/brevigenae/Trioza-brevigenae-7153377.jpg,brevigenae
gs://bugoff-bucket1/hinton/Insecta/GenusSpecies/Trioza/brevigenae/Trioza-brevigenae-7153527.jpg,brevigenae
gs://bugoff-bucket1/hinton/Insecta/GenusSpecies/Trioza/brevigenae/Trioza-brevigenae-7233000.jpg,brevigenae
gs://bugoff-bucket1/hinton/Insecta/GenusSpecies/Trioza/cinnamomi/Trioza-cinnamomi-2607828.jpg,cinnamomi
gs://bugoff-bucket1/hinton/Insecta/GenusSpecies/Trioza/curta/Trioza-curta-2573395.jpg,curta
gs://bugoff-bucket1/hinton/Insecta/GenusSpecies/Trioza/curta/Trioza-curta-2577425.jpg,curta
gs://bugoff-bucket1/hinton/Insecta/GenusSpecies/Trioza/diospyri/Trioza-diospyri-7150751.jpg,diospyri
gs://bugoff-bucket1/hinton/Insecta/GenusSpecies/Trioza/doryphora/Trioza-doryphora-1588632.jpg,doryphora
gs://bugoff-bucket1/hinton/Insecta/GenusSpecies/Trioza/eugeniae/Trioza-eugeniae-3972254.jpg,eugeniae
gs://bugoff-bucket1/hinton/Insecta/GenusSpecies/Trioza/eugeniae/Trioza-eugeniae-4253809.jpg,eugeniae
gs://bugoff-bucket1/hinton/Insecta/GenusSpecies/Trioza/eugeniae/Trioza-eugeniae-4303273.jpg,eugeniae
gs://bugoff-bucket1/hinton/Insecta/GenusSpecies/Trioza/eugeniae/Trioza-eugeniae-4303280.jpg,eugeniae
gs://bugoff-bucket1/hinton/Insecta/GenusSpecies/Trioza/eugeniae/Trioza-eugeniae-4303306.jpg,eugeniae
gs://bugoff-bucket1/hinton/Insecta/GenusSpecies/Trioza/eugeniae/Trioza-eugeniae-4389102.jpg,eugeniae
gs://bugoff-bucket1/hinton/Insecta/GenusSpecies/Trioza/eugeniae/Trioza-eugeniae-4397434.jpg,eugeniae
gs://bugoff-bucket1/hinton/Insecta/GenusSpecies/Trioza/eugeniae/Trioza-eugeniae-4399331.jpg,eugeniae
gs://bugoff-bucket1/hinton/Insecta/GenusSpecies/Trioza/eugeniae/Trioza-eugeniae-4729085.jpg,eugeniae
gs://bugoff-bucket1/hinton/Insecta/GenusSpecies/Trioza/eugeniae/Trioza-eugeniae-4732111.jpg,eugeniae
gs://bugoff-bucket1/hinton/Insecta/GenusSpecies/Trioza/eugeniae/Trioza-eugeniae-47683.jpg,eugeniae
gs://bugoff-bucket1/hinton/Insecta/GenusSpecies/Trioza/eugeniae/Trioza-eugeniae-5090075.jpg,eugeniae
gs://bugoff-bucket1/hinton/Insecta/GenusSpecies/Trioza/eugeniae/Trioza-eugeniae-5090090.jpg,eugeniae
gs://bugoff-bucket1/hinton/Insecta/GenusSpecies/Trioza/eugeniae/Trioza-eugeniae-6278657.jpg,eugeniae
gs://bugoff-bucket1/hinton/Insecta/GenusSpecies/Trioza/eugeniae/Trioza-eugeniae-6301171.jpg,eugeniae
gs://bugoff-bucket1/hinton/Insecta/GenusSpecies/Trioza/eugeniae/Trioza-eugeniae-6332336.jpg,eugeniae
gs://bugoff-bucket1/hinton/Insecta/GenusSpecies/Trioza/eugeniae/Trioza-eugeniae-6447189.jpg,eugeniae
gs://bugoff-bucket1/hinton/Insecta/GenusSpecies/Trioza/eugeniae/Trioza-eugeniae-6524938.jpg,eugeniae
gs://bugoff-bucket1/hinton/Insecta/GenusSpecies/Trioza/eugeniae/Trioza-eugeniae-6908446.jpg,eugeniae
gs://bugoff-bucket1/hinton/Insecta/GenusSpecies/Trioza/eugeniae/Trioza-eugeniae-7052100.jpg,eugeniae
gs://bugoff-bucket1/hinton/Insecta/GenusSpecies/Trioza/eugeniae/Trioza-eugeniae-7200009.jpg,eugeniae
gs://bugoff-bucket1/hinton/Insecta/GenusSpecies/Trioza/eugeniae/Trioza-eugeniae-7209859.jpg,eugeniae
gs://bugoff-bucket1/hinton/Insecta/GenusSpecies/Trioza/eugeniae/Trioza-eugeniae-7233016.jpg,eugeniae
gs://bugoff-bucket1/hinton/Insecta/GenusSpecies/Trioza/eugeniae/Trioza-eugeniae-7252703.jpg,eugeniae
gs://bugoff-bucket1/hinton/Insecta/GenusSpecies/Trioza/eugeniae/Trioza-eugeniae-7274693.jpg,eugeniae
gs://bugoff-bucket1/hinton/Insecta/GenusSpecies/Trioza/eugeniae/Trioza-eugeniae-7627919.jpg,eugeniae
gs://bugoff-bucket1/hinton/Insecta/GenusSpecies/Trioza/eugeniae/Trioza-eugeniae-7988730.jpg,eugeniae
gs://bugoff-bucket1/hinton/Insecta/GenusSpecies/Trioza/fasciata/Trioza-fasciata-1297162.jpg,fasciata
gs://bugoff-bucket1/hinton/Insecta/GenusSpecies/Trioza/fasciata/Trioza-fasciata-1297242.jpg,fasciata
gs://bugoff-bucket1/hinton/Insecta/GenusSpecies/Trioza/fasciata/Trioza-fasciata-1303357.jpg,fasciata
gs://bugoff-bucket1/hinton/Insecta/GenusSpecies/Trioza/fasciata/Trioza-fasciata-1312606.jpg,fasciata
gs://bugoff-bucket1/hinton/Insecta/GenusSpecies/Trioza/fasciata/Trioza-fasciata-1390827.jpg,fasciata
gs://bugoff-bucket1/hinton/Insecta/GenusSpecies/Trioza/fasciata/Trioza-fasciata-1463287.jpg,fasciata
gs://bugoff-bucket1/hinton/Insecta/GenusSpecies/Trioza/fasciata/Trioza-fasciata-1705917.jpg,fasciata
gs://bugoff-bucket1/hinton/Insecta/GenusSpecies/Trioza/galii/Trioza-galii-258081.jpg,galii
gs://bugoff-bucket1/hinton/Insecta/GenusSpecies/Trioza/irregularis/Trioza-irregularis-1274491.jpg,irregularis
gs://bugoff-bucket1/hinton/Insecta/GenusSpecies/Trioza/magnoliae/Trioza-magnoliae-2667975.jpg,magnoliae
gs://bugoff-bucket1/hinton/Insecta/GenusSpecies/Trioza/magnoliae/Trioza-magnoliae-2723856.jpg,magnoliae
gs://bugoff-bucket1/hinton/Insecta/GenusSpecies/Trioza/magnoliae/Trioza-magnoliae-3164813.jpg,magnoliae
gs://bugoff-bucket1/hinton/Insecta/GenusSpecies/Trioza/magnoliae/Trioza-magnoliae-5143317.jpg,magnoliae
gs://bugoff-bucket1/hinton/Insecta/GenusSpecies/Trioza/magnoliae/Trioza-magnoliae-6150739.jpg,magnoliae
gs://bugoff-bucket1/hinton/Insecta/GenusSpecies/Trioza/magnoliae/Trioza-magnoliae-6474438.jpg,magnoliae
gs://bugoff-bucket1/hinton/Insecta/GenusSpecies/Trioza/magnoliae/Trioza-magnoliae-7791305.jpg,magnoliae
gs://bugoff-bucket1/hinton/Insecta/GenusSpecies/Trioza/panacis/Trioza-panacis-1203600.jpg,panacis
gs://bugoff-bucket1/hinton/Insecta/GenusSpecies/Trioza/panacis/Trioza-panacis-1224733.jpg,panacis
gs://bugoff-bucket1/hinton/Insecta/GenusSpecies/Trioza/phoradendri/Trioza-phoradendri-7265590.jpg,phoradendri
gs://bugoff-bucket1/hinton/Insecta/GenusSpecies/Trioza/phoradendri/Trioza-phoradendri-7576834.jpg,phoradendri
gs://bugoff-bucket1/hinton/Insecta/GenusSpecies/Trioza/remota/Trioza-remota-258960.jpg,remota
gs://bugoff-bucket1/hinton/Insecta/GenusSpecies/Trioza/schefflericola/Trioza-schefflericola-1224093.jpg,schefflericola
gs://bugoff-bucket1/hinton/Insecta/GenusSpecies/Trioza/st1/Trioza-st1-1202432.jpg,st1
gs://bugoff-bucket1/hinton/Insecta/GenusSpecies/Trioza/st1/Trioza-st1-1203061.jpg,st1
gs://bugoff-bucket1/hinton/Insecta/GenusSpecies/Trioza/st1/Trioza-st1-1205207.jpg,st1
gs://bugoff-bucket1/hinton/Insecta/GenusSpecies/Trioza/st1/Trioza-st1-1207334.jpg,st1
gs://bugoff-bucket1/hinton/Insecta/GenusSpecies/Trioza/st1/Trioza-st1-1207447.jpg,st1
gs://bugoff-bucket1/hinton/Insecta/GenusSpecies/Trioza/st1/Trioza-st1-1208790.jpg,st1
gs://bugoff-bucket1/hinton/Insecta/GenusSpecies/Trioza/st1/Trioza-st1-1209192.jpg,st1
gs://bugoff-bucket1/hinton/Insecta/GenusSpecies/Trioza/st1/Trioza-st1-1209476.jpg,st1
gs://bugoff-bucket1/hinton/Insecta/GenusSpecies/Trioza/st1/Trioza-st1-1209602.jpg,st1
gs://bugoff-bucket1/hinton/Insecta/GenusSpecies/Trioza/subacuta/Trioza-subacuta-1273851.jpg,subacuta
gs://bugoff-bucket1/hinton/Insecta/GenusSpecies/Trioza/trisignata/Trioza-trisignata-1094991.jpg,trisignata
gs://bugoff-bucket1/hinton/Insecta/GenusSpecies/Trioza/trisignata/Trioza-trisignata-2981961.jpg,trisignata
gs://bugoff-bucket1/hinton/Insecta/GenusSpecies/Trioza/urticae/Trioza-urticae-257970.jpg,urticae
gs://bugoff-bucket1/hinton/Insecta/GenusSpecies/Trioza/vitreoradiata/Trioza-vitreoradiata-1181650.jpg,vitreoradiata
gs://bugoff-bucket1/hinton/Insecta/GenusSpecies/Trioza/vitreoradiata/Trioza-vitreoradiata-1181861.jpg,vitreoradiata
gs://bugoff-bucket1/hinton/Insecta/GenusSpecies/Trioza/vitreoradiata/Trioza-vitreoradiata-1273847.jpg,vitreoradiata
gs://bugoff-bucket1/hinton/Insecta/GenusSpecies/Trioza/vitreoradiata/Trioza-vitreoradiata-3123298.jpg,vitreoradiata
gs://bugoff-bucket1/hinton/Insecta/GenusSpecies/Trioza/vitreoradiata/Trioza-vitreoradiata-3126155.jpg,vitreoradiata
gs://bugoff-bucket1/hinton/Insecta/GenusSpecies/Trioza/vitreoradiata/Trioza-vitreoradiata-3126171.jpg,vitreoradiata
gs://bugoff-bucket1/hinton/Insecta/GenusSpecies/Trioza/vitreoradiata/Trioza-vitreoradiata-6539193.jpg,vitreoradiata
