gs://bugoff-bucket1/hinton/Insecta/GenusSpecies/Asaphes/vulgaris/Asaphes-vulgaris-1210285.jpg,Asaphes
gs://bugoff-bucket1/hinton/Insecta/GenusSpecies/Hemadas/angustifolium/Hemadas-angustifolium-4241851.jpg,Hemadas
gs://bugoff-bucket1/hinton/Insecta/GenusSpecies/Hemadas/corymbosum/Hemadas-corymbosum-2089505.jpg,Hemadas
gs://bugoff-bucket1/hinton/Insecta/GenusSpecies/Hemadas/nubilipennis/Hemadas-nubilipennis-1864223.jpg,Hemadas
gs://bugoff-bucket1/hinton/Insecta/GenusSpecies/Hemadas/nubilipennis/Hemadas-nubilipennis-5045350.jpg,Hemadas
gs://bugoff-bucket1/hinton/Insecta/GenusSpecies/Hemadas/nubilipennis/Hemadas-nubilipennis-5045360.jpg,Hemadas
gs://bugoff-bucket1/hinton/Insecta/GenusSpecies/Hemadas/nubilipennis/Hemadas-nubilipennis-5411416.jpg,Hemadas
gs://bugoff-bucket1/hinton/Insecta/GenusSpecies/Hemadas/nubilipennis/Hemadas-nubilipennis-6864972.jpg,Hemadas
gs://bugoff-bucket1/hinton/Insecta/GenusSpecies/Hemadas/nubilipennis/Hemadas-nubilipennis-7653618.jpg,Hemadas
gs://bugoff-bucket1/hinton/Insecta/GenusSpecies/Hemadas/nubilipennis/Hemadas-nubilipennis-7733761.jpg,Hemadas
gs://bugoff-bucket1/hinton/Insecta/GenusSpecies/Hemadas/nubilipennis/Hemadas-nubilipennis-7765305.jpg,Hemadas
gs://bugoff-bucket1/hinton/Insecta/GenusSpecies/Hemadas/nubilipennis/Hemadas-nubilipennis-7805632.jpg,Hemadas
gs://bugoff-bucket1/hinton/Insecta/GenusSpecies/Pteromalus/puparum/Pteromalus-puparum-628492.jpg,Pteromalus
gs://bugoff-bucket1/hinton/Insecta/GenusSpecies/Pteromalus/puparum/Pteromalus-puparum-628496.jpg,Pteromalus
gs://bugoff-bucket1/hinton/Insecta/GenusSpecies/Pteromalus/puparum/Pteromalus-puparum-628497.jpg,Pteromalus
gs://bugoff-bucket1/hinton/Insecta/GenusSpecies/Pteromalus/puparum/Pteromalus-puparum-628498.jpg,Pteromalus
gs://bugoff-bucket1/hinton/Insecta/GenusSpecies/Pteromalus/puparum/Pteromalus-puparum-628859.jpg,Pteromalus
gs://bugoff-bucket1/hinton/Insecta/GenusSpecies/Pteromalus/puparum/Pteromalus-puparum-6808803.jpg,Pteromalus
gs://bugoff-bucket1/hinton/Insecta/GenusSpecies/Pteromalus/puparum/Pteromalus-puparum-6923209.jpg,Pteromalus
gs://bugoff-bucket1/hinton/Insecta/GenusSpecies/Pteromalus/sequester/Pteromalus-sequester-2742908.jpg,Pteromalus
gs://bugoff-bucket1/hinton/Insecta/GenusSpecies/Sycoscapter/australis/Sycoscapter-australis-1202053.jpg,Sycoscapter
gs://bugoff-bucket1/hinton/Insecta/GenusSpecies/Sycoscapter/australis/Sycoscapter-australis-5664664.jpg,Sycoscapter
gs://bugoff-bucket1/hinton/Insecta/GenusSpecies/Sycoscapter/australis/Sycoscapter-australis-6592369.jpg,Sycoscapter
gs://bugoff-bucket1/hinton/Insecta/GenusSpecies/Sycoscapter/australis/Sycoscapter-australis-7593173.jpg,Sycoscapter
gs://bugoff-bucket1/hinton/Insecta/Genus1/Cheiropachus/Cheiropachus-142074.jpg,Cheiropachus
gs://bugoff-bucket1/hinton/Insecta/Genus1/Dipara/Dipara-1695007.jpg,Dipara
gs://bugoff-bucket1/hinton/Insecta/Genus1/Dipara/Dipara-1697129.jpg,Dipara
gs://bugoff-bucket1/hinton/Insecta/Genus1/Dipara/Dipara-1742428.jpg,Dipara
gs://bugoff-bucket1/hinton/Insecta/Genus1/Dipara/Dipara-1811218.jpg,Dipara
gs://bugoff-bucket1/hinton/Insecta/Genus1/Dipara/Dipara-1876391.jpg,Dipara
gs://bugoff-bucket1/hinton/Insecta/Genus1/Dipara/Dipara-2020029.jpg,Dipara
gs://bugoff-bucket1/hinton/Insecta/Genus1/Dipara/Dipara-2044612.jpg,Dipara
gs://bugoff-bucket1/hinton/Insecta/Genus1/Dipara/Dipara-3224094.jpg,Dipara
gs://bugoff-bucket1/hinton/Insecta/Genus1/Dipara/Dipara-3366033.jpg,Dipara
gs://bugoff-bucket1/hinton/Insecta/Genus1/Dipara/Dipara-5351299.jpg,Dipara
gs://bugoff-bucket1/hinton/Insecta/Genus1/Hemadas/Hemadas-7211932.jpg,Hemadas
gs://bugoff-bucket1/hinton/Insecta/Genus1/Pachyneuron/Pachyneuron-7856166.jpg,Pachyneuron
gs://bugoff-bucket1/hinton/Insecta/Genus1/Philotrypesis/Philotrypesis-6931195.jpg,Philotrypesis
gs://bugoff-bucket1/hinton/Insecta/Genus1/Spalangia/Spalangia-1845909.jpg,Spalangia
