gs://bugoff-bucket1/hinton/Insecta/GenusSpecies/Agathis/malvacearum/Agathis-malvacearum-9663480.jpg,Agathis
gs://bugoff-bucket1/hinton/Insecta/GenusSpecies/Alabagrus/texanus/Alabagrus-texanus-9515647.jpg,Alabagrus
gs://bugoff-bucket1/hinton/Insecta/GenusSpecies/Alabagrus/texanus/Alabagrus-texanus-9515722.jpg,Alabagrus
gs://bugoff-bucket1/hinton/Insecta/GenusSpecies/Aleiodes/euproctis/Aleiodes-euproctis-9613542.jpg,Aleiodes
gs://bugoff-bucket1/hinton/Insecta/GenusSpecies/Aleiodes/politiceps/Aleiodes-politiceps-8335772.jpg,Aleiodes
gs://bugoff-bucket1/hinton/Insecta/GenusSpecies/Chrysopophthorus/americanus/Chrysopophthorus-americanus-9263244.jpg,Chrysopophthorus
gs://bugoff-bucket1/hinton/Insecta/GenusSpecies/Cotesia/congregata/Cotesia-congregata-8843476.jpg,Cotesia
gs://bugoff-bucket1/hinton/Insecta/GenusSpecies/Cotesia/congregata/Cotesia-congregata-9277798.jpg,Cotesia
gs://bugoff-bucket1/hinton/Insecta/GenusSpecies/Cotesia/congregata/Cotesia-congregata-9412649.jpg,Cotesia
gs://bugoff-bucket1/hinton/Insecta/GenusSpecies/Dinocampus/coccinellae/Dinocampus-coccinellae-8104411.jpg,Dinocampus
gs://bugoff-bucket1/hinton/Insecta/GenusSpecies/Dinocampus/coccinellae/Dinocampus-coccinellae-9187561.jpg,Dinocampus
gs://bugoff-bucket1/hinton/Insecta/GenusSpecies/Habrobracon/hebetor/Habrobracon-hebetor-8012661.jpg,Habrobracon
gs://bugoff-bucket1/hinton/Insecta/GenusSpecies/Iphiaulax/impostor/Iphiaulax-impostor-8055415.jpg,Iphiaulax
gs://bugoff-bucket1/hinton/Insecta/GenusSpecies/Yelicones/delicatus/Yelicones-delicatus-80030.jpg,Yelicones
gs://bugoff-bucket1/hinton/Insecta/Genus1/Agathis/Agathis-9521493.jpg,Agathis
gs://bugoff-bucket1/hinton/Insecta/Genus1/Aleiodes/Aleiodes-8709540.jpg,Aleiodes
gs://bugoff-bucket1/hinton/Insecta/Genus1/Aleiodes/Aleiodes-8882738.jpg,Aleiodes
gs://bugoff-bucket1/hinton/Insecta/Genus1/Aleiodes/Aleiodes-9072141.jpg,Aleiodes
gs://bugoff-bucket1/hinton/Insecta/Genus1/Aleiodes/Aleiodes-9117633.jpg,Aleiodes
gs://bugoff-bucket1/hinton/Insecta/Genus1/Aleiodes/Aleiodes-9352075.jpg,Aleiodes
gs://bugoff-bucket1/hinton/Insecta/Genus1/Atanycolus/Atanycolus-8874320.jpg,Atanycolus
gs://bugoff-bucket1/hinton/Insecta/Genus1/Atanycolus/Atanycolus-8989242.jpg,Atanycolus
gs://bugoff-bucket1/hinton/Insecta/Genus1/Atanycolus/Atanycolus-9088950.jpg,Atanycolus
gs://bugoff-bucket1/hinton/Insecta/Genus1/Chelonus/Chelonus-8997058.jpg,Chelonus
gs://bugoff-bucket1/hinton/Insecta/Genus1/Digonogastra/Digonogastra-8915088.jpg,Digonogastra
gs://bugoff-bucket1/hinton/Insecta/Genus1/Digonogastra/Digonogastra-8915160.jpg,Digonogastra
gs://bugoff-bucket1/hinton/Insecta/Genus1/Digonogastra/Digonogastra-8915231.jpg,Digonogastra
gs://bugoff-bucket1/hinton/Insecta/Genus1/Digonogastra/Digonogastra-9208227.jpg,Digonogastra
gs://bugoff-bucket1/hinton/Insecta/Genus1/Digonogastra/Digonogastra-9314775.jpg,Digonogastra
gs://bugoff-bucket1/hinton/Insecta/Genus1/Macrocentrus/Macrocentrus-8283580.jpg,Macrocentrus
gs://bugoff-bucket1/hinton/Insecta/Genus1/Macrocentrus/Macrocentrus-8667042.jpg,Macrocentrus
gs://bugoff-bucket1/hinton/Insecta/Genus1/Meteorus/Meteorus-9212121.jpg,Meteorus
gs://bugoff-bucket1/hinton/Insecta/Genus1/Phaenocarpa/Phaenocarpa-9266518.jpg,Phaenocarpa
gs://bugoff-bucket1/hinton/Insecta/Genus1/Phanerotoma/Phanerotoma-9002545.jpg,Phanerotoma
gs://bugoff-bucket1/hinton/Insecta/Genus1/Praon/Praon-8218030.jpg,Praon
gs://bugoff-bucket1/hinton/Insecta/Genus1/Spathius/Spathius-8139335.jpg,Spathius
