gs://bugoff-bucket1/hinton/Insecta/GenusSpecies/Agathis/australis/Agathis-australis-2119932.jpg,australis
gs://bugoff-bucket1/hinton/Insecta/GenusSpecies/Agathis/australis/Agathis-australis-2123323.jpg,australis
gs://bugoff-bucket1/hinton/Insecta/GenusSpecies/Agathis/australis/Agathis-australis-2129382.jpg,australis
gs://bugoff-bucket1/hinton/Insecta/GenusSpecies/Agathis/australis/Agathis-australis-2132145.jpg,australis
gs://bugoff-bucket1/hinton/Insecta/GenusSpecies/Agathis/australis/Agathis-australis-2132775.jpg,australis
gs://bugoff-bucket1/hinton/Insecta/GenusSpecies/Agathis/australis/Agathis-australis-2134134.jpg,australis
gs://bugoff-bucket1/hinton/Insecta/GenusSpecies/Agathis/australis/Agathis-australis-2134181.jpg,australis
gs://bugoff-bucket1/hinton/Insecta/GenusSpecies/Agathis/australis/Agathis-australis-2140758.jpg,australis
gs://bugoff-bucket1/hinton/Insecta/GenusSpecies/Agathis/australis/Agathis-australis-2142668.jpg,australis
gs://bugoff-bucket1/hinton/Insecta/GenusSpecies/Agathis/australis/Agathis-australis-2164562.jpg,australis
gs://bugoff-bucket1/hinton/Insecta/GenusSpecies/Agathis/australis/Agathis-australis-2164988.jpg,australis
gs://bugoff-bucket1/hinton/Insecta/GenusSpecies/Agathis/australis/Agathis-australis-2165784.jpg,australis
gs://bugoff-bucket1/hinton/Insecta/GenusSpecies/Agathis/australis/Agathis-australis-2350753.jpg,australis
gs://bugoff-bucket1/hinton/Insecta/GenusSpecies/Agathis/robusta/Agathis-robusta-2200910.jpg,robusta
gs://bugoff-bucket1/hinton/Insecta/GenusSpecies/Agathis/robusta/Agathis-robusta-2230020.jpg,robusta
gs://bugoff-bucket1/hinton/Insecta/GenusSpecies/Alabagrus/texanus/Alabagrus-texanus-4653253.jpg,texanus
gs://bugoff-bucket1/hinton/Insecta/GenusSpecies/Alabagrus/texanus/Alabagrus-texanus-5536158.jpg,texanus
gs://bugoff-bucket1/hinton/Insecta/GenusSpecies/Alabagrus/texanus/Alabagrus-texanus-5639526.jpg,texanus
gs://bugoff-bucket1/hinton/Insecta/GenusSpecies/Alabagrus/texanus/Alabagrus-texanus-5909294.jpg,texanus
gs://bugoff-bucket1/hinton/Insecta/GenusSpecies/Alabagrus/texanus/Alabagrus-texanus-7968362.jpg,texanus
gs://bugoff-bucket1/hinton/Insecta/GenusSpecies/Aleiodes/gressitti/Aleiodes-gressitti-1220882.jpg,gressitti
gs://bugoff-bucket1/hinton/Insecta/GenusSpecies/Aleiodes/gressitti/Aleiodes-gressitti-1220884.jpg,gressitti
gs://bugoff-bucket1/hinton/Insecta/GenusSpecies/Aleiodes/molestus/Aleiodes-molestus-2434701.jpg,molestus
gs://bugoff-bucket1/hinton/Insecta/GenusSpecies/Aleiodes/politiceps/Aleiodes-politiceps-2733533.jpg,politiceps
gs://bugoff-bucket1/hinton/Insecta/GenusSpecies/Aleiodes/politiceps/Aleiodes-politiceps-4030544.jpg,politiceps
gs://bugoff-bucket1/hinton/Insecta/GenusSpecies/Aleiodes/politiceps/Aleiodes-politiceps-4233760.jpg,politiceps
gs://bugoff-bucket1/hinton/Insecta/GenusSpecies/Aleiodes/politiceps/Aleiodes-politiceps-4701251.jpg,politiceps
gs://bugoff-bucket1/hinton/Insecta/GenusSpecies/Aleiodes/politiceps/Aleiodes-politiceps-4751591.jpg,politiceps
gs://bugoff-bucket1/hinton/Insecta/GenusSpecies/Aleiodes/politiceps/Aleiodes-politiceps-5106431.jpg,politiceps
gs://bugoff-bucket1/hinton/Insecta/GenusSpecies/Aleiodes/politiceps/Aleiodes-politiceps-5118341.jpg,politiceps
gs://bugoff-bucket1/hinton/Insecta/GenusSpecies/Aleiodes/politiceps/Aleiodes-politiceps-6316241.jpg,politiceps
gs://bugoff-bucket1/hinton/Insecta/GenusSpecies/Aleiodes/politiceps/Aleiodes-politiceps-7966043.jpg,politiceps
gs://bugoff-bucket1/hinton/Insecta/GenusSpecies/Aleiodes/smithi/Aleiodes-smithi-4407170.jpg,smithi
gs://bugoff-bucket1/hinton/Insecta/GenusSpecies/Aleiodes/stigmator/Aleiodes-stigmator-4095487.jpg,stigmator
gs://bugoff-bucket1/hinton/Insecta/GenusSpecies/Alysia/carota/Alysia-carota-5485259.jpg,carota
gs://bugoff-bucket1/hinton/Insecta/GenusSpecies/Alysia/manducator/Alysia-manducator-1235368.jpg,manducator
gs://bugoff-bucket1/hinton/Insecta/GenusSpecies/Alysia/manducator/Alysia-manducator-1385520.jpg,manducator
gs://bugoff-bucket1/hinton/Insecta/GenusSpecies/Alysia/manducator/Alysia-manducator-1391518.jpg,manducator
gs://bugoff-bucket1/hinton/Insecta/GenusSpecies/Alysia/manducator/Alysia-manducator-2188634.jpg,manducator
gs://bugoff-bucket1/hinton/Insecta/GenusSpecies/Alysia/manducator/Alysia-manducator-2703320.jpg,manducator
gs://bugoff-bucket1/hinton/Insecta/GenusSpecies/Alysia/manducator/Alysia-manducator-5996930.jpg,manducator
gs://bugoff-bucket1/hinton/Insecta/GenusSpecies/Apanteles/glomeratus/Apanteles-glomeratus-568876.jpg,glomeratus
gs://bugoff-bucket1/hinton/Insecta/GenusSpecies/Aphidius/ervi/Aphidius-ervi-1320963.jpg,ervi
gs://bugoff-bucket1/hinton/Insecta/GenusSpecies/Aridelus/rufotestaceus/Aridelus-rufotestaceus-1202795.jpg,rufotestaceus
gs://bugoff-bucket1/hinton/Insecta/GenusSpecies/Aridelus/rufotestaceus/Aridelus-rufotestaceus-1206051.jpg,rufotestaceus
gs://bugoff-bucket1/hinton/Insecta/GenusSpecies/Aridelus/rufotestaceus/Aridelus-rufotestaceus-1210192.jpg,rufotestaceus
gs://bugoff-bucket1/hinton/Insecta/GenusSpecies/Aridelus/rufotestaceus/Aridelus-rufotestaceus-1216030.jpg,rufotestaceus
gs://bugoff-bucket1/hinton/Insecta/GenusSpecies/Aridelus/rufotestaceus/Aridelus-rufotestaceus-1529506.jpg,rufotestaceus
gs://bugoff-bucket1/hinton/Insecta/GenusSpecies/Aridelus/rufotestaceus/Aridelus-rufotestaceus-1640226.jpg,rufotestaceus
gs://bugoff-bucket1/hinton/Insecta/GenusSpecies/Aridelus/rufotestaceus/Aridelus-rufotestaceus-1876344.jpg,rufotestaceus
gs://bugoff-bucket1/hinton/Insecta/GenusSpecies/Aridelus/rufotestaceus/Aridelus-rufotestaceus-1990782.jpg,rufotestaceus
gs://bugoff-bucket1/hinton/Insecta/GenusSpecies/Aridelus/viridula/Aridelus-viridula-3245808.jpg,viridula
gs://bugoff-bucket1/hinton/Insecta/GenusSpecies/Ascogaster/crenulata/Ascogaster-crenulata-6183292.jpg,crenulata
gs://bugoff-bucket1/hinton/Insecta/GenusSpecies/Asobara/antipoda/Asobara-antipoda-1206509.jpg,antipoda
gs://bugoff-bucket1/hinton/Insecta/GenusSpecies/Asobara/antipoda/Asobara-antipoda-1230315.jpg,antipoda
gs://bugoff-bucket1/hinton/Insecta/GenusSpecies/Asobara/antipoda/Asobara-antipoda-1235565.jpg,antipoda
gs://bugoff-bucket1/hinton/Insecta/GenusSpecies/Asobara/antipoda/Asobara-antipoda-1583149.jpg,antipoda
gs://bugoff-bucket1/hinton/Insecta/GenusSpecies/Atanycolus/longicauda/Atanycolus-longicauda-6979858.jpg,longicauda
gs://bugoff-bucket1/hinton/Insecta/GenusSpecies/Bracon/phylacteophagus/Bracon-phylacteophagus-1207894.jpg,phylacteophagus
gs://bugoff-bucket1/hinton/Insecta/GenusSpecies/Chrysopophthorus/americanus/Chrysopophthorus-americanus-2167993.jpg,americanus
gs://bugoff-bucket1/hinton/Insecta/GenusSpecies/Cotesia/catalpae/Cotesia-catalpae-2650450.jpg,catalpae
gs://bugoff-bucket1/hinton/Insecta/GenusSpecies/Cotesia/congregata/Cotesia-congregata-1064439.jpg,congregata
gs://bugoff-bucket1/hinton/Insecta/GenusSpecies/Cotesia/congregata/Cotesia-congregata-1067273.jpg,congregata
gs://bugoff-bucket1/hinton/Insecta/GenusSpecies/Cotesia/congregata/Cotesia-congregata-146906.jpg,congregata
gs://bugoff-bucket1/hinton/Insecta/GenusSpecies/Cotesia/congregata/Cotesia-congregata-1490399.jpg,congregata
gs://bugoff-bucket1/hinton/Insecta/GenusSpecies/Cotesia/congregata/Cotesia-congregata-161042.jpg,congregata
gs://bugoff-bucket1/hinton/Insecta/GenusSpecies/Cotesia/congregata/Cotesia-congregata-175447.jpg,congregata
gs://bugoff-bucket1/hinton/Insecta/GenusSpecies/Cotesia/congregata/Cotesia-congregata-182708.jpg,congregata
gs://bugoff-bucket1/hinton/Insecta/GenusSpecies/Cotesia/congregata/Cotesia-congregata-2244938.jpg,congregata
gs://bugoff-bucket1/hinton/Insecta/GenusSpecies/Cotesia/congregata/Cotesia-congregata-2256320.jpg,congregata
gs://bugoff-bucket1/hinton/Insecta/GenusSpecies/Cotesia/congregata/Cotesia-congregata-228772.jpg,congregata
gs://bugoff-bucket1/hinton/Insecta/GenusSpecies/Cotesia/congregata/Cotesia-congregata-2652892.jpg,congregata
gs://bugoff-bucket1/hinton/Insecta/GenusSpecies/Cotesia/congregata/Cotesia-congregata-41031.jpg,congregata
gs://bugoff-bucket1/hinton/Insecta/GenusSpecies/Cotesia/congregata/Cotesia-congregata-4617066.jpg,congregata
gs://bugoff-bucket1/hinton/Insecta/GenusSpecies/Cotesia/congregata/Cotesia-congregata-4649797.jpg,congregata
gs://bugoff-bucket1/hinton/Insecta/GenusSpecies/Cotesia/congregata/Cotesia-congregata-4675561.jpg,congregata
gs://bugoff-bucket1/hinton/Insecta/GenusSpecies/Cotesia/congregata/Cotesia-congregata-470693.jpg,congregata
gs://bugoff-bucket1/hinton/Insecta/GenusSpecies/Cotesia/congregata/Cotesia-congregata-4756399.jpg,congregata
gs://bugoff-bucket1/hinton/Insecta/GenusSpecies/Cotesia/congregata/Cotesia-congregata-4775494.jpg,congregata
gs://bugoff-bucket1/hinton/Insecta/GenusSpecies/Cotesia/congregata/Cotesia-congregata-4810793.jpg,congregata
gs://bugoff-bucket1/hinton/Insecta/GenusSpecies/Cotesia/congregata/Cotesia-congregata-499274.jpg,congregata
gs://bugoff-bucket1/hinton/Insecta/GenusSpecies/Cotesia/congregata/Cotesia-congregata-5010906.jpg,congregata
gs://bugoff-bucket1/hinton/Insecta/GenusSpecies/Cotesia/congregata/Cotesia-congregata-6348815.jpg,congregata
gs://bugoff-bucket1/hinton/Insecta/GenusSpecies/Cotesia/congregata/Cotesia-congregata-643829.jpg,congregata
gs://bugoff-bucket1/hinton/Insecta/GenusSpecies/Cotesia/empretiae/Cotesia-empretiae-4296746.jpg,empretiae
gs://bugoff-bucket1/hinton/Insecta/GenusSpecies/Cotesia/empretiae/Cotesia-empretiae-5659911.jpg,empretiae
gs://bugoff-bucket1/hinton/Insecta/GenusSpecies/Cotesia/lugens/Cotesia-lugens-1564086.jpg,lugens
gs://bugoff-bucket1/hinton/Insecta/GenusSpecies/Cotesia/lycopersicum/Cotesia-lycopersicum-4730326.jpg,lycopersicum
gs://bugoff-bucket1/hinton/Insecta/GenusSpecies/Cotesia/oleracea/Cotesia-oleracea-1248460.jpg,oleracea
gs://bugoff-bucket1/hinton/Insecta/GenusSpecies/Cotesia/rubecula/Cotesia-rubecula-7507849.jpg,rubecula
gs://bugoff-bucket1/hinton/Insecta/GenusSpecies/Cotesia/urabae/Cotesia-urabae-1245095.jpg,urabae
gs://bugoff-bucket1/hinton/Insecta/GenusSpecies/Cotesia/urabae/Cotesia-urabae-2988063.jpg,urabae
gs://bugoff-bucket1/hinton/Insecta/GenusSpecies/Cryptoxilos/mundulus/Cryptoxilos-mundulus-1400821.jpg,mundulus
gs://bugoff-bucket1/hinton/Insecta/GenusSpecies/Cryptoxilos/mundulus/Cryptoxilos-mundulus-5511740.jpg,mundulus
gs://bugoff-bucket1/hinton/Insecta/GenusSpecies/Cryptoxilos/mundulus/Cryptoxilos-mundulus-5589889.jpg,mundulus
gs://bugoff-bucket1/hinton/Insecta/GenusSpecies/Cryptoxilos/mundulus/Cryptoxilos-mundulus-5706490.jpg,mundulus
gs://bugoff-bucket1/hinton/Insecta/GenusSpecies/Cryptoxilos/mundulus/Cryptoxilos-mundulus-5834181.jpg,mundulus
gs://bugoff-bucket1/hinton/Insecta/GenusSpecies/Cryptoxilos/mundulus/Cryptoxilos-mundulus-6001585.jpg,mundulus
gs://bugoff-bucket1/hinton/Insecta/GenusSpecies/Cryptoxilos/thorpei/Cryptoxilos-thorpei-1231593.jpg,thorpei
gs://bugoff-bucket1/hinton/Insecta/GenusSpecies/Cryptoxilos/thorpei/Cryptoxilos-thorpei-1234513.jpg,thorpei
gs://bugoff-bucket1/hinton/Insecta/GenusSpecies/Dinocampus/coccinellae/Dinocampus-coccinellae-3116244.jpg,coccinellae
gs://bugoff-bucket1/hinton/Insecta/GenusSpecies/Dinocampus/coccinellae/Dinocampus-coccinellae-3116376.jpg,coccinellae
gs://bugoff-bucket1/hinton/Insecta/GenusSpecies/Dinocampus/coccinellae/Dinocampus-coccinellae-6473435.jpg,coccinellae
gs://bugoff-bucket1/hinton/Insecta/GenusSpecies/Dinocampus/coccinellae/Dinocampus-coccinellae-6805818.jpg,coccinellae
gs://bugoff-bucket1/hinton/Insecta/GenusSpecies/Dinocampus/galbula/Dinocampus-galbula-3116411.jpg,galbula
gs://bugoff-bucket1/hinton/Insecta/GenusSpecies/Diolcogaster/perniciosus/Diolcogaster-perniciosus-4121175.jpg,perniciosus
gs://bugoff-bucket1/hinton/Insecta/GenusSpecies/Earinus/limitaris/Earinus-limitaris-2070676.jpg,limitaris
gs://bugoff-bucket1/hinton/Insecta/GenusSpecies/Earinus/limitaris/Earinus-limitaris-3172902.jpg,limitaris
gs://bugoff-bucket1/hinton/Insecta/GenusSpecies/Earinus/limitaris/Earinus-limitaris-3210860.jpg,limitaris
gs://bugoff-bucket1/hinton/Insecta/GenusSpecies/Earinus/limitaris/Earinus-limitaris-5536144.jpg,limitaris
gs://bugoff-bucket1/hinton/Insecta/GenusSpecies/Earinus/limitaris/Earinus-limitaris-6718752.jpg,limitaris
gs://bugoff-bucket1/hinton/Insecta/GenusSpecies/Earinus/limitaris/Earinus-limitaris-7074013.jpg,limitaris
gs://bugoff-bucket1/hinton/Insecta/GenusSpecies/Earinus/limitaris/Earinus-limitaris-7324756.jpg,limitaris
gs://bugoff-bucket1/hinton/Insecta/GenusSpecies/Ephedrus/plagiator/Ephedrus-plagiator-1204855.jpg,plagiator
gs://bugoff-bucket1/hinton/Insecta/GenusSpecies/Ephedrus/plagiator/Ephedrus-plagiator-1277875.jpg,plagiator
gs://bugoff-bucket1/hinton/Insecta/GenusSpecies/Ephedrus/plagiator/Ephedrus-plagiator-2076910.jpg,plagiator
gs://bugoff-bucket1/hinton/Insecta/GenusSpecies/Lysiphlebus/testaceipes/Lysiphlebus-testaceipes-1321659.jpg,testaceipes
gs://bugoff-bucket1/hinton/Insecta/GenusSpecies/Lysiphlebus/testaceipes/Lysiphlebus-testaceipes-1325860.jpg,testaceipes
gs://bugoff-bucket1/hinton/Insecta/GenusSpecies/Lysiphlebus/testaceipes/Lysiphlebus-testaceipes-1634789.jpg,testaceipes
gs://bugoff-bucket1/hinton/Insecta/GenusSpecies/Lysiphlebus/testaceipes/Lysiphlebus-testaceipes-507881.jpg,testaceipes
gs://bugoff-bucket1/hinton/Insecta/GenusSpecies/Lysiphlebus/testaceipes/Lysiphlebus-testaceipes-6054158.jpg,testaceipes
gs://bugoff-bucket1/hinton/Insecta/GenusSpecies/Macrocentrus/aegeriae/Macrocentrus-aegeriae-6067888.jpg,aegeriae
gs://bugoff-bucket1/hinton/Insecta/GenusSpecies/Meteorus/pulchricornis/Meteorus-pulchricornis-1195771.jpg,pulchricornis
gs://bugoff-bucket1/hinton/Insecta/GenusSpecies/Meteorus/pulchricornis/Meteorus-pulchricornis-1211945.jpg,pulchricornis
gs://bugoff-bucket1/hinton/Insecta/GenusSpecies/Meteorus/pulchricornis/Meteorus-pulchricornis-1217161.jpg,pulchricornis
gs://bugoff-bucket1/hinton/Insecta/GenusSpecies/Meteorus/pulchricornis/Meteorus-pulchricornis-1237526.jpg,pulchricornis
gs://bugoff-bucket1/hinton/Insecta/GenusSpecies/Meteorus/pulchricornis/Meteorus-pulchricornis-1557324.jpg,pulchricornis
gs://bugoff-bucket1/hinton/Insecta/GenusSpecies/Meteorus/pulchricornis/Meteorus-pulchricornis-1583310.jpg,pulchricornis
gs://bugoff-bucket1/hinton/Insecta/GenusSpecies/Meteorus/pulchricornis/Meteorus-pulchricornis-2197200.jpg,pulchricornis
gs://bugoff-bucket1/hinton/Insecta/GenusSpecies/Meteorus/pulchricornis/Meteorus-pulchricornis-2270011.jpg,pulchricornis
gs://bugoff-bucket1/hinton/Insecta/GenusSpecies/Meteorus/pulchricornis/Meteorus-pulchricornis-2443816.jpg,pulchricornis
gs://bugoff-bucket1/hinton/Insecta/GenusSpecies/Meteorus/pulchricornis/Meteorus-pulchricornis-3201314.jpg,pulchricornis
gs://bugoff-bucket1/hinton/Insecta/GenusSpecies/Meteorus/pulchricornis/Meteorus-pulchricornis-3909409.jpg,pulchricornis
gs://bugoff-bucket1/hinton/Insecta/GenusSpecies/Meteorus/pulchricornis/Meteorus-pulchricornis-5801748.jpg,pulchricornis
gs://bugoff-bucket1/hinton/Insecta/GenusSpecies/Meteorus/pulchricornis/Meteorus-pulchricornis-6352368.jpg,pulchricornis
gs://bugoff-bucket1/hinton/Insecta/GenusSpecies/Meteorus/pulchricornis/Meteorus-pulchricornis-6384368.jpg,pulchricornis
gs://bugoff-bucket1/hinton/Insecta/GenusSpecies/Meteorus/pulchricornis/Meteorus-pulchricornis-6397954.jpg,pulchricornis
gs://bugoff-bucket1/hinton/Insecta/GenusSpecies/Meteorus/pulchricornis/Meteorus-pulchricornis-7451195.jpg,pulchricornis
gs://bugoff-bucket1/hinton/Insecta/GenusSpecies/Meteorus/versicolor/Meteorus-versicolor-5992072.jpg,versicolor
gs://bugoff-bucket1/hinton/Insecta/GenusSpecies/Spathius/thorpei/Spathius-thorpei-1197660.jpg,thorpei
gs://bugoff-bucket1/hinton/Insecta/GenusSpecies/Spathius/thorpei/Spathius-thorpei-1197663.jpg,thorpei
gs://bugoff-bucket1/hinton/Insecta/GenusSpecies/Spathius/thorpei/Spathius-thorpei-1216539.jpg,thorpei
gs://bugoff-bucket1/hinton/Insecta/GenusSpecies/Spathius/thorpei/Spathius-thorpei-1237184.jpg,thorpei
gs://bugoff-bucket1/hinton/Insecta/GenusSpecies/Spathius/thorpei/Spathius-thorpei-1485373.jpg,thorpei
gs://bugoff-bucket1/hinton/Insecta/GenusSpecies/Spathius/thorpei/Spathius-thorpei-1565903.jpg,thorpei
gs://bugoff-bucket1/hinton/Insecta/GenusSpecies/Spathius/thorpei/Spathius-thorpei-3218646.jpg,thorpei
gs://bugoff-bucket1/hinton/Insecta/GenusSpecies/Spathius/thorpei/Spathius-thorpei-5143397.jpg,thorpei
gs://bugoff-bucket1/hinton/Insecta/GenusSpecies/Yelicones/delicatus/Yelicones-delicatus-4682270.jpg,delicatus
gs://bugoff-bucket1/hinton/Insecta/GenusSpecies/Yelicones/delicatus/Yelicones-delicatus-5353054.jpg,delicatus
