gs://bugoff-bucket1/hinton/Insecta/GenusSpecies/Aphis/annuus/Aphis-annuus-8983364.jpg,annuus
gs://bugoff-bucket1/hinton/Insecta/GenusSpecies/Aphis/annuus/Aphis-annuus-8983375.jpg,annuus
gs://bugoff-bucket1/hinton/Insecta/GenusSpecies/Aphis/atrata/Aphis-atrata-9126720.jpg,atrata
gs://bugoff-bucket1/hinton/Insecta/GenusSpecies/Aphis/craccivora/Aphis-craccivora-8303604.jpg,craccivora
gs://bugoff-bucket1/hinton/Insecta/GenusSpecies/Aphis/douglasii/Aphis-douglasii-8173177.jpg,douglasii
gs://bugoff-bucket1/hinton/Insecta/GenusSpecies/Aphis/eriocarpa/Aphis-eriocarpa-8893353.jpg,eriocarpa
gs://bugoff-bucket1/hinton/Insecta/GenusSpecies/Aphis/fabae/Aphis-fabae-8025031.jpg,fabae
gs://bugoff-bucket1/hinton/Insecta/GenusSpecies/Aphis/fabae/Aphis-fabae-8082015.jpg,fabae
gs://bugoff-bucket1/hinton/Insecta/GenusSpecies/Aphis/fabae/Aphis-fabae-8184539.jpg,fabae
gs://bugoff-bucket1/hinton/Insecta/GenusSpecies/Aphis/fabae/Aphis-fabae-8305772.jpg,fabae
gs://bugoff-bucket1/hinton/Insecta/GenusSpecies/Aphis/fabae/Aphis-fabae-8347231.jpg,fabae
gs://bugoff-bucket1/hinton/Insecta/GenusSpecies/Aphis/fabae/Aphis-fabae-8374949.jpg,fabae
gs://bugoff-bucket1/hinton/Insecta/GenusSpecies/Aphis/fabae/Aphis-fabae-8521078.jpg,fabae
gs://bugoff-bucket1/hinton/Insecta/GenusSpecies/Aphis/fabae/Aphis-fabae-8587178.jpg,fabae
gs://bugoff-bucket1/hinton/Insecta/GenusSpecies/Aphis/fabae/Aphis-fabae-8766424.jpg,fabae
gs://bugoff-bucket1/hinton/Insecta/GenusSpecies/Aphis/fabae/Aphis-fabae-8767677.jpg,fabae
gs://bugoff-bucket1/hinton/Insecta/GenusSpecies/Aphis/fabae/Aphis-fabae-879981.jpg,fabae
gs://bugoff-bucket1/hinton/Insecta/GenusSpecies/Aphis/fabae/Aphis-fabae-9124328.jpg,fabae
gs://bugoff-bucket1/hinton/Insecta/GenusSpecies/Aphis/fabae/Aphis-fabae-9446860.jpg,fabae
gs://bugoff-bucket1/hinton/Insecta/GenusSpecies/Aphis/fascicularis/Aphis-fascicularis-9554407.jpg,fascicularis
gs://bugoff-bucket1/hinton/Insecta/GenusSpecies/Aphis/gossypii/Aphis-gossypii-8153467.jpg,gossypii
gs://bugoff-bucket1/hinton/Insecta/GenusSpecies/Aphis/gossypii/Aphis-gossypii-865280.jpg,gossypii
gs://bugoff-bucket1/hinton/Insecta/GenusSpecies/Aphis/gossypii/Aphis-gossypii-8808960.jpg,gossypii
gs://bugoff-bucket1/hinton/Insecta/GenusSpecies/Aphis/grinnellii/Aphis-grinnellii-9060162.jpg,grinnellii
gs://bugoff-bucket1/hinton/Insecta/GenusSpecies/Aphis/incarnata/Aphis-incarnata-8334428.jpg,incarnata
gs://bugoff-bucket1/hinton/Insecta/GenusSpecies/Aphis/nerii/Aphis-nerii-8021590.jpg,nerii
gs://bugoff-bucket1/hinton/Insecta/GenusSpecies/Aphis/nerii/Aphis-nerii-8040627.jpg,nerii
gs://bugoff-bucket1/hinton/Insecta/GenusSpecies/Aphis/nerii/Aphis-nerii-8079140.jpg,nerii
gs://bugoff-bucket1/hinton/Insecta/GenusSpecies/Aphis/nerii/Aphis-nerii-8126111.jpg,nerii
gs://bugoff-bucket1/hinton/Insecta/GenusSpecies/Aphis/nerii/Aphis-nerii-8235772.jpg,nerii
gs://bugoff-bucket1/hinton/Insecta/GenusSpecies/Aphis/nerii/Aphis-nerii-8298367.jpg,nerii
gs://bugoff-bucket1/hinton/Insecta/GenusSpecies/Aphis/nerii/Aphis-nerii-8313700.jpg,nerii
gs://bugoff-bucket1/hinton/Insecta/GenusSpecies/Aphis/nerii/Aphis-nerii-8315123.jpg,nerii
gs://bugoff-bucket1/hinton/Insecta/GenusSpecies/Aphis/nerii/Aphis-nerii-8333745.jpg,nerii
gs://bugoff-bucket1/hinton/Insecta/GenusSpecies/Aphis/nerii/Aphis-nerii-8360235.jpg,nerii
gs://bugoff-bucket1/hinton/Insecta/GenusSpecies/Aphis/nerii/Aphis-nerii-8368590.jpg,nerii
gs://bugoff-bucket1/hinton/Insecta/GenusSpecies/Aphis/nerii/Aphis-nerii-8390988.jpg,nerii
gs://bugoff-bucket1/hinton/Insecta/GenusSpecies/Aphis/nerii/Aphis-nerii-840907.jpg,nerii
gs://bugoff-bucket1/hinton/Insecta/GenusSpecies/Aphis/nerii/Aphis-nerii-8424681.jpg,nerii
gs://bugoff-bucket1/hinton/Insecta/GenusSpecies/Aphis/nerii/Aphis-nerii-8484332.jpg,nerii
gs://bugoff-bucket1/hinton/Insecta/GenusSpecies/Aphis/nerii/Aphis-nerii-8485129.jpg,nerii
gs://bugoff-bucket1/hinton/Insecta/GenusSpecies/Aphis/nerii/Aphis-nerii-8491154.jpg,nerii
gs://bugoff-bucket1/hinton/Insecta/GenusSpecies/Aphis/nerii/Aphis-nerii-8494931.jpg,nerii
gs://bugoff-bucket1/hinton/Insecta/GenusSpecies/Aphis/nerii/Aphis-nerii-8500088.jpg,nerii
gs://bugoff-bucket1/hinton/Insecta/GenusSpecies/Aphis/nerii/Aphis-nerii-8543667.jpg,nerii
gs://bugoff-bucket1/hinton/Insecta/GenusSpecies/Aphis/nerii/Aphis-nerii-8543834.jpg,nerii
gs://bugoff-bucket1/hinton/Insecta/GenusSpecies/Aphis/nerii/Aphis-nerii-8581101.jpg,nerii
gs://bugoff-bucket1/hinton/Insecta/GenusSpecies/Aphis/nerii/Aphis-nerii-8627339.jpg,nerii
gs://bugoff-bucket1/hinton/Insecta/GenusSpecies/Aphis/nerii/Aphis-nerii-8627354.jpg,nerii
gs://bugoff-bucket1/hinton/Insecta/GenusSpecies/Aphis/nerii/Aphis-nerii-8642416.jpg,nerii
gs://bugoff-bucket1/hinton/Insecta/GenusSpecies/Aphis/nerii/Aphis-nerii-8682807.jpg,nerii
gs://bugoff-bucket1/hinton/Insecta/GenusSpecies/Aphis/nerii/Aphis-nerii-8685202.jpg,nerii
gs://bugoff-bucket1/hinton/Insecta/GenusSpecies/Aphis/nerii/Aphis-nerii-8687604.jpg,nerii
gs://bugoff-bucket1/hinton/Insecta/GenusSpecies/Aphis/nerii/Aphis-nerii-8747534.jpg,nerii
gs://bugoff-bucket1/hinton/Insecta/GenusSpecies/Aphis/nerii/Aphis-nerii-8777114.jpg,nerii
gs://bugoff-bucket1/hinton/Insecta/GenusSpecies/Aphis/nerii/Aphis-nerii-8782707.jpg,nerii
gs://bugoff-bucket1/hinton/Insecta/GenusSpecies/Aphis/nerii/Aphis-nerii-8796584.jpg,nerii
gs://bugoff-bucket1/hinton/Insecta/GenusSpecies/Aphis/nerii/Aphis-nerii-8799881.jpg,nerii
gs://bugoff-bucket1/hinton/Insecta/GenusSpecies/Aphis/nerii/Aphis-nerii-8803420.jpg,nerii
gs://bugoff-bucket1/hinton/Insecta/GenusSpecies/Aphis/nerii/Aphis-nerii-8804581.jpg,nerii
gs://bugoff-bucket1/hinton/Insecta/GenusSpecies/Aphis/nerii/Aphis-nerii-880651.jpg,nerii
gs://bugoff-bucket1/hinton/Insecta/GenusSpecies/Aphis/nerii/Aphis-nerii-881117.jpg,nerii
gs://bugoff-bucket1/hinton/Insecta/GenusSpecies/Aphis/nerii/Aphis-nerii-8826936.jpg,nerii
gs://bugoff-bucket1/hinton/Insecta/GenusSpecies/Aphis/nerii/Aphis-nerii-8829871.jpg,nerii
gs://bugoff-bucket1/hinton/Insecta/GenusSpecies/Aphis/nerii/Aphis-nerii-883284.jpg,nerii
gs://bugoff-bucket1/hinton/Insecta/GenusSpecies/Aphis/nerii/Aphis-nerii-8837982.jpg,nerii
gs://bugoff-bucket1/hinton/Insecta/GenusSpecies/Aphis/nerii/Aphis-nerii-8855635.jpg,nerii
gs://bugoff-bucket1/hinton/Insecta/GenusSpecies/Aphis/nerii/Aphis-nerii-8894590.jpg,nerii
gs://bugoff-bucket1/hinton/Insecta/GenusSpecies/Aphis/nerii/Aphis-nerii-8913638.jpg,nerii
gs://bugoff-bucket1/hinton/Insecta/GenusSpecies/Aphis/nerii/Aphis-nerii-8923585.jpg,nerii
gs://bugoff-bucket1/hinton/Insecta/GenusSpecies/Aphis/nerii/Aphis-nerii-8954105.jpg,nerii
gs://bugoff-bucket1/hinton/Insecta/GenusSpecies/Aphis/nerii/Aphis-nerii-8959476.jpg,nerii
gs://bugoff-bucket1/hinton/Insecta/GenusSpecies/Aphis/nerii/Aphis-nerii-8959519.jpg,nerii
gs://bugoff-bucket1/hinton/Insecta/GenusSpecies/Aphis/nerii/Aphis-nerii-8972199.jpg,nerii
gs://bugoff-bucket1/hinton/Insecta/GenusSpecies/Aphis/nerii/Aphis-nerii-9004024.jpg,nerii
gs://bugoff-bucket1/hinton/Insecta/GenusSpecies/Aphis/nerii/Aphis-nerii-9018887.jpg,nerii
gs://bugoff-bucket1/hinton/Insecta/GenusSpecies/Aphis/nerii/Aphis-nerii-9031064.jpg,nerii
gs://bugoff-bucket1/hinton/Insecta/GenusSpecies/Aphis/nerii/Aphis-nerii-9032768.jpg,nerii
gs://bugoff-bucket1/hinton/Insecta/GenusSpecies/Aphis/nerii/Aphis-nerii-9052378.jpg,nerii
gs://bugoff-bucket1/hinton/Insecta/GenusSpecies/Aphis/nerii/Aphis-nerii-9057505.jpg,nerii
gs://bugoff-bucket1/hinton/Insecta/GenusSpecies/Aphis/nerii/Aphis-nerii-9068328.jpg,nerii
gs://bugoff-bucket1/hinton/Insecta/GenusSpecies/Aphis/nerii/Aphis-nerii-9081953.jpg,nerii
gs://bugoff-bucket1/hinton/Insecta/GenusSpecies/Aphis/nerii/Aphis-nerii-9096499.jpg,nerii
gs://bugoff-bucket1/hinton/Insecta/GenusSpecies/Aphis/nerii/Aphis-nerii-9108679.jpg,nerii
gs://bugoff-bucket1/hinton/Insecta/GenusSpecies/Aphis/nerii/Aphis-nerii-9114751.jpg,nerii
gs://bugoff-bucket1/hinton/Insecta/GenusSpecies/Aphis/nerii/Aphis-nerii-9116555.jpg,nerii
gs://bugoff-bucket1/hinton/Insecta/GenusSpecies/Aphis/nerii/Aphis-nerii-9117660.jpg,nerii
gs://bugoff-bucket1/hinton/Insecta/GenusSpecies/Aphis/nerii/Aphis-nerii-9143224.jpg,nerii
gs://bugoff-bucket1/hinton/Insecta/GenusSpecies/Aphis/nerii/Aphis-nerii-9169855.jpg,nerii
gs://bugoff-bucket1/hinton/Insecta/GenusSpecies/Aphis/nerii/Aphis-nerii-9170226.jpg,nerii
gs://bugoff-bucket1/hinton/Insecta/GenusSpecies/Aphis/nerii/Aphis-nerii-918238.jpg,nerii
gs://bugoff-bucket1/hinton/Insecta/GenusSpecies/Aphis/nerii/Aphis-nerii-9208418.jpg,nerii
gs://bugoff-bucket1/hinton/Insecta/GenusSpecies/Aphis/nerii/Aphis-nerii-9211704.jpg,nerii
gs://bugoff-bucket1/hinton/Insecta/GenusSpecies/Aphis/nerii/Aphis-nerii-9219941.jpg,nerii
gs://bugoff-bucket1/hinton/Insecta/GenusSpecies/Aphis/nerii/Aphis-nerii-9225562.jpg,nerii
gs://bugoff-bucket1/hinton/Insecta/GenusSpecies/Aphis/nerii/Aphis-nerii-9245373.jpg,nerii
gs://bugoff-bucket1/hinton/Insecta/GenusSpecies/Aphis/nerii/Aphis-nerii-9245909.jpg,nerii
gs://bugoff-bucket1/hinton/Insecta/GenusSpecies/Aphis/nerii/Aphis-nerii-9248797.jpg,nerii
gs://bugoff-bucket1/hinton/Insecta/GenusSpecies/Aphis/nerii/Aphis-nerii-9254010.jpg,nerii
gs://bugoff-bucket1/hinton/Insecta/GenusSpecies/Aphis/nerii/Aphis-nerii-9271821.jpg,nerii
gs://bugoff-bucket1/hinton/Insecta/GenusSpecies/Aphis/nerii/Aphis-nerii-9277277.jpg,nerii
gs://bugoff-bucket1/hinton/Insecta/GenusSpecies/Aphis/nerii/Aphis-nerii-929218.jpg,nerii
gs://bugoff-bucket1/hinton/Insecta/GenusSpecies/Aphis/nerii/Aphis-nerii-9300733.jpg,nerii
gs://bugoff-bucket1/hinton/Insecta/GenusSpecies/Aphis/nerii/Aphis-nerii-9312536.jpg,nerii
gs://bugoff-bucket1/hinton/Insecta/GenusSpecies/Aphis/nerii/Aphis-nerii-9314716.jpg,nerii
gs://bugoff-bucket1/hinton/Insecta/GenusSpecies/Aphis/nerii/Aphis-nerii-9318149.jpg,nerii
gs://bugoff-bucket1/hinton/Insecta/GenusSpecies/Aphis/nerii/Aphis-nerii-9324062.jpg,nerii
gs://bugoff-bucket1/hinton/Insecta/GenusSpecies/Aphis/nerii/Aphis-nerii-9330110.jpg,nerii
gs://bugoff-bucket1/hinton/Insecta/GenusSpecies/Aphis/nerii/Aphis-nerii-9332420.jpg,nerii
gs://bugoff-bucket1/hinton/Insecta/GenusSpecies/Aphis/nerii/Aphis-nerii-9362075.jpg,nerii
gs://bugoff-bucket1/hinton/Insecta/GenusSpecies/Aphis/nerii/Aphis-nerii-9366680.jpg,nerii
gs://bugoff-bucket1/hinton/Insecta/GenusSpecies/Aphis/nerii/Aphis-nerii-9390880.jpg,nerii
gs://bugoff-bucket1/hinton/Insecta/GenusSpecies/Aphis/nerii/Aphis-nerii-9415067.jpg,nerii
gs://bugoff-bucket1/hinton/Insecta/GenusSpecies/Aphis/nerii/Aphis-nerii-9415132.jpg,nerii
gs://bugoff-bucket1/hinton/Insecta/GenusSpecies/Aphis/nerii/Aphis-nerii-9416422.jpg,nerii
gs://bugoff-bucket1/hinton/Insecta/GenusSpecies/Aphis/nerii/Aphis-nerii-9420009.jpg,nerii
gs://bugoff-bucket1/hinton/Insecta/GenusSpecies/Aphis/nerii/Aphis-nerii-9421828.jpg,nerii
gs://bugoff-bucket1/hinton/Insecta/GenusSpecies/Aphis/nerii/Aphis-nerii-9431744.jpg,nerii
gs://bugoff-bucket1/hinton/Insecta/GenusSpecies/Aphis/nerii/Aphis-nerii-9432189.jpg,nerii
gs://bugoff-bucket1/hinton/Insecta/GenusSpecies/Aphis/nerii/Aphis-nerii-9451795.jpg,nerii
gs://bugoff-bucket1/hinton/Insecta/GenusSpecies/Aphis/nerii/Aphis-nerii-9481154.jpg,nerii
gs://bugoff-bucket1/hinton/Insecta/GenusSpecies/Aphis/nerii/Aphis-nerii-9482456.jpg,nerii
gs://bugoff-bucket1/hinton/Insecta/GenusSpecies/Aphis/nerii/Aphis-nerii-9509710.jpg,nerii
gs://bugoff-bucket1/hinton/Insecta/GenusSpecies/Aphis/nerii/Aphis-nerii-951446.jpg,nerii
gs://bugoff-bucket1/hinton/Insecta/GenusSpecies/Aphis/nerii/Aphis-nerii-9527375.jpg,nerii
gs://bugoff-bucket1/hinton/Insecta/GenusSpecies/Aphis/nerii/Aphis-nerii-9529598.jpg,nerii
gs://bugoff-bucket1/hinton/Insecta/GenusSpecies/Aphis/nerii/Aphis-nerii-9531196.jpg,nerii
gs://bugoff-bucket1/hinton/Insecta/GenusSpecies/Aphis/nerii/Aphis-nerii-9540510.jpg,nerii
gs://bugoff-bucket1/hinton/Insecta/GenusSpecies/Aphis/nerii/Aphis-nerii-9560216.jpg,nerii
gs://bugoff-bucket1/hinton/Insecta/GenusSpecies/Aphis/nerii/Aphis-nerii-9579434.jpg,nerii
gs://bugoff-bucket1/hinton/Insecta/GenusSpecies/Aphis/nerii/Aphis-nerii-958340.jpg,nerii
gs://bugoff-bucket1/hinton/Insecta/GenusSpecies/Aphis/nerii/Aphis-nerii-9598971.jpg,nerii
gs://bugoff-bucket1/hinton/Insecta/GenusSpecies/Aphis/nerii/Aphis-nerii-9606418.jpg,nerii
gs://bugoff-bucket1/hinton/Insecta/GenusSpecies/Aphis/nerii/Aphis-nerii-9621349.jpg,nerii
gs://bugoff-bucket1/hinton/Insecta/GenusSpecies/Aphis/nerii/Aphis-nerii-9622362.jpg,nerii
gs://bugoff-bucket1/hinton/Insecta/GenusSpecies/Aphis/nerii/Aphis-nerii-9622428.jpg,nerii
gs://bugoff-bucket1/hinton/Insecta/GenusSpecies/Aphis/nerii/Aphis-nerii-9627046.jpg,nerii
gs://bugoff-bucket1/hinton/Insecta/GenusSpecies/Aphis/nerii/Aphis-nerii-9628785.jpg,nerii
gs://bugoff-bucket1/hinton/Insecta/GenusSpecies/Aphis/nerii/Aphis-nerii-963104.jpg,nerii
gs://bugoff-bucket1/hinton/Insecta/GenusSpecies/Aphis/nerii/Aphis-nerii-9636662.jpg,nerii
gs://bugoff-bucket1/hinton/Insecta/GenusSpecies/Aphis/nerii/Aphis-nerii-9638975.jpg,nerii
gs://bugoff-bucket1/hinton/Insecta/GenusSpecies/Aphis/nerii/Aphis-nerii-9645804.jpg,nerii
gs://bugoff-bucket1/hinton/Insecta/GenusSpecies/Aphis/nerii/Aphis-nerii-9649462.jpg,nerii
gs://bugoff-bucket1/hinton/Insecta/GenusSpecies/Aphis/nerii/Aphis-nerii-9651101.jpg,nerii
gs://bugoff-bucket1/hinton/Insecta/GenusSpecies/Aphis/nerii/Aphis-nerii-985541.jpg,nerii
gs://bugoff-bucket1/hinton/Insecta/GenusSpecies/Aphis/nerii/Aphis-nerii-999255.jpg,nerii
gs://bugoff-bucket1/hinton/Insecta/GenusSpecies/Aphis/parviflora/Aphis-parviflora-8331834.jpg,parviflora
gs://bugoff-bucket1/hinton/Insecta/GenusSpecies/Aphis/parviflora/Aphis-parviflora-9040796.jpg,parviflora
gs://bugoff-bucket1/hinton/Insecta/GenusSpecies/Aphis/polyspermum/Aphis-polyspermum-8579773.jpg,polyspermum
gs://bugoff-bucket1/hinton/Insecta/GenusSpecies/Aphis/pomi/Aphis-pomi-8313721.jpg,pomi
gs://bugoff-bucket1/hinton/Insecta/GenusSpecies/Aphis/sambuci/Aphis-sambuci-8261622.jpg,sambuci
gs://bugoff-bucket1/hinton/Insecta/GenusSpecies/Aphis/syriaca/Aphis-syriaca-8791628.jpg,syriaca
gs://bugoff-bucket1/hinton/Insecta/GenusSpecies/Aphis/syriaca/Aphis-syriaca-9506091.jpg,syriaca
gs://bugoff-bucket1/hinton/Insecta/GenusSpecies/Aphis/syriaca/Aphis-syriaca-9594923.jpg,syriaca
gs://bugoff-bucket1/hinton/Insecta/GenusSpecies/Aphis/tuberosa/Aphis-tuberosa-9119899.jpg,tuberosa
gs://bugoff-bucket1/hinton/Insecta/GenusSpecies/Aphis/undecimpunctata/Aphis-undecimpunctata-8166405.jpg,undecimpunctata
gs://bugoff-bucket1/hinton/Insecta/GenusSpecies/Aphis/viburni/Aphis-viburni-8291987.jpg,viburni
gs://bugoff-bucket1/hinton/Insecta/GenusSpecies/Braggia/fasciculatum/Braggia-fasciculatum-8719667.jpg,fasciculatum
gs://bugoff-bucket1/hinton/Insecta/GenusSpecies/Brevicoryne/brassicae/Brevicoryne-brassicae-808500.jpg,brassicae
gs://bugoff-bucket1/hinton/Insecta/GenusSpecies/Brevicoryne/brassicae/Brevicoryne-brassicae-8435233.jpg,brassicae
gs://bugoff-bucket1/hinton/Insecta/GenusSpecies/Brevicoryne/brassicae/Brevicoryne-brassicae-9423357.jpg,brassicae
gs://bugoff-bucket1/hinton/Insecta/GenusSpecies/Brevicoryne/oleracea/Brevicoryne-oleracea-871693.jpg,oleracea
gs://bugoff-bucket1/hinton/Insecta/GenusSpecies/Carolinaia/rhois/Carolinaia-rhois-9053933.jpg,rhois
gs://bugoff-bucket1/hinton/Insecta/GenusSpecies/Chaitophorus/populicola/Chaitophorus-populicola-8174824.jpg,populicola
gs://bugoff-bucket1/hinton/Insecta/GenusSpecies/Chaitophorus/populicola/Chaitophorus-populicola-8237412.jpg,populicola
gs://bugoff-bucket1/hinton/Insecta/GenusSpecies/Chaitophorus/populicola/Chaitophorus-populicola-8705405.jpg,populicola
gs://bugoff-bucket1/hinton/Insecta/GenusSpecies/Chaitophorus/populicola/Chaitophorus-populicola-8705525.jpg,populicola
gs://bugoff-bucket1/hinton/Insecta/GenusSpecies/Chaitophorus/populicola/Chaitophorus-populicola-881497.jpg,populicola
gs://bugoff-bucket1/hinton/Insecta/GenusSpecies/Chaitophorus/populicola/Chaitophorus-populicola-9387934.jpg,populicola
gs://bugoff-bucket1/hinton/Insecta/GenusSpecies/Cinara/balsamea/Cinara-balsamea-8260352.jpg,balsamea
gs://bugoff-bucket1/hinton/Insecta/GenusSpecies/Cinara/pinea/Cinara-pinea-8956032.jpg,pinea
gs://bugoff-bucket1/hinton/Insecta/GenusSpecies/Colopha/americana/Colopha-americana-8811075.jpg,americana
gs://bugoff-bucket1/hinton/Insecta/GenusSpecies/Colopha/ulmicola/Colopha-ulmicola-8005524.jpg,ulmicola
gs://bugoff-bucket1/hinton/Insecta/GenusSpecies/Colopha/ulmicola/Colopha-ulmicola-8064151.jpg,ulmicola
gs://bugoff-bucket1/hinton/Insecta/GenusSpecies/Colopha/ulmicola/Colopha-ulmicola-8218926.jpg,ulmicola
gs://bugoff-bucket1/hinton/Insecta/GenusSpecies/Colopha/ulmicola/Colopha-ulmicola-8268184.jpg,ulmicola
gs://bugoff-bucket1/hinton/Insecta/GenusSpecies/Colopha/ulmicola/Colopha-ulmicola-8457080.jpg,ulmicola
gs://bugoff-bucket1/hinton/Insecta/GenusSpecies/Colopha/ulmicola/Colopha-ulmicola-8545298.jpg,ulmicola
gs://bugoff-bucket1/hinton/Insecta/GenusSpecies/Colopha/ulmicola/Colopha-ulmicola-9486949.jpg,ulmicola
gs://bugoff-bucket1/hinton/Insecta/GenusSpecies/Drepanaphis/acerifoliae/Drepanaphis-acerifoliae-9187595.jpg,acerifoliae
gs://bugoff-bucket1/hinton/Insecta/GenusSpecies/Eriosoma/americanum/Eriosoma-americanum-8341189.jpg,americanum
gs://bugoff-bucket1/hinton/Insecta/GenusSpecies/Eriosoma/americanum/Eriosoma-americanum-8756488.jpg,americanum
gs://bugoff-bucket1/hinton/Insecta/GenusSpecies/Eriosoma/lanigerum/Eriosoma-lanigerum-9118337.jpg,lanigerum
gs://bugoff-bucket1/hinton/Insecta/GenusSpecies/Eriosoma/lanigerum/Eriosoma-lanigerum-9480007.jpg,lanigerum
gs://bugoff-bucket1/hinton/Insecta/GenusSpecies/Eriosoma/lanigerum/Eriosoma-lanigerum-950713.jpg,lanigerum
gs://bugoff-bucket1/hinton/Insecta/GenusSpecies/Eriosoma/lanuginosum/Eriosoma-lanuginosum-8419168.jpg,lanuginosum
gs://bugoff-bucket1/hinton/Insecta/GenusSpecies/Eriosoma/lanuginosum/Eriosoma-lanuginosum-8664684.jpg,lanuginosum
gs://bugoff-bucket1/hinton/Insecta/GenusSpecies/Eriosoma/lanuginosum/Eriosoma-lanuginosum-8830163.jpg,lanuginosum
gs://bugoff-bucket1/hinton/Insecta/GenusSpecies/Eriosoma/ulmi/Eriosoma-ulmi-9287959.jpg,ulmi
gs://bugoff-bucket1/hinton/Insecta/GenusSpecies/Eucarazzia/canum/Eucarazzia-canum-8780167.jpg,canum
gs://bugoff-bucket1/hinton/Insecta/GenusSpecies/Eulachnus/halepensis/Eulachnus-halepensis-8983503.jpg,halepensis
gs://bugoff-bucket1/hinton/Insecta/GenusSpecies/Eulachnus/halepensis/Eulachnus-halepensis-8983598.jpg,halepensis
gs://bugoff-bucket1/hinton/Insecta/GenusSpecies/Grylloprociphilus/imbricator/Grylloprociphilus-imbricator-8598444.jpg,imbricator
gs://bugoff-bucket1/hinton/Insecta/GenusSpecies/Grylloprociphilus/imbricator/Grylloprociphilus-imbricator-8765141.jpg,imbricator
gs://bugoff-bucket1/hinton/Insecta/GenusSpecies/Grylloprociphilus/imbricator/Grylloprociphilus-imbricator-9026239.jpg,imbricator
gs://bugoff-bucket1/hinton/Insecta/GenusSpecies/Grylloprociphilus/imbricator/Grylloprociphilus-imbricator-9080867.jpg,imbricator
gs://bugoff-bucket1/hinton/Insecta/GenusSpecies/Grylloprociphilus/imbricator/Grylloprociphilus-imbricator-9254227.jpg,imbricator
gs://bugoff-bucket1/hinton/Insecta/GenusSpecies/Hamamelistes/alleghaniensis/Hamamelistes-alleghaniensis-8729255.jpg,alleghaniensis
gs://bugoff-bucket1/hinton/Insecta/GenusSpecies/Hamamelistes/lenta/Hamamelistes-lenta-8634617.jpg,lenta
gs://bugoff-bucket1/hinton/Insecta/GenusSpecies/Hamamelistes/spinosus/Hamamelistes-spinosus-9088027.jpg,spinosus
gs://bugoff-bucket1/hinton/Insecta/GenusSpecies/Hamamelistes/spinosus/Hamamelistes-spinosus-9394524.jpg,spinosus
gs://bugoff-bucket1/hinton/Insecta/GenusSpecies/Hamamelistes/spinosus/Hamamelistes-spinosus-9461544.jpg,spinosus
gs://bugoff-bucket1/hinton/Insecta/GenusSpecies/Hamamelistes/spinosus/Hamamelistes-spinosus-9461856.jpg,spinosus
gs://bugoff-bucket1/hinton/Insecta/GenusSpecies/Hormaphis/hamamelidis/Hormaphis-hamamelidis-8008014.jpg,hamamelidis
gs://bugoff-bucket1/hinton/Insecta/GenusSpecies/Hormaphis/hamamelidis/Hormaphis-hamamelidis-8038246.jpg,hamamelidis
gs://bugoff-bucket1/hinton/Insecta/GenusSpecies/Hormaphis/hamamelidis/Hormaphis-hamamelidis-8062075.jpg,hamamelidis
gs://bugoff-bucket1/hinton/Insecta/GenusSpecies/Hormaphis/hamamelidis/Hormaphis-hamamelidis-8222742.jpg,hamamelidis
gs://bugoff-bucket1/hinton/Insecta/GenusSpecies/Hormaphis/hamamelidis/Hormaphis-hamamelidis-8392746.jpg,hamamelidis
gs://bugoff-bucket1/hinton/Insecta/GenusSpecies/Hormaphis/hamamelidis/Hormaphis-hamamelidis-8472240.jpg,hamamelidis
gs://bugoff-bucket1/hinton/Insecta/GenusSpecies/Hormaphis/hamamelidis/Hormaphis-hamamelidis-8475789.jpg,hamamelidis
gs://bugoff-bucket1/hinton/Insecta/GenusSpecies/Hormaphis/hamamelidis/Hormaphis-hamamelidis-8585327.jpg,hamamelidis
gs://bugoff-bucket1/hinton/Insecta/GenusSpecies/Hormaphis/hamamelidis/Hormaphis-hamamelidis-8669303.jpg,hamamelidis
gs://bugoff-bucket1/hinton/Insecta/GenusSpecies/Hormaphis/hamamelidis/Hormaphis-hamamelidis-8770063.jpg,hamamelidis
gs://bugoff-bucket1/hinton/Insecta/GenusSpecies/Hormaphis/hamamelidis/Hormaphis-hamamelidis-8777788.jpg,hamamelidis
gs://bugoff-bucket1/hinton/Insecta/GenusSpecies/Hormaphis/hamamelidis/Hormaphis-hamamelidis-8796813.jpg,hamamelidis
gs://bugoff-bucket1/hinton/Insecta/GenusSpecies/Hormaphis/hamamelidis/Hormaphis-hamamelidis-8810713.jpg,hamamelidis
gs://bugoff-bucket1/hinton/Insecta/GenusSpecies/Hormaphis/hamamelidis/Hormaphis-hamamelidis-8812020.jpg,hamamelidis
gs://bugoff-bucket1/hinton/Insecta/GenusSpecies/Hormaphis/hamamelidis/Hormaphis-hamamelidis-8834166.jpg,hamamelidis
gs://bugoff-bucket1/hinton/Insecta/GenusSpecies/Hormaphis/hamamelidis/Hormaphis-hamamelidis-8877073.jpg,hamamelidis
gs://bugoff-bucket1/hinton/Insecta/GenusSpecies/Hormaphis/hamamelidis/Hormaphis-hamamelidis-898786.jpg,hamamelidis
gs://bugoff-bucket1/hinton/Insecta/GenusSpecies/Hormaphis/hamamelidis/Hormaphis-hamamelidis-898889.jpg,hamamelidis
gs://bugoff-bucket1/hinton/Insecta/GenusSpecies/Hormaphis/hamamelidis/Hormaphis-hamamelidis-9011410.jpg,hamamelidis
gs://bugoff-bucket1/hinton/Insecta/GenusSpecies/Hormaphis/hamamelidis/Hormaphis-hamamelidis-911739.jpg,hamamelidis
gs://bugoff-bucket1/hinton/Insecta/GenusSpecies/Hormaphis/hamamelidis/Hormaphis-hamamelidis-9202522.jpg,hamamelidis
gs://bugoff-bucket1/hinton/Insecta/GenusSpecies/Hormaphis/hamamelidis/Hormaphis-hamamelidis-9288973.jpg,hamamelidis
gs://bugoff-bucket1/hinton/Insecta/GenusSpecies/Hormaphis/hamamelidis/Hormaphis-hamamelidis-9289151.jpg,hamamelidis
gs://bugoff-bucket1/hinton/Insecta/GenusSpecies/Hormaphis/hamamelidis/Hormaphis-hamamelidis-9296237.jpg,hamamelidis
gs://bugoff-bucket1/hinton/Insecta/GenusSpecies/Hormaphis/hamamelidis/Hormaphis-hamamelidis-9313603.jpg,hamamelidis
gs://bugoff-bucket1/hinton/Insecta/GenusSpecies/Hormaphis/hamamelidis/Hormaphis-hamamelidis-9314798.jpg,hamamelidis
gs://bugoff-bucket1/hinton/Insecta/GenusSpecies/Hormaphis/hamamelidis/Hormaphis-hamamelidis-9345416.jpg,hamamelidis
gs://bugoff-bucket1/hinton/Insecta/GenusSpecies/Hormaphis/hamamelidis/Hormaphis-hamamelidis-9363094.jpg,hamamelidis
gs://bugoff-bucket1/hinton/Insecta/GenusSpecies/Hormaphis/hamamelidis/Hormaphis-hamamelidis-9514061.jpg,hamamelidis
gs://bugoff-bucket1/hinton/Insecta/GenusSpecies/Hormaphis/hamamelidis/Hormaphis-hamamelidis-9570180.jpg,hamamelidis
gs://bugoff-bucket1/hinton/Insecta/GenusSpecies/Hormaphis/hamamelidis/Hormaphis-hamamelidis-966526.jpg,hamamelidis
gs://bugoff-bucket1/hinton/Insecta/GenusSpecies/Hormaphis/hamamelidis/Hormaphis-hamamelidis-9685008.jpg,hamamelidis
gs://bugoff-bucket1/hinton/Insecta/GenusSpecies/Hormaphis/virginiana/Hormaphis-virginiana-9315341.jpg,virginiana
gs://bugoff-bucket1/hinton/Insecta/GenusSpecies/Hormaphis/virginiana/Hormaphis-virginiana-9318428.jpg,virginiana
gs://bugoff-bucket1/hinton/Insecta/GenusSpecies/Hyadaphis/tataricae/Hyadaphis-tataricae-8132214.jpg,tataricae
gs://bugoff-bucket1/hinton/Insecta/GenusSpecies/Hyadaphis/tataricae/Hyadaphis-tataricae-8830065.jpg,tataricae
gs://bugoff-bucket1/hinton/Insecta/GenusSpecies/Hyadaphis/tataricae/Hyadaphis-tataricae-9034020.jpg,tataricae
gs://bugoff-bucket1/hinton/Insecta/GenusSpecies/Hyadaphis/tataricae/Hyadaphis-tataricae-9202772.jpg,tataricae
gs://bugoff-bucket1/hinton/Insecta/GenusSpecies/Hyadaphis/tataricae/Hyadaphis-tataricae-9383299.jpg,tataricae
gs://bugoff-bucket1/hinton/Insecta/GenusSpecies/Hyadaphis/tataricae/Hyadaphis-tataricae-9406859.jpg,tataricae
gs://bugoff-bucket1/hinton/Insecta/GenusSpecies/Hyalopterus/pruni/Hyalopterus-pruni-8216349.jpg,pruni
gs://bugoff-bucket1/hinton/Insecta/GenusSpecies/Hyalopterus/pruni/Hyalopterus-pruni-9269627.jpg,pruni
gs://bugoff-bucket1/hinton/Insecta/GenusSpecies/Illinoia/rubicola/Illinoia-rubicola-8630911.jpg,rubicola
gs://bugoff-bucket1/hinton/Insecta/GenusSpecies/Illinoia/rubicola/Illinoia-rubicola-8679771.jpg,rubicola
gs://bugoff-bucket1/hinton/Insecta/GenusSpecies/Longistigma/caryae/Longistigma-caryae-8639176.jpg,caryae
gs://bugoff-bucket1/hinton/Insecta/GenusSpecies/Longistigma/caryae/Longistigma-caryae-902479.jpg,caryae
gs://bugoff-bucket1/hinton/Insecta/GenusSpecies/Longistigma/caryae/Longistigma-caryae-906885.jpg,caryae
gs://bugoff-bucket1/hinton/Insecta/GenusSpecies/Longistigma/caryae/Longistigma-caryae-9095088.jpg,caryae
gs://bugoff-bucket1/hinton/Insecta/GenusSpecies/Longistigma/caryae/Longistigma-caryae-941926.jpg,caryae
gs://bugoff-bucket1/hinton/Insecta/GenusSpecies/Macrosiphum/corallorhizae/Macrosiphum-corallorhizae-8925397.jpg,corallorhizae
gs://bugoff-bucket1/hinton/Insecta/GenusSpecies/Macrosiphum/rosae/Macrosiphum-rosae-8515697.jpg,rosae
gs://bugoff-bucket1/hinton/Insecta/GenusSpecies/Macrosiphum/rosae/Macrosiphum-rosae-958342.jpg,rosae
gs://bugoff-bucket1/hinton/Insecta/GenusSpecies/Macrosiphum/rosae/Macrosiphum-rosae-9674708.jpg,rosae
gs://bugoff-bucket1/hinton/Insecta/GenusSpecies/Melanaphis/donacis/Melanaphis-donacis-9446330.jpg,donacis
gs://bugoff-bucket1/hinton/Insecta/GenusSpecies/Melaphis/rhois/Melaphis-rhois-9173269.jpg,rhois
gs://bugoff-bucket1/hinton/Insecta/GenusSpecies/Melaphis/rhois/Melaphis-rhois-9320178.jpg,rhois
gs://bugoff-bucket1/hinton/Insecta/GenusSpecies/Melaphis/rhois/Melaphis-rhois-9392623.jpg,rhois
gs://bugoff-bucket1/hinton/Insecta/GenusSpecies/Melaphis/rhois/Melaphis-rhois-979960.jpg,rhois
gs://bugoff-bucket1/hinton/Insecta/GenusSpecies/Mindarus/abietinus/Mindarus-abietinus-8682179.jpg,abietinus
gs://bugoff-bucket1/hinton/Insecta/GenusSpecies/Myzus/cerasi/Myzus-cerasi-8019684.jpg,cerasi
gs://bugoff-bucket1/hinton/Insecta/GenusSpecies/Myzus/persicae/Myzus-persicae-8141276.jpg,persicae
gs://bugoff-bucket1/hinton/Insecta/GenusSpecies/Myzus/persicae/Myzus-persicae-8787770.jpg,persicae
gs://bugoff-bucket1/hinton/Insecta/GenusSpecies/Myzus/persicae/Myzus-persicae-9344217.jpg,persicae
gs://bugoff-bucket1/hinton/Insecta/GenusSpecies/Neophyllaphis/totarae/Neophyllaphis-totarae-8379443.jpg,totarae
gs://bugoff-bucket1/hinton/Insecta/GenusSpecies/Neotoxoptera/formosana/Neotoxoptera-formosana-8170544.jpg,formosana
gs://bugoff-bucket1/hinton/Insecta/GenusSpecies/Obtusicauda/coweni/Obtusicauda-coweni-8185805.jpg,coweni
gs://bugoff-bucket1/hinton/Insecta/GenusSpecies/Pemphigus/bursarius/Pemphigus-bursarius-8161759.jpg,bursarius
gs://bugoff-bucket1/hinton/Insecta/GenusSpecies/Pemphigus/bursarius/Pemphigus-bursarius-9012593.jpg,bursarius
gs://bugoff-bucket1/hinton/Insecta/GenusSpecies/Pemphigus/populicaulis/Pemphigus-populicaulis-958408.jpg,populicaulis
gs://bugoff-bucket1/hinton/Insecta/GenusSpecies/Pemphigus/populitransversus/Pemphigus-populitransversus-8375241.jpg,populitransversus
gs://bugoff-bucket1/hinton/Insecta/GenusSpecies/Pemphigus/populitransversus/Pemphigus-populitransversus-9023586.jpg,populitransversus
gs://bugoff-bucket1/hinton/Insecta/GenusSpecies/Pemphigus/populitransversus/Pemphigus-populitransversus-9620174.jpg,populitransversus
gs://bugoff-bucket1/hinton/Insecta/GenusSpecies/Pemphigus/rileyi/Pemphigus-rileyi-8111052.jpg,rileyi
gs://bugoff-bucket1/hinton/Insecta/GenusSpecies/Phyllaphis/fagi/Phyllaphis-fagi-905404.jpg,fagi
gs://bugoff-bucket1/hinton/Insecta/GenusSpecies/Pleotrichophorus/gnaphalodes/Pleotrichophorus-gnaphalodes-8073931.jpg,gnaphalodes
gs://bugoff-bucket1/hinton/Insecta/GenusSpecies/Prociphilus/tessellatus/Prociphilus-tessellatus-8370498.jpg,tessellatus
gs://bugoff-bucket1/hinton/Insecta/GenusSpecies/Prociphilus/tessellatus/Prociphilus-tessellatus-8514679.jpg,tessellatus
gs://bugoff-bucket1/hinton/Insecta/GenusSpecies/Prociphilus/tessellatus/Prociphilus-tessellatus-8537260.jpg,tessellatus
gs://bugoff-bucket1/hinton/Insecta/GenusSpecies/Prociphilus/tessellatus/Prociphilus-tessellatus-8555562.jpg,tessellatus
gs://bugoff-bucket1/hinton/Insecta/GenusSpecies/Prociphilus/tessellatus/Prociphilus-tessellatus-8561867.jpg,tessellatus
gs://bugoff-bucket1/hinton/Insecta/GenusSpecies/Prociphilus/tessellatus/Prociphilus-tessellatus-8592527.jpg,tessellatus
gs://bugoff-bucket1/hinton/Insecta/GenusSpecies/Prociphilus/tessellatus/Prociphilus-tessellatus-9155858.jpg,tessellatus
gs://bugoff-bucket1/hinton/Insecta/GenusSpecies/Prociphilus/tessellatus/Prociphilus-tessellatus-9158900.jpg,tessellatus
gs://bugoff-bucket1/hinton/Insecta/GenusSpecies/Prociphilus/tessellatus/Prociphilus-tessellatus-9188496.jpg,tessellatus
gs://bugoff-bucket1/hinton/Insecta/GenusSpecies/Prociphilus/tessellatus/Prociphilus-tessellatus-9634976.jpg,tessellatus
gs://bugoff-bucket1/hinton/Insecta/GenusSpecies/Rhopalosiphum/maidis/Rhopalosiphum-maidis-9517700.jpg,maidis
gs://bugoff-bucket1/hinton/Insecta/GenusSpecies/Rhopalosiphum/padi/Rhopalosiphum-padi-8463442.jpg,padi
gs://bugoff-bucket1/hinton/Insecta/GenusSpecies/Rhopalosiphum/padi/Rhopalosiphum-padi-9166375.jpg,padi
gs://bugoff-bucket1/hinton/Insecta/GenusSpecies/Rhopalosiphum/rufiabdominalis/Rhopalosiphum-rufiabdominalis-9512173.jpg,rufiabdominalis
gs://bugoff-bucket1/hinton/Insecta/GenusSpecies/Sarucallis/kahawaluokalani/Sarucallis-kahawaluokalani-8095842.jpg,kahawaluokalani
gs://bugoff-bucket1/hinton/Insecta/GenusSpecies/Sarucallis/kahawaluokalani/Sarucallis-kahawaluokalani-8296940.jpg,kahawaluokalani
gs://bugoff-bucket1/hinton/Insecta/GenusSpecies/Shivaphis/celti/Shivaphis-celti-8021496.jpg,celti
gs://bugoff-bucket1/hinton/Insecta/GenusSpecies/Shivaphis/celti/Shivaphis-celti-8284815.jpg,celti
gs://bugoff-bucket1/hinton/Insecta/GenusSpecies/Sipha/maydis/Sipha-maydis-8011784.jpg,maydis
gs://bugoff-bucket1/hinton/Insecta/GenusSpecies/Sipha/maydis/Sipha-maydis-8130755.jpg,maydis
gs://bugoff-bucket1/hinton/Insecta/GenusSpecies/Sipha/maydis/Sipha-maydis-9655044.jpg,maydis
gs://bugoff-bucket1/hinton/Insecta/GenusSpecies/Sitobion/luteum/Sitobion-luteum-8125416.jpg,luteum
gs://bugoff-bucket1/hinton/Insecta/GenusSpecies/Tamalia/coweni/Tamalia-coweni-8015155.jpg,coweni
gs://bugoff-bucket1/hinton/Insecta/GenusSpecies/Tamalia/coweni/Tamalia-coweni-8043679.jpg,coweni
gs://bugoff-bucket1/hinton/Insecta/GenusSpecies/Tamalia/coweni/Tamalia-coweni-8043809.jpg,coweni
gs://bugoff-bucket1/hinton/Insecta/GenusSpecies/Tamalia/coweni/Tamalia-coweni-8104454.jpg,coweni
gs://bugoff-bucket1/hinton/Insecta/GenusSpecies/Tamalia/coweni/Tamalia-coweni-8104501.jpg,coweni
gs://bugoff-bucket1/hinton/Insecta/GenusSpecies/Tamalia/coweni/Tamalia-coweni-8336522.jpg,coweni
gs://bugoff-bucket1/hinton/Insecta/GenusSpecies/Tamalia/coweni/Tamalia-coweni-8353443.jpg,coweni
gs://bugoff-bucket1/hinton/Insecta/GenusSpecies/Tamalia/coweni/Tamalia-coweni-8407395.jpg,coweni
gs://bugoff-bucket1/hinton/Insecta/GenusSpecies/Tamalia/coweni/Tamalia-coweni-8533844.jpg,coweni
gs://bugoff-bucket1/hinton/Insecta/GenusSpecies/Tamalia/coweni/Tamalia-coweni-859747.jpg,coweni
gs://bugoff-bucket1/hinton/Insecta/GenusSpecies/Tamalia/coweni/Tamalia-coweni-8687151.jpg,coweni
gs://bugoff-bucket1/hinton/Insecta/GenusSpecies/Tamalia/coweni/Tamalia-coweni-8749459.jpg,coweni
gs://bugoff-bucket1/hinton/Insecta/GenusSpecies/Tamalia/coweni/Tamalia-coweni-8791150.jpg,coweni
gs://bugoff-bucket1/hinton/Insecta/GenusSpecies/Tamalia/coweni/Tamalia-coweni-8796904.jpg,coweni
gs://bugoff-bucket1/hinton/Insecta/GenusSpecies/Tamalia/coweni/Tamalia-coweni-892862.jpg,coweni
gs://bugoff-bucket1/hinton/Insecta/GenusSpecies/Tamalia/coweni/Tamalia-coweni-9056473.jpg,coweni
gs://bugoff-bucket1/hinton/Insecta/GenusSpecies/Tamalia/coweni/Tamalia-coweni-9336024.jpg,coweni
gs://bugoff-bucket1/hinton/Insecta/GenusSpecies/Tamalia/coweni/Tamalia-coweni-9396557.jpg,coweni
gs://bugoff-bucket1/hinton/Insecta/GenusSpecies/Tamalia/coweni/Tamalia-coweni-9460378.jpg,coweni
gs://bugoff-bucket1/hinton/Insecta/GenusSpecies/Tamalia/coweni/Tamalia-coweni-966409.jpg,coweni
gs://bugoff-bucket1/hinton/Insecta/GenusSpecies/Tamalia/coweni/Tamalia-coweni-971098.jpg,coweni
gs://bugoff-bucket1/hinton/Insecta/GenusSpecies/Tamalia/coweni/Tamalia-coweni-976367.jpg,coweni
gs://bugoff-bucket1/hinton/Insecta/GenusSpecies/Tetraneura/ulmi/Tetraneura-ulmi-8042448.jpg,ulmi
gs://bugoff-bucket1/hinton/Insecta/GenusSpecies/Tetraneura/ulmi/Tetraneura-ulmi-8146800.jpg,ulmi
gs://bugoff-bucket1/hinton/Insecta/GenusSpecies/Tetraneura/ulmi/Tetraneura-ulmi-8307876.jpg,ulmi
gs://bugoff-bucket1/hinton/Insecta/GenusSpecies/Tetraneura/ulmi/Tetraneura-ulmi-8369277.jpg,ulmi
gs://bugoff-bucket1/hinton/Insecta/GenusSpecies/Tetraneura/ulmi/Tetraneura-ulmi-8418908.jpg,ulmi
gs://bugoff-bucket1/hinton/Insecta/GenusSpecies/Tetraneura/ulmi/Tetraneura-ulmi-8430104.jpg,ulmi
gs://bugoff-bucket1/hinton/Insecta/GenusSpecies/Tetraneura/ulmi/Tetraneura-ulmi-8448314.jpg,ulmi
gs://bugoff-bucket1/hinton/Insecta/GenusSpecies/Tetraneura/ulmi/Tetraneura-ulmi-8506677.jpg,ulmi
gs://bugoff-bucket1/hinton/Insecta/GenusSpecies/Tetraneura/ulmi/Tetraneura-ulmi-8701458.jpg,ulmi
gs://bugoff-bucket1/hinton/Insecta/GenusSpecies/Tetraneura/ulmi/Tetraneura-ulmi-9183390.jpg,ulmi
gs://bugoff-bucket1/hinton/Insecta/GenusSpecies/Tetraneura/ulmi/Tetraneura-ulmi-9287986.jpg,ulmi
gs://bugoff-bucket1/hinton/Insecta/GenusSpecies/Therioaphis/trifolii/Therioaphis-trifolii-9213511.jpg,trifolii
gs://bugoff-bucket1/hinton/Insecta/GenusSpecies/Tinocallis/saltans/Tinocallis-saltans-9060339.jpg,saltans
gs://bugoff-bucket1/hinton/Insecta/GenusSpecies/Tinocallis/ulmiparvifoliae/Tinocallis-ulmiparvifoliae-8047618.jpg,ulmiparvifoliae
gs://bugoff-bucket1/hinton/Insecta/GenusSpecies/Tuberolachnus/salignus/Tuberolachnus-salignus-8111763.jpg,salignus
gs://bugoff-bucket1/hinton/Insecta/GenusSpecies/Tuberolachnus/salignus/Tuberolachnus-salignus-8299272.jpg,salignus
gs://bugoff-bucket1/hinton/Insecta/GenusSpecies/Tuberolachnus/salignus/Tuberolachnus-salignus-8998301.jpg,salignus
gs://bugoff-bucket1/hinton/Insecta/GenusSpecies/Tuberolachnus/salignus/Tuberolachnus-salignus-9497916.jpg,salignus
gs://bugoff-bucket1/hinton/Insecta/GenusSpecies/Uroleucon/doellingeriae/Uroleucon-doellingeriae-8864091.jpg,doellingeriae
gs://bugoff-bucket1/hinton/Insecta/GenusSpecies/Uroleucon/helianthicola/Uroleucon-helianthicola-9599000.jpg,helianthicola
gs://bugoff-bucket1/hinton/Insecta/GenusSpecies/Uroleucon/inulae/Uroleucon-inulae-8261557.jpg,inulae
gs://bugoff-bucket1/hinton/Insecta/GenusSpecies/Uroleucon/nigrotuberculatum/Uroleucon-nigrotuberculatum-8341457.jpg,nigrotuberculatum
gs://bugoff-bucket1/hinton/Insecta/GenusSpecies/Uroleucon/nigrotuberculatum/Uroleucon-nigrotuberculatum-8530378.jpg,nigrotuberculatum
gs://bugoff-bucket1/hinton/Insecta/GenusSpecies/Uroleucon/nigrotuberculatum/Uroleucon-nigrotuberculatum-8639049.jpg,nigrotuberculatum
gs://bugoff-bucket1/hinton/Insecta/GenusSpecies/Uroleucon/nigrotuberculatum/Uroleucon-nigrotuberculatum-8830353.jpg,nigrotuberculatum
gs://bugoff-bucket1/hinton/Insecta/GenusSpecies/Uroleucon/nigrotuberculatum/Uroleucon-nigrotuberculatum-8891353.jpg,nigrotuberculatum
gs://bugoff-bucket1/hinton/Insecta/GenusSpecies/Uroleucon/nigrotuberculatum/Uroleucon-nigrotuberculatum-993819.jpg,nigrotuberculatum
gs://bugoff-bucket1/hinton/Insecta/GenusSpecies/Uroleucon/picridis/Uroleucon-picridis-9512018.jpg,picridis
gs://bugoff-bucket1/hinton/Insecta/GenusSpecies/Uroleucon/rudbeckiae/Uroleucon-rudbeckiae-8166278.jpg,rudbeckiae
gs://bugoff-bucket1/hinton/Insecta/GenusSpecies/Uroleucon/rudbeckiae/Uroleucon-rudbeckiae-8459687.jpg,rudbeckiae
gs://bugoff-bucket1/hinton/Insecta/GenusSpecies/Uroleucon/rudbeckiae/Uroleucon-rudbeckiae-8494282.jpg,rudbeckiae
gs://bugoff-bucket1/hinton/Insecta/GenusSpecies/Uroleucon/rudbeckiae/Uroleucon-rudbeckiae-8639394.jpg,rudbeckiae
gs://bugoff-bucket1/hinton/Insecta/GenusSpecies/Uroleucon/rudbeckiae/Uroleucon-rudbeckiae-8833518.jpg,rudbeckiae
gs://bugoff-bucket1/hinton/Insecta/GenusSpecies/Uroleucon/rudbeckiae/Uroleucon-rudbeckiae-8948926.jpg,rudbeckiae
gs://bugoff-bucket1/hinton/Insecta/GenusSpecies/Uroleucon/rudbeckiae/Uroleucon-rudbeckiae-9168154.jpg,rudbeckiae
gs://bugoff-bucket1/hinton/Insecta/GenusSpecies/Uroleucon/rudbeckiae/Uroleucon-rudbeckiae-9281361.jpg,rudbeckiae
gs://bugoff-bucket1/hinton/Insecta/GenusSpecies/Uroleucon/rudbeckiae/Uroleucon-rudbeckiae-9628451.jpg,rudbeckiae
gs://bugoff-bucket1/hinton/Insecta/GenusSpecies/Uroleucon/sonchi/Uroleucon-sonchi-8191896.jpg,sonchi
gs://bugoff-bucket1/hinton/Insecta/GenusSpecies/Uroleucon/sonchi/Uroleucon-sonchi-8478029.jpg,sonchi
gs://bugoff-bucket1/hinton/Insecta/GenusSpecies/Uroleucon/sonchi/Uroleucon-sonchi-8480290.jpg,sonchi
gs://bugoff-bucket1/hinton/Insecta/GenusSpecies/Uroleucon/sonchi/Uroleucon-sonchi-8995327.jpg,sonchi
gs://bugoff-bucket1/hinton/Insecta/GenusSpecies/Uroleucon/telekiae/Uroleucon-telekiae-895152.jpg,telekiae
