gs://bugoff-bucket1/hinton/Insecta/GenusSpecies/Hoplia/argentea/Hoplia-argentea-1624538.jpg,argentea
gs://bugoff-bucket1/hinton/Insecta/GenusSpecies/Hoplia/argentea/Hoplia-argentea-2062164.jpg,argentea
gs://bugoff-bucket1/hinton/Insecta/GenusSpecies/Hoplia/argentea/Hoplia-argentea-2090649.jpg,argentea
gs://bugoff-bucket1/hinton/Insecta/GenusSpecies/Hoplia/argentea/Hoplia-argentea-4115218.jpg,argentea
gs://bugoff-bucket1/hinton/Insecta/GenusSpecies/Hoplia/argentea/Hoplia-argentea-7562000.jpg,argentea
gs://bugoff-bucket1/hinton/Insecta/GenusSpecies/Hoplia/argentea/Hoplia-argentea-7562018.jpg,argentea
gs://bugoff-bucket1/hinton/Insecta/GenusSpecies/Hoplia/callipyge/Hoplia-callipyge-1780645.jpg,callipyge
gs://bugoff-bucket1/hinton/Insecta/GenusSpecies/Hoplia/callipyge/Hoplia-callipyge-1803720.jpg,callipyge
gs://bugoff-bucket1/hinton/Insecta/GenusSpecies/Hoplia/callipyge/Hoplia-callipyge-31820.jpg,callipyge
gs://bugoff-bucket1/hinton/Insecta/GenusSpecies/Hoplia/callipyge/Hoplia-callipyge-33385.jpg,callipyge
gs://bugoff-bucket1/hinton/Insecta/GenusSpecies/Hoplia/callipyge/Hoplia-callipyge-3418833.jpg,callipyge
gs://bugoff-bucket1/hinton/Insecta/GenusSpecies/Hoplia/callipyge/Hoplia-callipyge-3676348.jpg,callipyge
gs://bugoff-bucket1/hinton/Insecta/GenusSpecies/Hoplia/callipyge/Hoplia-callipyge-732140.jpg,callipyge
gs://bugoff-bucket1/hinton/Insecta/GenusSpecies/Hoplia/coerulea/Hoplia-coerulea-1017603.jpg,coerulea
gs://bugoff-bucket1/hinton/Insecta/GenusSpecies/Hoplia/coerulea/Hoplia-coerulea-1056010.jpg,coerulea
gs://bugoff-bucket1/hinton/Insecta/GenusSpecies/Hoplia/coerulea/Hoplia-coerulea-3418350.jpg,coerulea
gs://bugoff-bucket1/hinton/Insecta/GenusSpecies/Hoplia/coerulea/Hoplia-coerulea-5862677.jpg,coerulea
gs://bugoff-bucket1/hinton/Insecta/GenusSpecies/Hoplia/coerulea/Hoplia-coerulea-6000681.jpg,coerulea
gs://bugoff-bucket1/hinton/Insecta/GenusSpecies/Hoplia/coerulea/Hoplia-coerulea-6295812.jpg,coerulea
gs://bugoff-bucket1/hinton/Insecta/GenusSpecies/Hoplia/coerulea/Hoplia-coerulea-6295821.jpg,coerulea
gs://bugoff-bucket1/hinton/Insecta/GenusSpecies/Hoplia/coerulea/Hoplia-coerulea-691170.jpg,coerulea
gs://bugoff-bucket1/hinton/Insecta/GenusSpecies/Hoplia/dispar/Hoplia-dispar-2086020.jpg,dispar
gs://bugoff-bucket1/hinton/Insecta/GenusSpecies/Hoplia/fasciculatum/Hoplia-fasciculatum-7487962.jpg,fasciculatum
gs://bugoff-bucket1/hinton/Insecta/GenusSpecies/Hoplia/fasciculatus/Hoplia-fasciculatus-7497243.jpg,fasciculatus
gs://bugoff-bucket1/hinton/Insecta/GenusSpecies/Hoplia/leptosepala/Hoplia-leptosepala-4347682.jpg,leptosepala
gs://bugoff-bucket1/hinton/Insecta/GenusSpecies/Hoplia/modesta/Hoplia-modesta-5384014.jpg,modesta
gs://bugoff-bucket1/hinton/Insecta/GenusSpecies/Hoplia/philanthus/Hoplia-philanthus-2139266.jpg,philanthus
gs://bugoff-bucket1/hinton/Insecta/GenusSpecies/Hoplia/sackenii/Hoplia-sackenii-3450849.jpg,sackenii
gs://bugoff-bucket1/hinton/Insecta/GenusSpecies/Hoplia/sackenii/Hoplia-sackenii-7328629.jpg,sackenii
gs://bugoff-bucket1/hinton/Insecta/GenusSpecies/Hoplia/trifasciata/Hoplia-trifasciata-1672271.jpg,trifasciata
gs://bugoff-bucket1/hinton/Insecta/GenusSpecies/Hoplia/trifasciata/Hoplia-trifasciata-4075300.jpg,trifasciata
gs://bugoff-bucket1/hinton/Insecta/GenusSpecies/Hoplia/trifasciata/Hoplia-trifasciata-4092486.jpg,trifasciata
gs://bugoff-bucket1/hinton/Insecta/GenusSpecies/Hoplia/trifasciata/Hoplia-trifasciata-5384009.jpg,trifasciata
gs://bugoff-bucket1/hinton/Insecta/GenusSpecies/Hoplia/argentea/Hoplia-argentea-1624538.jpg,argentea
gs://bugoff-bucket1/hinton/Insecta/GenusSpecies/Hoplia/argentea/Hoplia-argentea-2062164.jpg,argentea
gs://bugoff-bucket1/hinton/Insecta/GenusSpecies/Hoplia/argentea/Hoplia-argentea-2090649.jpg,argentea
gs://bugoff-bucket1/hinton/Insecta/GenusSpecies/Hoplia/argentea/Hoplia-argentea-4115218.jpg,argentea
gs://bugoff-bucket1/hinton/Insecta/GenusSpecies/Hoplia/argentea/Hoplia-argentea-7562000.jpg,argentea
gs://bugoff-bucket1/hinton/Insecta/GenusSpecies/Hoplia/argentea/Hoplia-argentea-7562018.jpg,argentea
gs://bugoff-bucket1/hinton/Insecta/GenusSpecies/Hoplia/callipyge/Hoplia-callipyge-1780645.jpg,callipyge
gs://bugoff-bucket1/hinton/Insecta/GenusSpecies/Hoplia/callipyge/Hoplia-callipyge-1803720.jpg,callipyge
gs://bugoff-bucket1/hinton/Insecta/GenusSpecies/Hoplia/callipyge/Hoplia-callipyge-31820.jpg,callipyge
gs://bugoff-bucket1/hinton/Insecta/GenusSpecies/Hoplia/callipyge/Hoplia-callipyge-33385.jpg,callipyge
gs://bugoff-bucket1/hinton/Insecta/GenusSpecies/Hoplia/callipyge/Hoplia-callipyge-3418833.jpg,callipyge
gs://bugoff-bucket1/hinton/Insecta/GenusSpecies/Hoplia/callipyge/Hoplia-callipyge-3676348.jpg,callipyge
gs://bugoff-bucket1/hinton/Insecta/GenusSpecies/Hoplia/callipyge/Hoplia-callipyge-732140.jpg,callipyge
gs://bugoff-bucket1/hinton/Insecta/GenusSpecies/Hoplia/coerulea/Hoplia-coerulea-1017603.jpg,coerulea
gs://bugoff-bucket1/hinton/Insecta/GenusSpecies/Hoplia/coerulea/Hoplia-coerulea-1056010.jpg,coerulea
gs://bugoff-bucket1/hinton/Insecta/GenusSpecies/Hoplia/coerulea/Hoplia-coerulea-3418350.jpg,coerulea
gs://bugoff-bucket1/hinton/Insecta/GenusSpecies/Hoplia/coerulea/Hoplia-coerulea-5862677.jpg,coerulea
gs://bugoff-bucket1/hinton/Insecta/GenusSpecies/Hoplia/coerulea/Hoplia-coerulea-6000681.jpg,coerulea
gs://bugoff-bucket1/hinton/Insecta/GenusSpecies/Hoplia/coerulea/Hoplia-coerulea-6295812.jpg,coerulea
gs://bugoff-bucket1/hinton/Insecta/GenusSpecies/Hoplia/coerulea/Hoplia-coerulea-6295821.jpg,coerulea
gs://bugoff-bucket1/hinton/Insecta/GenusSpecies/Hoplia/coerulea/Hoplia-coerulea-691170.jpg,coerulea
gs://bugoff-bucket1/hinton/Insecta/GenusSpecies/Hoplia/dispar/Hoplia-dispar-2086020.jpg,dispar
gs://bugoff-bucket1/hinton/Insecta/GenusSpecies/Hoplia/fasciculatum/Hoplia-fasciculatum-7487962.jpg,fasciculatum
gs://bugoff-bucket1/hinton/Insecta/GenusSpecies/Hoplia/fasciculatus/Hoplia-fasciculatus-7497243.jpg,fasciculatus
gs://bugoff-bucket1/hinton/Insecta/GenusSpecies/Hoplia/leptosepala/Hoplia-leptosepala-4347682.jpg,leptosepala
gs://bugoff-bucket1/hinton/Insecta/GenusSpecies/Hoplia/modesta/Hoplia-modesta-5384014.jpg,modesta
gs://bugoff-bucket1/hinton/Insecta/GenusSpecies/Hoplia/philanthus/Hoplia-philanthus-2139266.jpg,philanthus
gs://bugoff-bucket1/hinton/Insecta/GenusSpecies/Hoplia/sackenii/Hoplia-sackenii-3450849.jpg,sackenii
gs://bugoff-bucket1/hinton/Insecta/GenusSpecies/Hoplia/sackenii/Hoplia-sackenii-7328629.jpg,sackenii
gs://bugoff-bucket1/hinton/Insecta/GenusSpecies/Hoplia/trifasciata/Hoplia-trifasciata-1672271.jpg,trifasciata
gs://bugoff-bucket1/hinton/Insecta/GenusSpecies/Hoplia/trifasciata/Hoplia-trifasciata-4075300.jpg,trifasciata
gs://bugoff-bucket1/hinton/Insecta/GenusSpecies/Hoplia/trifasciata/Hoplia-trifasciata-4092486.jpg,trifasciata
gs://bugoff-bucket1/hinton/Insecta/GenusSpecies/Hoplia/trifasciata/Hoplia-trifasciata-5384009.jpg,trifasciata
