gs://bugoff-bucket1/hinton/Insecta/GenusSpecies/Phanaeus/adonis/Phanaeus-adonis-9049391.jpg,adonis
gs://bugoff-bucket1/hinton/Insecta/GenusSpecies/Phanaeus/adonis/Phanaeus-adonis-978037.jpg,adonis
gs://bugoff-bucket1/hinton/Insecta/GenusSpecies/Phanaeus/amethystinus/Phanaeus-amethystinus-8207034.jpg,amethystinus
gs://bugoff-bucket1/hinton/Insecta/GenusSpecies/Phanaeus/amethystinus/Phanaeus-amethystinus-8207119.jpg,amethystinus
gs://bugoff-bucket1/hinton/Insecta/GenusSpecies/Phanaeus/amethystinus/Phanaeus-amethystinus-8891574.jpg,amethystinus
gs://bugoff-bucket1/hinton/Insecta/GenusSpecies/Phanaeus/amethystinus/Phanaeus-amethystinus-8891596.jpg,amethystinus
gs://bugoff-bucket1/hinton/Insecta/GenusSpecies/Phanaeus/amithaon/Phanaeus-amithaon-8749544.jpg,amithaon
gs://bugoff-bucket1/hinton/Insecta/GenusSpecies/Phanaeus/amithaon/Phanaeus-amithaon-8907284.jpg,amithaon
gs://bugoff-bucket1/hinton/Insecta/GenusSpecies/Phanaeus/demon/Phanaeus-demon-8207314.jpg,demon
gs://bugoff-bucket1/hinton/Insecta/GenusSpecies/Phanaeus/demon/Phanaeus-demon-8207335.jpg,demon
gs://bugoff-bucket1/hinton/Insecta/GenusSpecies/Phanaeus/demon/Phanaeus-demon-8207409.jpg,demon
gs://bugoff-bucket1/hinton/Insecta/GenusSpecies/Phanaeus/demon/Phanaeus-demon-8207454.jpg,demon
gs://bugoff-bucket1/hinton/Insecta/GenusSpecies/Phanaeus/demon/Phanaeus-demon-8208634.jpg,demon
gs://bugoff-bucket1/hinton/Insecta/GenusSpecies/Phanaeus/demon/Phanaeus-demon-8208721.jpg,demon
gs://bugoff-bucket1/hinton/Insecta/GenusSpecies/Phanaeus/difformis/Phanaeus-difformis-813922.jpg,difformis
gs://bugoff-bucket1/hinton/Insecta/GenusSpecies/Phanaeus/difformis/Phanaeus-difformis-939823.jpg,difformis
gs://bugoff-bucket1/hinton/Insecta/GenusSpecies/Phanaeus/difformis/Phanaeus-difformis-955059.jpg,difformis
gs://bugoff-bucket1/hinton/Insecta/GenusSpecies/Phanaeus/eximius/Phanaeus-eximius-8208800.jpg,eximius
gs://bugoff-bucket1/hinton/Insecta/GenusSpecies/Phanaeus/eximius/Phanaeus-eximius-8208823.jpg,eximius
gs://bugoff-bucket1/hinton/Insecta/GenusSpecies/Phanaeus/eximius/Phanaeus-eximius-8208853.jpg,eximius
gs://bugoff-bucket1/hinton/Insecta/GenusSpecies/Phanaeus/pyrois/Phanaeus-pyrois-8207166.jpg,pyrois
gs://bugoff-bucket1/hinton/Insecta/GenusSpecies/Phanaeus/pyrois/Phanaeus-pyrois-8207195.jpg,pyrois
gs://bugoff-bucket1/hinton/Insecta/GenusSpecies/Phanaeus/pyrois/Phanaeus-pyrois-8207240.jpg,pyrois
gs://bugoff-bucket1/hinton/Insecta/GenusSpecies/Phanaeus/pyrois/Phanaeus-pyrois-8207267.jpg,pyrois
gs://bugoff-bucket1/hinton/Insecta/GenusSpecies/Phanaeus/pyrois/Phanaeus-pyrois-8207287.jpg,pyrois
gs://bugoff-bucket1/hinton/Insecta/GenusSpecies/Phanaeus/triangularis/Phanaeus-triangularis-8333268.jpg,triangularis
gs://bugoff-bucket1/hinton/Insecta/GenusSpecies/Phanaeus/triangularis/Phanaeus-triangularis-8881396.jpg,triangularis
gs://bugoff-bucket1/hinton/Insecta/GenusSpecies/Phanaeus/triangularis/Phanaeus-triangularis-8884457.jpg,triangularis
gs://bugoff-bucket1/hinton/Insecta/GenusSpecies/Phanaeus/triangularis/Phanaeus-triangularis-8991002.jpg,triangularis
gs://bugoff-bucket1/hinton/Insecta/GenusSpecies/Phanaeus/triangularis/Phanaeus-triangularis-8993981.jpg,triangularis
gs://bugoff-bucket1/hinton/Insecta/GenusSpecies/Phanaeus/triangularis/Phanaeus-triangularis-9414162.jpg,triangularis
gs://bugoff-bucket1/hinton/Insecta/GenusSpecies/Phanaeus/vindex/Phanaeus-vindex-8076280.jpg,vindex
gs://bugoff-bucket1/hinton/Insecta/GenusSpecies/Phanaeus/vindex/Phanaeus-vindex-8292757.jpg,vindex
gs://bugoff-bucket1/hinton/Insecta/GenusSpecies/Phanaeus/vindex/Phanaeus-vindex-8389085.jpg,vindex
gs://bugoff-bucket1/hinton/Insecta/GenusSpecies/Phanaeus/vindex/Phanaeus-vindex-840801.jpg,vindex
gs://bugoff-bucket1/hinton/Insecta/GenusSpecies/Phanaeus/vindex/Phanaeus-vindex-8410281.jpg,vindex
gs://bugoff-bucket1/hinton/Insecta/GenusSpecies/Phanaeus/vindex/Phanaeus-vindex-841165.jpg,vindex
gs://bugoff-bucket1/hinton/Insecta/GenusSpecies/Phanaeus/vindex/Phanaeus-vindex-843969.jpg,vindex
gs://bugoff-bucket1/hinton/Insecta/GenusSpecies/Phanaeus/vindex/Phanaeus-vindex-8676846.jpg,vindex
gs://bugoff-bucket1/hinton/Insecta/GenusSpecies/Phanaeus/vindex/Phanaeus-vindex-878351.jpg,vindex
gs://bugoff-bucket1/hinton/Insecta/GenusSpecies/Phanaeus/vindex/Phanaeus-vindex-8794191.jpg,vindex
gs://bugoff-bucket1/hinton/Insecta/GenusSpecies/Phanaeus/vindex/Phanaeus-vindex-8795695.jpg,vindex
gs://bugoff-bucket1/hinton/Insecta/GenusSpecies/Phanaeus/vindex/Phanaeus-vindex-8801882.jpg,vindex
gs://bugoff-bucket1/hinton/Insecta/GenusSpecies/Phanaeus/vindex/Phanaeus-vindex-8837389.jpg,vindex
gs://bugoff-bucket1/hinton/Insecta/GenusSpecies/Phanaeus/vindex/Phanaeus-vindex-8858895.jpg,vindex
gs://bugoff-bucket1/hinton/Insecta/GenusSpecies/Phanaeus/vindex/Phanaeus-vindex-8867900.jpg,vindex
gs://bugoff-bucket1/hinton/Insecta/GenusSpecies/Phanaeus/vindex/Phanaeus-vindex-9006215.jpg,vindex
gs://bugoff-bucket1/hinton/Insecta/GenusSpecies/Phanaeus/vindex/Phanaeus-vindex-9066712.jpg,vindex
gs://bugoff-bucket1/hinton/Insecta/GenusSpecies/Phanaeus/vindex/Phanaeus-vindex-9098004.jpg,vindex
gs://bugoff-bucket1/hinton/Insecta/GenusSpecies/Phanaeus/vindex/Phanaeus-vindex-9116872.jpg,vindex
gs://bugoff-bucket1/hinton/Insecta/GenusSpecies/Phanaeus/vindex/Phanaeus-vindex-9130123.jpg,vindex
gs://bugoff-bucket1/hinton/Insecta/GenusSpecies/Phanaeus/vindex/Phanaeus-vindex-9151976.jpg,vindex
gs://bugoff-bucket1/hinton/Insecta/GenusSpecies/Phanaeus/vindex/Phanaeus-vindex-9157111.jpg,vindex
gs://bugoff-bucket1/hinton/Insecta/GenusSpecies/Phanaeus/vindex/Phanaeus-vindex-9347101.jpg,vindex
gs://bugoff-bucket1/hinton/Insecta/GenusSpecies/Phanaeus/vindex/Phanaeus-vindex-9355943.jpg,vindex
gs://bugoff-bucket1/hinton/Insecta/GenusSpecies/Phanaeus/vindex/Phanaeus-vindex-9429854.jpg,vindex
gs://bugoff-bucket1/hinton/Insecta/GenusSpecies/Phanaeus/vindex/Phanaeus-vindex-9437674.jpg,vindex
gs://bugoff-bucket1/hinton/Insecta/GenusSpecies/Phanaeus/vindex/Phanaeus-vindex-9528636.jpg,vindex
gs://bugoff-bucket1/hinton/Insecta/GenusSpecies/Phanaeus/vindex/Phanaeus-vindex-9578037.jpg,vindex
gs://bugoff-bucket1/hinton/Insecta/GenusSpecies/Phanaeus/wagneri/Phanaeus-wagneri-8208883.jpg,wagneri
gs://bugoff-bucket1/hinton/Insecta/GenusSpecies/Phanaeus/wagneri/Phanaeus-wagneri-8208906.jpg,wagneri
gs://bugoff-bucket1/hinton/Insecta/GenusSpecies/Phanaeus/wagneri/Phanaeus-wagneri-8208939.jpg,wagneri
gs://bugoff-bucket1/hinton/Insecta/GenusSpecies/Phanaeus/wagneri/Phanaeus-wagneri-8208961.jpg,wagneri
gs://bugoff-bucket1/hinton/Insecta/GenusSpecies/Phanaeus/adonis/Phanaeus-adonis-9049391.jpg,adonis
gs://bugoff-bucket1/hinton/Insecta/GenusSpecies/Phanaeus/adonis/Phanaeus-adonis-978037.jpg,adonis
gs://bugoff-bucket1/hinton/Insecta/GenusSpecies/Phanaeus/amethystinus/Phanaeus-amethystinus-8207034.jpg,amethystinus
gs://bugoff-bucket1/hinton/Insecta/GenusSpecies/Phanaeus/amethystinus/Phanaeus-amethystinus-8207119.jpg,amethystinus
gs://bugoff-bucket1/hinton/Insecta/GenusSpecies/Phanaeus/amethystinus/Phanaeus-amethystinus-8891574.jpg,amethystinus
gs://bugoff-bucket1/hinton/Insecta/GenusSpecies/Phanaeus/amethystinus/Phanaeus-amethystinus-8891596.jpg,amethystinus
gs://bugoff-bucket1/hinton/Insecta/GenusSpecies/Phanaeus/amithaon/Phanaeus-amithaon-8749544.jpg,amithaon
gs://bugoff-bucket1/hinton/Insecta/GenusSpecies/Phanaeus/amithaon/Phanaeus-amithaon-8907284.jpg,amithaon
gs://bugoff-bucket1/hinton/Insecta/GenusSpecies/Phanaeus/demon/Phanaeus-demon-8207314.jpg,demon
gs://bugoff-bucket1/hinton/Insecta/GenusSpecies/Phanaeus/demon/Phanaeus-demon-8207335.jpg,demon
gs://bugoff-bucket1/hinton/Insecta/GenusSpecies/Phanaeus/demon/Phanaeus-demon-8207409.jpg,demon
gs://bugoff-bucket1/hinton/Insecta/GenusSpecies/Phanaeus/demon/Phanaeus-demon-8207454.jpg,demon
gs://bugoff-bucket1/hinton/Insecta/GenusSpecies/Phanaeus/demon/Phanaeus-demon-8208634.jpg,demon
gs://bugoff-bucket1/hinton/Insecta/GenusSpecies/Phanaeus/demon/Phanaeus-demon-8208721.jpg,demon
gs://bugoff-bucket1/hinton/Insecta/GenusSpecies/Phanaeus/difformis/Phanaeus-difformis-813922.jpg,difformis
gs://bugoff-bucket1/hinton/Insecta/GenusSpecies/Phanaeus/difformis/Phanaeus-difformis-939823.jpg,difformis
gs://bugoff-bucket1/hinton/Insecta/GenusSpecies/Phanaeus/difformis/Phanaeus-difformis-955059.jpg,difformis
gs://bugoff-bucket1/hinton/Insecta/GenusSpecies/Phanaeus/eximius/Phanaeus-eximius-8208800.jpg,eximius
gs://bugoff-bucket1/hinton/Insecta/GenusSpecies/Phanaeus/eximius/Phanaeus-eximius-8208823.jpg,eximius
gs://bugoff-bucket1/hinton/Insecta/GenusSpecies/Phanaeus/eximius/Phanaeus-eximius-8208853.jpg,eximius
gs://bugoff-bucket1/hinton/Insecta/GenusSpecies/Phanaeus/pyrois/Phanaeus-pyrois-8207166.jpg,pyrois
gs://bugoff-bucket1/hinton/Insecta/GenusSpecies/Phanaeus/pyrois/Phanaeus-pyrois-8207195.jpg,pyrois
gs://bugoff-bucket1/hinton/Insecta/GenusSpecies/Phanaeus/pyrois/Phanaeus-pyrois-8207240.jpg,pyrois
gs://bugoff-bucket1/hinton/Insecta/GenusSpecies/Phanaeus/pyrois/Phanaeus-pyrois-8207267.jpg,pyrois
gs://bugoff-bucket1/hinton/Insecta/GenusSpecies/Phanaeus/pyrois/Phanaeus-pyrois-8207287.jpg,pyrois
gs://bugoff-bucket1/hinton/Insecta/GenusSpecies/Phanaeus/triangularis/Phanaeus-triangularis-8333268.jpg,triangularis
gs://bugoff-bucket1/hinton/Insecta/GenusSpecies/Phanaeus/triangularis/Phanaeus-triangularis-8881396.jpg,triangularis
gs://bugoff-bucket1/hinton/Insecta/GenusSpecies/Phanaeus/triangularis/Phanaeus-triangularis-8884457.jpg,triangularis
gs://bugoff-bucket1/hinton/Insecta/GenusSpecies/Phanaeus/triangularis/Phanaeus-triangularis-8991002.jpg,triangularis
gs://bugoff-bucket1/hinton/Insecta/GenusSpecies/Phanaeus/triangularis/Phanaeus-triangularis-8993981.jpg,triangularis
gs://bugoff-bucket1/hinton/Insecta/GenusSpecies/Phanaeus/triangularis/Phanaeus-triangularis-9414162.jpg,triangularis
gs://bugoff-bucket1/hinton/Insecta/GenusSpecies/Phanaeus/vindex/Phanaeus-vindex-8076280.jpg,vindex
gs://bugoff-bucket1/hinton/Insecta/GenusSpecies/Phanaeus/vindex/Phanaeus-vindex-8292757.jpg,vindex
gs://bugoff-bucket1/hinton/Insecta/GenusSpecies/Phanaeus/vindex/Phanaeus-vindex-8389085.jpg,vindex
gs://bugoff-bucket1/hinton/Insecta/GenusSpecies/Phanaeus/vindex/Phanaeus-vindex-840801.jpg,vindex
gs://bugoff-bucket1/hinton/Insecta/GenusSpecies/Phanaeus/vindex/Phanaeus-vindex-8410281.jpg,vindex
gs://bugoff-bucket1/hinton/Insecta/GenusSpecies/Phanaeus/vindex/Phanaeus-vindex-841165.jpg,vindex
gs://bugoff-bucket1/hinton/Insecta/GenusSpecies/Phanaeus/vindex/Phanaeus-vindex-843969.jpg,vindex
gs://bugoff-bucket1/hinton/Insecta/GenusSpecies/Phanaeus/vindex/Phanaeus-vindex-8676846.jpg,vindex
gs://bugoff-bucket1/hinton/Insecta/GenusSpecies/Phanaeus/vindex/Phanaeus-vindex-878351.jpg,vindex
gs://bugoff-bucket1/hinton/Insecta/GenusSpecies/Phanaeus/vindex/Phanaeus-vindex-8794191.jpg,vindex
gs://bugoff-bucket1/hinton/Insecta/GenusSpecies/Phanaeus/vindex/Phanaeus-vindex-8795695.jpg,vindex
gs://bugoff-bucket1/hinton/Insecta/GenusSpecies/Phanaeus/vindex/Phanaeus-vindex-8801882.jpg,vindex
gs://bugoff-bucket1/hinton/Insecta/GenusSpecies/Phanaeus/vindex/Phanaeus-vindex-8837389.jpg,vindex
gs://bugoff-bucket1/hinton/Insecta/GenusSpecies/Phanaeus/vindex/Phanaeus-vindex-8858895.jpg,vindex
gs://bugoff-bucket1/hinton/Insecta/GenusSpecies/Phanaeus/vindex/Phanaeus-vindex-8867900.jpg,vindex
gs://bugoff-bucket1/hinton/Insecta/GenusSpecies/Phanaeus/vindex/Phanaeus-vindex-9006215.jpg,vindex
gs://bugoff-bucket1/hinton/Insecta/GenusSpecies/Phanaeus/vindex/Phanaeus-vindex-9066712.jpg,vindex
gs://bugoff-bucket1/hinton/Insecta/GenusSpecies/Phanaeus/vindex/Phanaeus-vindex-9098004.jpg,vindex
gs://bugoff-bucket1/hinton/Insecta/GenusSpecies/Phanaeus/vindex/Phanaeus-vindex-9116872.jpg,vindex
gs://bugoff-bucket1/hinton/Insecta/GenusSpecies/Phanaeus/vindex/Phanaeus-vindex-9130123.jpg,vindex
gs://bugoff-bucket1/hinton/Insecta/GenusSpecies/Phanaeus/vindex/Phanaeus-vindex-9151976.jpg,vindex
gs://bugoff-bucket1/hinton/Insecta/GenusSpecies/Phanaeus/vindex/Phanaeus-vindex-9157111.jpg,vindex
gs://bugoff-bucket1/hinton/Insecta/GenusSpecies/Phanaeus/vindex/Phanaeus-vindex-9347101.jpg,vindex
gs://bugoff-bucket1/hinton/Insecta/GenusSpecies/Phanaeus/vindex/Phanaeus-vindex-9355943.jpg,vindex
gs://bugoff-bucket1/hinton/Insecta/GenusSpecies/Phanaeus/vindex/Phanaeus-vindex-9429854.jpg,vindex
gs://bugoff-bucket1/hinton/Insecta/GenusSpecies/Phanaeus/vindex/Phanaeus-vindex-9437674.jpg,vindex
gs://bugoff-bucket1/hinton/Insecta/GenusSpecies/Phanaeus/vindex/Phanaeus-vindex-9528636.jpg,vindex
gs://bugoff-bucket1/hinton/Insecta/GenusSpecies/Phanaeus/vindex/Phanaeus-vindex-9578037.jpg,vindex
gs://bugoff-bucket1/hinton/Insecta/GenusSpecies/Phanaeus/wagneri/Phanaeus-wagneri-8208883.jpg,wagneri
gs://bugoff-bucket1/hinton/Insecta/GenusSpecies/Phanaeus/wagneri/Phanaeus-wagneri-8208906.jpg,wagneri
gs://bugoff-bucket1/hinton/Insecta/GenusSpecies/Phanaeus/wagneri/Phanaeus-wagneri-8208939.jpg,wagneri
gs://bugoff-bucket1/hinton/Insecta/GenusSpecies/Phanaeus/wagneri/Phanaeus-wagneri-8208961.jpg,wagneri
